,order_id,categoria,categoria_final
0,000e906b789b55f64edcb1f84030f90d,"['ELETRONICOS,INFORMATICA E AUDIO']","ELETRONICOS,INFORMATICA E AUDIO"
1,0017afd5076e074a48f1f1a4c7bac9c5,"['ELETRONICOS,INFORMATICA E AUDIO']","ELETRONICOS,INFORMATICA E AUDIO"
2,001c85b5f68d2be0cb0797afc9e8ce9a,['CASA E CONFORTO'],CASA E CONFORTO
3,001d8f0e34a38c37f7dba2a37d4eba8b,['MODA E BELEZA'],MODA E BELEZA
4,0030d783f979fbc5981e75613b057344,['CASA E CONFORTO'],CASA E CONFORTO
5,00324b3eda39ba5ecce3945823e3594c,"['AGRO, INDUSTRIA E NEGOCIOS']","AGRO, INDUSTRIA E NEGOCIOS"
6,0032d07457ae9c806c79368d7d9ce96b,['CASA E CONFORTO'],CASA E CONFORTO
7,00335b686d693c7d72deeb12f8e89227,['BRINQUEDOS E LAZER'],BRINQUEDOS E LAZER
8,003a94f778ef8cfd50247c8c1b582257,['FERRAMENTAS E CONSTRUCAO'],FERRAMENTAS E CONSTRUCAO
9,003d804eef0e1b856881cd18e0cc0d4c,['MODA E BELEZA'],MODA E BELEZA
10,003f201cdd39cdd59b6447cff2195456,"['ELETRONICOS,INFORMATICA E AUDIO']","ELETRONICOS,INFORMATICA E AUDIO"
11,00526a9d4ebde463baee25f386963ddc,['ALIMENTOS'],ALIMENTOS
12,005e5166e99d1e4d0c4f808b0540ba94,"['ELETRONICOS,INFORMATICA E AUDIO']","ELETRONICOS,INFORMATICA E AUDIO"
13,00685d31ae12e47470ba5c18ba74f22c,['MOVEIS E ELETRODOMESTICOS'],MOVEIS E ELETRODOMESTICOS
14,0084e195fbd72ae51599af47f04afede,"['ELETRONICOS,INFORMATICA E AUDIO']","ELETRONICOS,INFORMATICA E AUDIO"
15,008a1b3db2a8bf63418c2cf7c7f494b1,['MODA E BELEZA'],MODA E BELEZA
16,0094bd07f49fed90209ffa62d1ef26d6,['MODA E BELEZA'],MODA E BELEZA
17,0096668e5b0b8e9657a6f7209a4e58b4,['AUTOMOTIVO'],AUTOMOTIVO
18,009742b43f4530bc3db7f62332c50f4b,"['ELETRONICOS,INFORMATICA E AUDIO']","ELETRONICOS,INFORMATICA E AUDIO"
19,00a379dfab816a83741012b71b264098,"['LIVROS, MUSICA E PAPELARIA']","LIVROS, MUSICA E PAPELARIA"
20,00b9e0f8f588d0406a3de447eb606970,['CASA E CONFORTO'],CASA E CONFORTO
21,00bf1320ffb5fe47a845feca16c0e0b4,['MODA E BELEZA'],MODA E BELEZA
22,00c00d5b36157595e21108ba1da2828f,['MOVEIS E ELETRODOMESTICOS'],MOVEIS E ELETRODOMESTICOS
23,00d03eb3425f41a599ae2f788e23c07f,"['ELETRONICOS,INFORMATICA E AUDIO']","ELETRONICOS,INFORMATICA E AUDIO"
24,00d1289d5125017a90e528b5a7cee91f,['MODA E BELEZA'],MODA E BELEZA
25,00d50baf1bc56a3c59de1810a6b84b0d,['FERRAMENTAS E CONSTRUCAO'],FERRAMENTAS E CONSTRUCAO
26,00e054d0da011d5016f31011af488f4f,['BRINQUEDOS E LAZER'],BRINQUEDOS E LAZER
27,01015fb6493ea5b9ba105c80b5452da1,['CASA E CONFORTO'],CASA E CONFORTO
28,0115abf6b892040abfdd5bdfcb6b2c51,"['ELETRONICOS,INFORMATICA E AUDIO']","ELETRONICOS,INFORMATICA E AUDIO"
29,0115d160c5fbd758a139ff90821db60d,['FERRAMENTAS E CONSTRUCAO'],FERRAMENTAS E CONSTRUCAO
30,011fcb4fabb3e142579ad63472b11227,"['ELETRONICOS,INFORMATICA E AUDIO']","ELETRONICOS,INFORMATICA E AUDIO"
31,012670c73246a753cbde0a215c2b9e8f,"['ELETRONICOS,INFORMATICA E AUDIO']","ELETRONICOS,INFORMATICA E AUDIO"
32,0136bcc7370d7fdf44bd916a6dd583c6,['BRINQUEDOS E LAZER'],BRINQUEDOS E LAZER
33,013bc77d3ca5fba084a241fdcb307393,['CASA E CONFORTO'],CASA E CONFORTO
34,014e78d1239f19fdcafd760d3e52f923,"['ELETRONICOS,INFORMATICA E AUDIO']","ELETRONICOS,INFORMATICA E AUDIO"
35,016d1bdf6efab4f6b805df1c03043113,"['ELETRONICOS,INFORMATICA E AUDIO']","ELETRONICOS,INFORMATICA E AUDIO"
36,019d444bd00f1ccb4643de466f9a1525,"['AGRO, INDUSTRIA E NEGOCIOS']","AGRO, INDUSTRIA E NEGOCIOS"
37,019e03014ec20cc2e3b180cdcf90b4e8,['ARTES E DECORACAO'],ARTES E DECORACAO
38,01b15a896c5842077af2aaf4a9f94309,['PET SHOP'],PET SHOP
39,01b241fa1421c8284e8c1029a503360f,['FERRAMENTAS E CONSTRUCAO'],FERRAMENTAS E CONSTRUCAO
40,01b330808c5819a6a3cb79b72f0b8288,['BRINQUEDOS E LAZER'],BRINQUEDOS E LAZER
41,01b6d15407d425529cbf0ec96258cb84,['MOVEIS E ELETRODOMESTICOS'],MOVEIS E ELETRODOMESTICOS
42,01bc343311e5b8090b64d6ab287a5cf0,['CASA E CONFORTO'],CASA E CONFORTO
43,01c26a0b2736899633cfd6a3c1749428,['BEBES'],BEBES
44,01cbdb2a8c075eaf248af643b3389f73,['MODA E BELEZA'],MODA E BELEZA
45,01d48ed99667ce49eaeaa7980a31b987,"['ELETRONICOS,INFORMATICA E AUDIO']","ELETRONICOS,INFORMATICA E AUDIO"
46,01d95eed9163a292a6788ddac08bcf31,['CASA E CONFORTO'],CASA E CONFORTO
47,01f67ca8027e959060afd840aa06f465,['MODA E BELEZA'],MODA E BELEZA
48,021363783b521e9813dd62bbcb77d1dd,['MODA E BELEZA'],MODA E BELEZA
49,0229b2e398fde4545d32b5bb232973ad,"['ELETRONICOS,INFORMATICA E AUDIO']","ELETRONICOS,INFORMATICA E AUDIO"
50,02332b54c758506809fd87d9c2748086,['MODA E BELEZA'],MODA E BELEZA
51,02355020fd0a40a0d56df9f6ff060413,['MOVEIS E ELETRODOMESTICOS'],MOVEIS E ELETRODOMESTICOS
52,0241b276e1e2b1d6873473c44240b426,"['ELETRONICOS,INFORMATICA E AUDIO']","ELETRONICOS,INFORMATICA E AUDIO"
53,02440f65dc09737b491463739c347446,['MODA E BELEZA'],MODA E BELEZA
54,024a19cc498cc1a9efcf675d1ca465c3,['AUTOMOTIVO'],AUTOMOTIVO
55,024a74550cdbd36c0fe3955fc9e2bcf0,"['ELETRONICOS,INFORMATICA E AUDIO']","ELETRONICOS,INFORMATICA E AUDIO"
56,024ab991361d48e491b7dad2f172b43f,['MOVEIS E ELETRODOMESTICOS'],MOVEIS E ELETRODOMESTICOS
57,025830a006d984bf712a8c6a1eca41c0,['ARTES E DECORACAO'],ARTES E DECORACAO
58,0268c75309d105bb28b7523f57f46a69,['CASA E CONFORTO'],CASA E CONFORTO
59,026f3440c258a87c9f6fb9c8e1bbb6e7,"['ELETRONICOS,INFORMATICA E AUDIO']","ELETRONICOS,INFORMATICA E AUDIO"
60,0277fae7eda81470bf6c87dc570e267a,['MODA E BELEZA'],MODA E BELEZA
61,027a84a16c22c706669f35d578853f3e,['CASA E CONFORTO'],CASA E CONFORTO
62,02852b112ad108b3d2b3d4ee198d84a8,['CASA E CONFORTO'],CASA E CONFORTO
63,028d62c0fdae574114981f4fb33b5538,['MODA E BELEZA'],MODA E BELEZA
64,02a0f7101947ebb4e6d2ec4c1c929bbb,"['ELETRONICOS,INFORMATICA E AUDIO']","ELETRONICOS,INFORMATICA E AUDIO"
65,02a9c0d24428f373731752bcc9719ebe,['BRINQUEDOS E LAZER'],BRINQUEDOS E LAZER
66,02c84deb7aa1f2e74090d56a0ec84120,"['ELETRONICOS,INFORMATICA E AUDIO']","ELETRONICOS,INFORMATICA E AUDIO"
67,02cb37269f256232b81be588ef056c92,"['ELETRONICOS,INFORMATICA E AUDIO']","ELETRONICOS,INFORMATICA E AUDIO"
68,02d0cd05f04ab2e3c1acc473b0abc865,['MODA E BELEZA'],MODA E BELEZA
69,02df7a4137081ada2a06ac6e2bca6364,['BEBES'],BEBES
70,030aeef4719e9d33e0c39bd00a9a14be,['BEBES'],BEBES
71,031494323fa558eee8dd1bd06fc34713,"['ELETRONICOS,INFORMATICA E AUDIO']","ELETRONICOS,INFORMATICA E AUDIO"
72,031e7d4e559a1bf08e71a419aa998d0a,"['ELETRONICOS,INFORMATICA E AUDIO']","ELETRONICOS,INFORMATICA E AUDIO"
73,031f488d7e8549b5d8af94f5a3e9300e,['ARTES E DECORACAO'],ARTES E DECORACAO
74,032a688c9db451501788d95c7f794ed6,['MODA E BELEZA'],MODA E BELEZA
75,032b42b17fe9daa676ba9447f3dbbd0a,['MODA E BELEZA'],MODA E BELEZA
76,0347673d14e454a696bca6aebe61f23e,['BEBES'],BEBES
77,0350fc2d00f48ad8a74efdf4d2fd4bdc,['ARTES E DECORACAO'],ARTES E DECORACAO
78,0359008adff4c1def5a09bb92f7a5aa8,['MOVEIS E ELETRODOMESTICOS'],MOVEIS E ELETRODOMESTICOS
79,035bb18fd268637e7d91814bf5e27fd4,['MODA E BELEZA'],MODA E BELEZA
80,035d66b23a4bba74f8119f9ebe3458ee,"['ELETRONICOS,INFORMATICA E AUDIO']","ELETRONICOS,INFORMATICA E AUDIO"
81,03720fdc92032ee4abd471d172006ab0,['MOVEIS E ELETRODOMESTICOS'],MOVEIS E ELETRODOMESTICOS
82,037d59208a513ace896d132dc8c8a93d,['BEBES'],BEBES
83,0382be412d28f04f932ae97df15d634e,"['ELETRONICOS,INFORMATICA E AUDIO']","ELETRONICOS,INFORMATICA E AUDIO"
84,038345c4a9d21c17180f2f77e1701c69,['FERRAMENTAS E CONSTRUCAO'],FERRAMENTAS E CONSTRUCAO
85,039ec885e36627ae6353cfd42a41c5da,['MOVEIS E ELETRODOMESTICOS'],MOVEIS E ELETRODOMESTICOS
86,03af60619b8abd880dd136ed837be800,['MODA E BELEZA'],MODA E BELEZA
87,03b936f126145f2bb36600400aedb13a,['MOVEIS E ELETRODOMESTICOS'],MOVEIS E ELETRODOMESTICOS
88,03ba490d83feaba677aede829ff79db1,['CASA E CONFORTO'],CASA E CONFORTO
89,03bf6a245a6dfdc3cea6bb75ae4fa3d7,"['ELETRONICOS,INFORMATICA E AUDIO']","ELETRONICOS,INFORMATICA E AUDIO"
90,03c1fddd11851ddf712a2c28bd3df54a,['MODA E BELEZA'],MODA E BELEZA
91,03d0e68d9f396f3c4e69dbbb0abc3564,['BRINQUEDOS E LAZER'],BRINQUEDOS E LAZER
92,03dbf3a42789c67ed5e2198f08d997dc,['CASA E CONFORTO'],CASA E CONFORTO
93,03ea231452f07988edc699573fb971d7,['MOVEIS E ELETRODOMESTICOS'],MOVEIS E ELETRODOMESTICOS
94,04031be66943a9c385ff683fcc99d288,['MODA E BELEZA'],MODA E BELEZA
95,04064f81e71399939f72222d7c701c47,['BRINQUEDOS E LAZER'],BRINQUEDOS E LAZER
96,04116cd1278a6285625c664dc0d09594,['FERRAMENTAS E CONSTRUCAO'],FERRAMENTAS E CONSTRUCAO
97,042167409734e42b253083768c865409,['BRINQUEDOS E LAZER'],BRINQUEDOS E LAZER
98,043ba86e4e3f73fe5cb856f225fd8aa4,"['ELETRONICOS,INFORMATICA E AUDIO']","ELETRONICOS,INFORMATICA E AUDIO"
99,045797b656bf633566b0bcff412442a3,['MODA E BELEZA'],MODA E BELEZA
100,045acee11e62afca7764429c5710dac9,"['ELETRONICOS,INFORMATICA E AUDIO']","ELETRONICOS,INFORMATICA E AUDIO"
101,04626f2c41e6a49d4c2102a7d410797a,['MODA E BELEZA'],MODA E BELEZA
102,047d7bce997c4e73c6efe724711fd3b8,"['ELETRONICOS,INFORMATICA E AUDIO']","ELETRONICOS,INFORMATICA E AUDIO"
103,04a28263e085d399c97ae49e0b477efa,"['ELETRONICOS,INFORMATICA E AUDIO']","ELETRONICOS,INFORMATICA E AUDIO"
104,04b21593198275390ded3d92c6d9fd6a,['CASA E CONFORTO'],CASA E CONFORTO
105,04b23c68df88327f687ea03eb2f34d7e,['MOVEIS E ELETRODOMESTICOS'],MOVEIS E ELETRODOMESTICOS
106,04b9ffa87087a2450449da3911146316,['ARTES E DECORACAO'],ARTES E DECORACAO
107,04bef466ed85bb9eca9a6165d765574c,['MODA E BELEZA'],MODA E BELEZA
108,04dc24624a669b293bee03e97b344440,['MODA E BELEZA'],MODA E BELEZA
109,04e45523ce26353e6ba6a713afd77b82,"['ELETRONICOS,INFORMATICA E AUDIO']","ELETRONICOS,INFORMATICA E AUDIO"
110,04eef545c54d444825c506ba170a26bd,['BEBES'],BEBES
111,05095322e4f3619255e9450335966c33,['PET SHOP'],PET SHOP
112,05104976125ea1e5cc04bc1f506a436a,"['ELETRONICOS,INFORMATICA E AUDIO']","ELETRONICOS,INFORMATICA E AUDIO"
113,0512553e39efd59a9572ce7eebacd43a,['BRINQUEDOS E LAZER'],BRINQUEDOS E LAZER
114,0517a3e68dac3308995edca2144db36e,['MODA E BELEZA'],MODA E BELEZA
115,05297254c9e41d34c1a38f75ca8656d9,['MOVEIS E ELETRODOMESTICOS'],MOVEIS E ELETRODOMESTICOS
116,053228d082dcc4c3730e511ecd4c9fa0,['ARTES E DECORACAO'],ARTES E DECORACAO
117,0533030deeaf4b83feea1ea004f2ddb5,['CASA E CONFORTO'],CASA E CONFORTO
118,054db90b78e9a5af5983855572b4e6d8,['MODA E BELEZA'],MODA E BELEZA
119,055bef2dbc886956379d21a556e11ff9,['CASA E CONFORTO'],CASA E CONFORTO
120,055e121a8cefa5494be46fea4bd4f3ab,['MOVEIS E ELETRODOMESTICOS'],MOVEIS E ELETRODOMESTICOS
121,057e837e50171189a915cb17d4621e9f,"['ELETRONICOS,INFORMATICA E AUDIO']","ELETRONICOS,INFORMATICA E AUDIO"
122,059511087f2394ebd55a674537a7c2cc,"['ELETRONICOS,INFORMATICA E AUDIO']","ELETRONICOS,INFORMATICA E AUDIO"
123,05981a7bf1a18eb991af55a8a8dbdf83,"['ELETRONICOS,INFORMATICA E AUDIO']","ELETRONICOS,INFORMATICA E AUDIO"
124,059a35c89cb9ee5ba740d4ac2eb8a805,['BRINQUEDOS E LAZER'],BRINQUEDOS E LAZER
125,05a4879e7e161809c8bf4d8171b0c670,['BEBES'],BEBES
126,05a5771b1afac9163e7cc298fc97263a,['CASA E CONFORTO'],CASA E CONFORTO
127,05a8c94a9361d5496501f6577cf82841,"['ELETRONICOS,INFORMATICA E AUDIO']","ELETRONICOS,INFORMATICA E AUDIO"
128,05b45bd050b8c16805abca656246149b,['CASA E CONFORTO'],CASA E CONFORTO
129,05b7ab671d6b51e0b44ea73a54d9f739,['BRINQUEDOS E LAZER'],BRINQUEDOS E LAZER
130,05c60320bb28437325f2d6d67467d93c,['MOVEIS E ELETRODOMESTICOS'],MOVEIS E ELETRODOMESTICOS
131,05ddc7eac5c1d01a5412368354426943,['AUTOMOTIVO'],AUTOMOTIVO
132,05e18a6cef41f63dc86b7b254954dffc,['CASA E CONFORTO'],CASA E CONFORTO
133,05e756a9715655ae26d98822c44eac0e,['BRINQUEDOS E LAZER'],BRINQUEDOS E LAZER
134,05ed121680df9ec2f89d4dc29310333a,"['LIVROS, MUSICA E PAPELARIA']","LIVROS, MUSICA E PAPELARIA"
135,05f9e5c577faa3a272454a2ceed5c64d,['BEBES'],BEBES
136,05fb90958eaf5f1c3287acf11060525e,['MODA E BELEZA'],MODA E BELEZA
137,061304e42542425c8ff0be14d03126e4,['AUTOMOTIVO'],AUTOMOTIVO
138,06215d34c1ec4e1106eb12ae5fd0370f,"['ELETRONICOS,INFORMATICA E AUDIO']","ELETRONICOS,INFORMATICA E AUDIO"
139,0627a80d6b5c65e9b212271f845e34da,['BRINQUEDOS E LAZER'],BRINQUEDOS E LAZER
140,062b1b23a7928be5abeb406e5889e08e,['AUTOMOTIVO'],AUTOMOTIVO
141,06339e75ee1b614953aef978ef01d766,['MOVEIS E ELETRODOMESTICOS'],MOVEIS E ELETRODOMESTICOS
142,063dda01b3489ce5f3bc164801e6e3e9,['MODA E BELEZA'],MODA E BELEZA
143,064314e503e36ce3869a9901434fc6f4,['MODA E BELEZA'],MODA E BELEZA
144,064c5d7833bce7bb4c9bff1302ac9d0a,['CASA E CONFORTO'],CASA E CONFORTO
145,066da535b01be4b26ca70864a62d92e1,['BEBES'],BEBES
146,0678d595b99f7162722e241ea36f7512,"['ELETRONICOS,INFORMATICA E AUDIO']","ELETRONICOS,INFORMATICA E AUDIO"
147,067f4abd68a2b1e0b8b158945a91680b,['BRINQUEDOS E LAZER'],BRINQUEDOS E LAZER
148,0686d4f89fdf2b3625aa705b7ed7ac95,['BRINQUEDOS E LAZER'],BRINQUEDOS E LAZER
149,0690b2d9b983cf580f407531575622c5,['MOVEIS E ELETRODOMESTICOS'],MOVEIS E ELETRODOMESTICOS
150,069370014d6465fb28770cd9449402c5,['BRINQUEDOS E LAZER'],BRINQUEDOS E LAZER
151,069514f19868af8a75ebe98f43d33900,['MODA E BELEZA'],MODA E BELEZA
152,069b0c9fca582b429e998f512a4c898f,['MOVEIS E ELETRODOMESTICOS'],MOVEIS E ELETRODOMESTICOS
153,06a05e46d787299f6277bfcb590f2ef5,['BRINQUEDOS E LAZER'],BRINQUEDOS E LAZER
154,06a1b81d611c5616272de7c53c41472e,['FERRAMENTAS E CONSTRUCAO'],FERRAMENTAS E CONSTRUCAO
155,06addb9b5cc9c47e661a6eed12276418,['FERRAMENTAS E CONSTRUCAO'],FERRAMENTAS E CONSTRUCAO
156,06bad3a130e91f7b26791dba22abc0f5,['CASA E CONFORTO'],CASA E CONFORTO
157,06c1184eaca6e3877347f38cfe926100,['MOVEIS E ELETRODOMESTICOS'],MOVEIS E ELETRODOMESTICOS
158,06c5e0b010707e400bcc627771a27226,['MODA E BELEZA'],MODA E BELEZA
159,06ef1c484cc535575da1724b5c6b913a,['MOVEIS E ELETRODOMESTICOS'],MOVEIS E ELETRODOMESTICOS
160,0705d1148d3c3d342f1a8c8ad33e5d3f,['CASA E CONFORTO'],CASA E CONFORTO
161,0718c5bbf159e96715ef033576c56316,['MOVEIS E ELETRODOMESTICOS'],MOVEIS E ELETRODOMESTICOS
162,07220c39eb26068368e675009154d635,['MODA E BELEZA'],MODA E BELEZA
163,07242ddf6ad8487cbbb700fd9ca45906,['AUTOMOTIVO'],AUTOMOTIVO
164,072500f428180f8c177181dd1e027d5b,['BEBES'],BEBES
165,07440dff5293ea24c5fac25a473c2eef,['AUTOMOTIVO'],AUTOMOTIVO
166,0749426d1c48fe5943cbdf1316ace0aa,['MODA E BELEZA'],MODA E BELEZA
167,0749c0c521a53f4a99f4c7be0d92df95,"['ELETRONICOS,INFORMATICA E AUDIO']","ELETRONICOS,INFORMATICA E AUDIO"
168,074eec999695249a1f80e3c7ea1aab01,['BRINQUEDOS E LAZER'],BRINQUEDOS E LAZER
169,07528311766b5aa54d193747c66663df,"['ELETRONICOS,INFORMATICA E AUDIO']","ELETRONICOS,INFORMATICA E AUDIO"
170,0756f4ba0fd88d3e50c7ae0d66edfb4c,['MODA E BELEZA'],MODA E BELEZA
171,075a1f22c075396feebed8c71f5ccdb2,['BRINQUEDOS E LAZER'],BRINQUEDOS E LAZER
172,078e048ccc8dc8b449dedc064b860b0f,['CASA E CONFORTO'],CASA E CONFORTO
173,0799d89dedaf5ef08f3a90b967cb2ccd,"['ELETRONICOS,INFORMATICA E AUDIO']","ELETRONICOS,INFORMATICA E AUDIO"
174,079b09f210081037c1f444e2eaca1e38,['MODA E BELEZA'],MODA E BELEZA
175,07a78584049fe9dca82ae7bf5717d8b9,['ARTES E DECORACAO'],ARTES E DECORACAO
176,07a8cc4e00c23ade7ccb29786d3de771,['FERRAMENTAS E CONSTRUCAO'],FERRAMENTAS E CONSTRUCAO
177,07ac5d2775e382ce0fa8132f74330cb2,['MOVEIS E ELETRODOMESTICOS'],MOVEIS E ELETRODOMESTICOS
178,07bfea8893b7262f7d61cfb2068b12c3,"['ELETRONICOS,INFORMATICA E AUDIO']","ELETRONICOS,INFORMATICA E AUDIO"
179,07d731b81475104eea3237055f7c0c39,['FERRAMENTAS E CONSTRUCAO'],FERRAMENTAS E CONSTRUCAO
180,07e2a9d486a8394f2700230396e8d5f0,['FERRAMENTAS E CONSTRUCAO'],FERRAMENTAS E CONSTRUCAO
181,07e8c8c7545c3cf6386eaf464b1e8365,['PET SHOP'],PET SHOP
182,07f593272eee0c411250e23e84846787,['CASA E CONFORTO'],CASA E CONFORTO
183,07f6c3baf9ac86865b60f640c4f923c6,['MODA E BELEZA'],MODA E BELEZA
184,07ffab4def2a95548ff6ef1b9d7e0f5a,['ARTES E DECORACAO'],ARTES E DECORACAO
185,0815bb5a3a3289fdf7ac65a426cb553a,['CASA E CONFORTO'],CASA E CONFORTO
186,0822275bffed889280029c0c32b003e6,"['ELETRONICOS,INFORMATICA E AUDIO']","ELETRONICOS,INFORMATICA E AUDIO"
187,0829f68cdf3850bb5977ac321e0fb8d5,['BRINQUEDOS E LAZER'],BRINQUEDOS E LAZER
188,082c7986084072affce4f8c0a20a39df,"['ELETRONICOS,INFORMATICA E AUDIO']","ELETRONICOS,INFORMATICA E AUDIO"
189,0830fb3429c4807bd185a32fe5241b8a,['ALIMENTOS'],ALIMENTOS
190,083a4afaefd6690e5cf5918275c4e413,['MOVEIS E ELETRODOMESTICOS'],MOVEIS E ELETRODOMESTICOS
191,084051935208c688c8cd5fae3d15810d,['AUTOMOTIVO'],AUTOMOTIVO
192,0855f6a946e8c4bef27d0ac24e524554,['MODA E BELEZA'],MODA E BELEZA
193,085c76ec2a854d66417d0dddc622adb0,"['ELETRONICOS,INFORMATICA E AUDIO']","ELETRONICOS,INFORMATICA E AUDIO"
194,0870bb57b1b24052c8ac2cd8df433553,['ALIMENTOS'],ALIMENTOS
195,08763574782690116475ea62ffdecadb,['BRINQUEDOS E LAZER'],BRINQUEDOS E LAZER
196,087a1c1dfd41b68ab6a6cd8551147bb2,['ALIMENTOS'],ALIMENTOS
197,087cd9d85fb88c6b0a229b508311377e,['MODA E BELEZA'],MODA E BELEZA
198,08904f6557108c451821501ca9e6aa4a,['CASA E CONFORTO'],CASA E CONFORTO
199,08a547386e268879b689fca252e6a334,['CASA E CONFORTO'],CASA E CONFORTO
200,08b0cc275164eab92e5797432fa89770,"['ELETRONICOS,INFORMATICA E AUDIO']","ELETRONICOS,INFORMATICA E AUDIO"
201,08b74b3a8bd41e7de2ac99b200eec62d,['MODA E BELEZA'],MODA E BELEZA
202,08c30c203ecbdda69311c1dba85abfa6,['MOVEIS E ELETRODOMESTICOS'],MOVEIS E ELETRODOMESTICOS
203,08c79f0b250cc3b309a69dcbd0debdc7,['MOVEIS E ELETRODOMESTICOS'],MOVEIS E ELETRODOMESTICOS
204,08cef746691fa27e23fe2c32a02c0e21,['MODA E BELEZA'],MODA E BELEZA
205,08d61eb463e165c095e7de595a773d90,"['ELETRONICOS,INFORMATICA E AUDIO']","ELETRONICOS,INFORMATICA E AUDIO"
206,08e83756399f8394bef75d0441b17b57,['ARTES E DECORACAO'],ARTES E DECORACAO
207,08f5487befe25744feabb3203a4dc09b,"['ELETRONICOS,INFORMATICA E AUDIO']","ELETRONICOS,INFORMATICA E AUDIO"
208,0904fb2c91a18099a0b7315f1ac9501b,['MODA E BELEZA'],MODA E BELEZA
209,090cb921c3319702919eabe80bc9f5ff,"['ELETRONICOS,INFORMATICA E AUDIO']","ELETRONICOS,INFORMATICA E AUDIO"
210,0921e6115b1fcc24d5dcf35570b68933,['MOVEIS E ELETRODOMESTICOS'],MOVEIS E ELETRODOMESTICOS
211,09286ea342ad6877942f93c17e1caf4c,['MODA E BELEZA'],MODA E BELEZA
212,093a8c168710da385a8c59d3149ea380,['BRINQUEDOS E LAZER'],BRINQUEDOS E LAZER
213,093b4a025c91a570d1f3b60d428b60a0,"['ELETRONICOS,INFORMATICA E AUDIO']","ELETRONICOS,INFORMATICA E AUDIO"
214,09410001d65f75b36821f9556694a895,"['ELETRONICOS,INFORMATICA E AUDIO']","ELETRONICOS,INFORMATICA E AUDIO"
215,0942763b4318676d85b3185d80f57cd3,['MODA E BELEZA'],MODA E BELEZA
216,0946ea44283ef9035521460a12da1569,['MODA E BELEZA'],MODA E BELEZA
217,094a83226235244840060fafa394845d,['ARTES E DECORACAO'],ARTES E DECORACAO
218,094dbecbb0ab054a620f21c04e82df03,['BRINQUEDOS E LAZER'],BRINQUEDOS E LAZER
219,094f7614f77e85fb05c77ecb164afdc3,"['ELETRONICOS,INFORMATICA E AUDIO']","ELETRONICOS,INFORMATICA E AUDIO"
220,094fe0ffb99d42aba8ca2a6b65a8921e,['FERRAMENTAS E CONSTRUCAO'],FERRAMENTAS E CONSTRUCAO
221,097c2a2e5ea719c510238bad5d902cef,['BRINQUEDOS E LAZER'],BRINQUEDOS E LAZER
222,0988c678736998fba42218af0ebf2c1f,['CASA E CONFORTO'],CASA E CONFORTO
223,09903d25ea3d162aeb40057420caa5bb,['MODA E BELEZA'],MODA E BELEZA
224,0996d6fb4402593986c6b1541bfcb4cc,['MODA E BELEZA'],MODA E BELEZA
225,09a38776c4e31230864f867821174daa,"['ELETRONICOS,INFORMATICA E AUDIO']","ELETRONICOS,INFORMATICA E AUDIO"
226,09c06d47b8b58dbabf753646fe5b89ab,['MODA E BELEZA'],MODA E BELEZA
227,09cd0ef00759c25af3a62b31366074bb,['CASA E CONFORTO'],CASA E CONFORTO
228,09ce65f75711be9f04a63700ae3c5adc,['MODA E BELEZA'],MODA E BELEZA
229,09db1ec04535cf2bba4a73954a252e41,"['ELETRONICOS,INFORMATICA E AUDIO']","ELETRONICOS,INFORMATICA E AUDIO"
230,09dbda42baac941ca241f8cea65b2306,['CASA E CONFORTO'],CASA E CONFORTO
231,09dd119f5cafd6888b0e67ebcff86a45,['BRINQUEDOS E LAZER'],BRINQUEDOS E LAZER
232,09e3a74fe474342885a70d1b2452c1e2,['CASA E CONFORTO'],CASA E CONFORTO
233,09f2c6e797b432724b3a123f1ec897bb,"['ELETRONICOS,INFORMATICA E AUDIO']","ELETRONICOS,INFORMATICA E AUDIO"
234,0a05e512c3e656802c930be4c1766c2a,['MODA E BELEZA'],MODA E BELEZA
235,0a098ea7aca0cfbc728417697c86e807,['MODA E BELEZA'],MODA E BELEZA
236,0a0ae6383118ebd8939e7d18c5dda408,['CASA E CONFORTO'],CASA E CONFORTO
237,0a0d4509c14ceb9b0f6555e07c45d167,['CASA E CONFORTO'],CASA E CONFORTO
238,0a31fa5371c2046d273b9fb84e3b2988,['BRINQUEDOS E LAZER'],BRINQUEDOS E LAZER
239,0a511bcdd22a725ca670b0102ac0be73,['CASA E CONFORTO'],CASA E CONFORTO
240,0a53c1150d1019fb4e5e6224e887011f,['ARTES E DECORACAO'],ARTES E DECORACAO
241,0a671290b0be76ffb379a3c0031d2f44,['BRINQUEDOS E LAZER'],BRINQUEDOS E LAZER
242,0a75d2b40c23e608bc7bac42a6c8e508,['FERRAMENTAS E CONSTRUCAO'],FERRAMENTAS E CONSTRUCAO
243,0a79d1506c2e0249c9aff8723bcf51e9,['ARTES E DECORACAO'],ARTES E DECORACAO
244,0a84b71d2fd93eeae49d3149a3e08003,['MOVEIS E ELETRODOMESTICOS'],MOVEIS E ELETRODOMESTICOS
245,0a87a60c5403e51a0e85e4ed7c3c2bdf,['ARTES E DECORACAO'],ARTES E DECORACAO
246,0a8b6e2cf83e2543f6b756e3a6d16eb5,['BRINQUEDOS E LAZER'],BRINQUEDOS E LAZER
247,0a8c0300318aedd7b66f6dbc27409ece,['CASA E CONFORTO'],CASA E CONFORTO
248,0a8f35ef46160ef897c27ba8c423d823,['CASA E CONFORTO'],CASA E CONFORTO
249,0a92b722c3355980ef37fd1fee068c6c,['CASA E CONFORTO'],CASA E CONFORTO
250,0a92bad75c24fdf33ed2a18801262e89,['FERRAMENTAS E CONSTRUCAO'],FERRAMENTAS E CONSTRUCAO
251,0a93b40850d3f4becf2f276666e01340,['ARTES E DECORACAO'],ARTES E DECORACAO
252,0ab421a822cfefda840345b69417962d,['BRINQUEDOS E LAZER'],BRINQUEDOS E LAZER
253,0ac1d3244719cbbfbc0574631fb0186e,"['LIVROS, MUSICA E PAPELARIA']","LIVROS, MUSICA E PAPELARIA"
254,0adc694b12e2711cde18a5d31576bef2,"['ELETRONICOS,INFORMATICA E AUDIO']","ELETRONICOS,INFORMATICA E AUDIO"
255,0aeb0613e8d42e1a7f122908bee18eca,['MODA E BELEZA'],MODA E BELEZA
256,0af07373c6e0f41a0660087bf63d7c64,"['ELETRONICOS,INFORMATICA E AUDIO']","ELETRONICOS,INFORMATICA E AUDIO"
257,0af96849112c968e7764ac7f17e4f9f7,['MODA E BELEZA'],MODA E BELEZA
258,0afcd5d6405dd1fbe9554f4ffa99d2b8,['BRINQUEDOS E LAZER'],BRINQUEDOS E LAZER
259,0b01066982af6f2681ea9b0169f0d987,['MODA E BELEZA'],MODA E BELEZA
260,0b0448ca144af06370f09b67224e0eec,['MOVEIS E ELETRODOMESTICOS'],MOVEIS E ELETRODOMESTICOS
261,0b0bd9b754737f8954ee14d15c7acb85,['CASA E CONFORTO'],CASA E CONFORTO
262,0b252b879dbab76b4730df79aeb1778f,"['ELETRONICOS,INFORMATICA E AUDIO']","ELETRONICOS,INFORMATICA E AUDIO"
263,0b32bf55276b5feb681f6ed6fd670692,['MODA E BELEZA'],MODA E BELEZA
264,0b39d78b430d574a6eafefe82c11b4a3,['FERRAMENTAS E CONSTRUCAO'],FERRAMENTAS E CONSTRUCAO
265,0b7b12a402b064d880d3cb31051f6d29,['BRINQUEDOS E LAZER'],BRINQUEDOS E LAZER
266,0b7cb1c7ea62d95ba39702f4ae850108,['BRINQUEDOS E LAZER'],BRINQUEDOS E LAZER
267,0b7e2039e06db8ce4bb3eb25e8659a51,['MOVEIS E ELETRODOMESTICOS'],MOVEIS E ELETRODOMESTICOS
268,0b87d8d6c28694778a03498aefa389c9,"['ELETRONICOS,INFORMATICA E AUDIO']","ELETRONICOS,INFORMATICA E AUDIO"
269,0b93889b7e9059e7715f55306f977460,['CASA E CONFORTO'],CASA E CONFORTO
270,0bafeaa6d78ca1e9b198fe9a6d645306,['BRINQUEDOS E LAZER'],BRINQUEDOS E LAZER
271,0bbd832750aad342a252f529cb93d020,"['ELETRONICOS,INFORMATICA E AUDIO']","ELETRONICOS,INFORMATICA E AUDIO"
272,0bc2f31a926a812c0002115befdfdebe,['ALIMENTOS'],ALIMENTOS
273,0bcc7fc2fefd4ebca3cdcf34288f9026,['BEBES'],BEBES
274,0bd15125e46474dc9318288ae0ea528e,['FERRAMENTAS E CONSTRUCAO'],FERRAMENTAS E CONSTRUCAO
275,0bd6ba2a0ad5458f31a20239363b2e00,['CASA E CONFORTO'],CASA E CONFORTO
276,0bda83aa61608436c3403ca200bf12d5,['CASA E CONFORTO'],CASA E CONFORTO
277,0bfe55f7a11b408e6519d50eb874b331,['BEBES'],BEBES
278,0bff41f23a1260a23cfe070af558eef7,['CASA E CONFORTO'],CASA E CONFORTO
279,0c02a4cb5207e682d63a1343cbddd13b,"['ELETRONICOS,INFORMATICA E AUDIO']","ELETRONICOS,INFORMATICA E AUDIO"
280,0c047dd1c8c2fcc61365b5787d59fd6c,['BRINQUEDOS E LAZER'],BRINQUEDOS E LAZER
281,0c1131dcb8c6ec0c895af6aea3e70983,['MOVEIS E ELETRODOMESTICOS'],MOVEIS E ELETRODOMESTICOS
282,0c17d2ca8fea3e6d807410a0c0c44746,['PET SHOP'],PET SHOP
283,0c218bb391f7d78332d4d53ad73b51bc,['AUTOMOTIVO'],AUTOMOTIVO
284,0c29ee02f432c35cb24a70317de6457c,['MODA E BELEZA'],MODA E BELEZA
285,0c38c51b8a775bccbf8a0e340be3cece,['MOVEIS E ELETRODOMESTICOS'],MOVEIS E ELETRODOMESTICOS
286,0c3da4384feb21f0def324b1b7d6f082,['AUTOMOTIVO'],AUTOMOTIVO
287,0c4a23679a622eb0793aaabdc6ce5750,"['ELETRONICOS,INFORMATICA E AUDIO']","ELETRONICOS,INFORMATICA E AUDIO"
288,0c4d07bcd65a6ce95cbe8e8e228a98cf,"['ELETRONICOS,INFORMATICA E AUDIO']","ELETRONICOS,INFORMATICA E AUDIO"
289,0c5c5872985d8382ec1df7d0ec721875,['MODA E BELEZA'],MODA E BELEZA
290,0c5f4de2e1c08a6da891feaafcf35d1e,['BRINQUEDOS E LAZER'],BRINQUEDOS E LAZER
291,0c65eb5a1415db7a20dfc869c9277e7a,['CASA E CONFORTO'],CASA E CONFORTO
292,0c72cafc6d5d60d98d052051a2b028ad,['FERRAMENTAS E CONSTRUCAO'],FERRAMENTAS E CONSTRUCAO
293,0c7a6b23056ca2e73c8b369698e1d781,['MODA E BELEZA'],MODA E BELEZA
294,0c921abc41428f29f1b5d4c52714fe44,"['ELETRONICOS,INFORMATICA E AUDIO']","ELETRONICOS,INFORMATICA E AUDIO"
295,0c9f4cd9a2f5e3783d9ec0f4daa33741,['BRINQUEDOS E LAZER'],BRINQUEDOS E LAZER
296,0cadc06392b4f42042d688c35d6a1c16,['ARTES E DECORACAO'],ARTES E DECORACAO
297,0cae3fb9a90f5aeeb7b3770b88f77851,['MODA E BELEZA'],MODA E BELEZA
298,0cbc979bd11d1ef1cc7c050a0442c715,['BRINQUEDOS E LAZER'],BRINQUEDOS E LAZER
299,0cbea266e238cccbca8f44662f87c527,['CASA E CONFORTO'],CASA E CONFORTO
300,0cc53a27cb4eec43723454e212e469cc,['CASA E CONFORTO'],CASA E CONFORTO
301,0cc7bb57999d251da473822051388086,['MOVEIS E ELETRODOMESTICOS'],MOVEIS E ELETRODOMESTICOS
302,0cc9e18508708774c1c956cd3ad9e910,['AUTOMOTIVO'],AUTOMOTIVO
303,0cdea1c34ce2e9ca670b2e6df1d6c207,['MODA E BELEZA'],MODA E BELEZA
304,0ce0997380b2110e5d35697ce4ddabd7,['CASA E CONFORTO'],CASA E CONFORTO
305,0cea1002b907a645918a03922e9fadbd,['CASA E CONFORTO'],CASA E CONFORTO
306,0cece095c1c8f6bd21ec851d74642943,['ARTES E DECORACAO'],ARTES E DECORACAO
307,0cfb8d2b2200481e6ce460c76ffa262d,['BRINQUEDOS E LAZER'],BRINQUEDOS E LAZER
308,0d01eea244609b22f49983e36c80c89c,['FERRAMENTAS E CONSTRUCAO'],FERRAMENTAS E CONSTRUCAO
309,0d103d6504de00ed0c99969517a9ad52,"['ELETRONICOS,INFORMATICA E AUDIO']","ELETRONICOS,INFORMATICA E AUDIO"
310,0d15b014007c98a152fbb3b032a7521a,"['ELETRONICOS,INFORMATICA E AUDIO']","ELETRONICOS,INFORMATICA E AUDIO"
311,0d27c6a7e907a99b7a7e08f9afa22d90,['CASA E CONFORTO'],CASA E CONFORTO
312,0d29aa08fa516b98d8668e1eb4a57bdd,['ARTES E DECORACAO'],ARTES E DECORACAO
313,0d2f476fd2a5f059f8b4e36bc04d54ac,['BRINQUEDOS E LAZER'],BRINQUEDOS E LAZER
314,0d370d75f8fb57f4a7a8c9fc64d2a855,['FERRAMENTAS E CONSTRUCAO'],FERRAMENTAS E CONSTRUCAO
315,0d3932a3836fab6762836714e0eee9ae,"['ELETRONICOS,INFORMATICA E AUDIO']","ELETRONICOS,INFORMATICA E AUDIO"
316,0d4677b0223bd9ec9dc8182d6afa70aa,['MODA E BELEZA'],MODA E BELEZA
317,0d5e27935dad336ff3d5962a73b30f2d,['CASA E CONFORTO'],CASA E CONFORTO
318,0d694d4d413750922e42f63577896916,['CASA E CONFORTO'],CASA E CONFORTO
319,0d6cc2219ef268358eac3c49b47abca9,['CASA E CONFORTO'],CASA E CONFORTO
320,0d85f60a7eb6eff92a2c8363050cc7b2,['MODA E BELEZA'],MODA E BELEZA
321,0d8fd53f6fe12430bce52454cc326f8e,['BRINQUEDOS E LAZER'],BRINQUEDOS E LAZER
322,0da1e80855b93d954fd8f95c571cb191,['PET SHOP'],PET SHOP
323,0dacf04c5ad59fd5a0cc1faa07c34e39,['ARTES E DECORACAO'],ARTES E DECORACAO
324,0db053a048333680c09114ac4f231a79,['FERRAMENTAS E CONSTRUCAO'],FERRAMENTAS E CONSTRUCAO
325,0dba8cb0559eb37cc0217a28496b5f07,['MODA E BELEZA'],MODA E BELEZA
326,0dd03c63e61e99a366429e9348db886b,['MODA E BELEZA'],MODA E BELEZA
327,0dd13170e2f12871b1e007e5fcf6e944,['PET SHOP'],PET SHOP
328,0de53a4efa2bd4fabcf88a53d812bfd6,['CASA E CONFORTO'],CASA E CONFORTO
329,0de9e77cb8416394c1d74300fd08213f,['CASA E CONFORTO'],CASA E CONFORTO
330,0df2e7ba716c3f48ee4a3081092e2c19,"['LIVROS, MUSICA E PAPELARIA']","LIVROS, MUSICA E PAPELARIA"
331,0df3ae9792cce9ed0f0c9b95be40b8ef,"['ELETRONICOS,INFORMATICA E AUDIO']","ELETRONICOS,INFORMATICA E AUDIO"
332,0e0441786430b7cfcd0d91f822ea4c99,['PET SHOP'],PET SHOP
333,0e14afb59249defa7237fa94e266941f,"['LIVROS, MUSICA E PAPELARIA']","LIVROS, MUSICA E PAPELARIA"
334,0e3101d26015f1df99a269aeb3fbb02a,['AUTOMOTIVO'],AUTOMOTIVO
335,0e3bb5bc8f2262c9fc302e56de5b7c48,['ARTES E DECORACAO'],ARTES E DECORACAO
336,0e3e431534069e8ac235c637dfb199d8,['BRINQUEDOS E LAZER'],BRINQUEDOS E LAZER
337,0e3ec3c17b64c6cc7bc01bba21e7afdf,['MOVEIS E ELETRODOMESTICOS'],MOVEIS E ELETRODOMESTICOS
338,0e44e7b0102a1f19aa9d7643e45dbbdb,"['ELETRONICOS,INFORMATICA E AUDIO']","ELETRONICOS,INFORMATICA E AUDIO"
339,0e4a4de1d15b6df8d4335fb2db61667a,"['ELETRONICOS,INFORMATICA E AUDIO']","ELETRONICOS,INFORMATICA E AUDIO"
340,0e5b8fedcf80d4264e236fc26e004068,['MOVEIS E ELETRODOMESTICOS'],MOVEIS E ELETRODOMESTICOS
341,0e5d9583490deb1e011b1c8e7da13398,['BEBES'],BEBES
342,0e6998991870142c2ed25d6173ea587d,['BRINQUEDOS E LAZER'],BRINQUEDOS E LAZER
343,0e76c1f1cc3a0d46923197991617cef8,['BRINQUEDOS E LAZER'],BRINQUEDOS E LAZER
344,0e80c0d12085997d97ada58dda2ed84b,"['ELETRONICOS,INFORMATICA E AUDIO']","ELETRONICOS,INFORMATICA E AUDIO"
345,0e8644614e6e4e3a5a0eced489c045be,"['ELETRONICOS,INFORMATICA E AUDIO']","ELETRONICOS,INFORMATICA E AUDIO"
346,0e903df9d14796df715e2f6cc52e2c1d,"['AGRO, INDUSTRIA E NEGOCIOS']","AGRO, INDUSTRIA E NEGOCIOS"
347,0e98c70fb06024ae560719cace52421f,['PET SHOP'],PET SHOP
348,0ea6fb65c44f0a557e7ee0dc86d66c04,['MODA E BELEZA'],MODA E BELEZA
349,0eb4df6bfdca047c300acf9d25b04391,['MODA E BELEZA'],MODA E BELEZA
350,0eb50e50bc4f98118d7a1d60c0a17049,['BRINQUEDOS E LAZER'],BRINQUEDOS E LAZER
351,0ebf39cd91e6c7f650db30a438805518,['MOVEIS E ELETRODOMESTICOS'],MOVEIS E ELETRODOMESTICOS
352,0ec7299d65db721d9a6b5c95c2ff494a,"['ELETRONICOS,INFORMATICA E AUDIO']","ELETRONICOS,INFORMATICA E AUDIO"
353,0ec9178c102513dbaf788344446a3305,"['ELETRONICOS,INFORMATICA E AUDIO']","ELETRONICOS,INFORMATICA E AUDIO"
354,0ecbb908b4b062b189e1723ef9a836e2,"['ELETRONICOS,INFORMATICA E AUDIO']","ELETRONICOS,INFORMATICA E AUDIO"
355,0ed4bf3a5a970c8b076ce4ccec0acc4b,['MOVEIS E ELETRODOMESTICOS'],MOVEIS E ELETRODOMESTICOS
356,0ee78b4d78116d8d91f47dc4b290f526,['CASA E CONFORTO'],CASA E CONFORTO
357,0ee83875134e649fc7cc3b867c337bee,['BRINQUEDOS E LAZER'],BRINQUEDOS E LAZER
358,0ef3d3e097e4e819e47197ee3389a3a1,['CASA E CONFORTO'],CASA E CONFORTO
359,0ef67bb260101172d979ae466918b301,['AUTOMOTIVO'],AUTOMOTIVO
360,0ef89e47a5078a9e54a080d5fa8c9109,"['LIVROS, MUSICA E PAPELARIA']","LIVROS, MUSICA E PAPELARIA"
361,0f016423033058b7bef153a01ff9100b,['ARTES E DECORACAO'],ARTES E DECORACAO
362,0f213d7015dad47737aecd4d7403f919,['MODA E BELEZA'],MODA E BELEZA
363,0f29bafaaa77f4548165215b66bd97e4,['MOVEIS E ELETRODOMESTICOS'],MOVEIS E ELETRODOMESTICOS
364,0f30693cac68f8597594c35a1dc38a8e,"['ELETRONICOS,INFORMATICA E AUDIO']","ELETRONICOS,INFORMATICA E AUDIO"
365,0f4519c5f1c541ddec9f21b3bddd533a,['MODA E BELEZA'],MODA E BELEZA
366,0f4a2c067346862463f78a1ca0e4e43b,['MODA E BELEZA'],MODA E BELEZA
367,0f503b220e9d1fd78562e41a427a0c6a,['MODA E BELEZA'],MODA E BELEZA
368,0f559863677fb17eed36c4374e198a93,['FERRAMENTAS E CONSTRUCAO'],FERRAMENTAS E CONSTRUCAO
369,0f5661c2134ca73a132194dde6558006,['CASA E CONFORTO'],CASA E CONFORTO
370,0f57c7a28afbca568ab72eb6be1dfb81,['MODA E BELEZA'],MODA E BELEZA
371,0f597abb3c3850157138723eceba3f1c,['FERRAMENTAS E CONSTRUCAO'],FERRAMENTAS E CONSTRUCAO
372,0f6896ec061c74612b3a5ab4f2146d0e,['MOVEIS E ELETRODOMESTICOS'],MOVEIS E ELETRODOMESTICOS
373,0f750136a7458e323a95eb451e1d47cc,['BRINQUEDOS E LAZER'],BRINQUEDOS E LAZER
374,0f7a031ff7235289c8ce7270cac7c4ec,['SERVIÇOS'],SERVIÇOS
375,0f7bc9011b887a3d145db483b0d8c25f,['BRINQUEDOS E LAZER'],BRINQUEDOS E LAZER
376,0f7f3fcd5523d759e8e17084e45439d5,['MODA E BELEZA'],MODA E BELEZA
377,0f9e79a42b9e6e14a8d7f913b4da0239,['MOVEIS E ELETRODOMESTICOS'],MOVEIS E ELETRODOMESTICOS
378,0fa1fab1d7c1211c824596ed5e111e3c,['MODA E BELEZA'],MODA E BELEZA
379,0fafef9491abc81f2975be1c75036a86,['FERRAMENTAS E CONSTRUCAO'],FERRAMENTAS E CONSTRUCAO
380,0fb0e71d92a103ce203e4b32be458d9b,['MODA E BELEZA'],MODA E BELEZA
381,0fb1f7c7042e9fa84d8d415c5fdec5c9,"['ELETRONICOS,INFORMATICA E AUDIO']","ELETRONICOS,INFORMATICA E AUDIO"
382,0fb5213e64d1cc9bbd3be70f3d35bf27,['BEBES'],BEBES
383,0fb96d30f2a1a1c89f5795583387d89c,['AUTOMOTIVO'],AUTOMOTIVO
384,0fc0482d016611a60b65ca297e61fb1f,"['ELETRONICOS,INFORMATICA E AUDIO']","ELETRONICOS,INFORMATICA E AUDIO"
385,0fc2805c054f060f9b7db454927b5024,['ARTES E DECORACAO'],ARTES E DECORACAO
386,0fc34e566d3273325c404c113f4a8b2a,['BRINQUEDOS E LAZER'],BRINQUEDOS E LAZER
387,0fcf164859b203af4b0811ccf70d1454,['MODA E BELEZA'],MODA E BELEZA
388,0fd20e900b40f5cb8e6fd31df27aabbd,['MODA E BELEZA'],MODA E BELEZA
389,0feaee28abc2453bef40e3718f5c7392,['MODA E BELEZA'],MODA E BELEZA
390,0ffcc7c4e90436e138f698340e3d0e25,"['LIVROS, MUSICA E PAPELARIA']","LIVROS, MUSICA E PAPELARIA"
391,100db0fb5000a9f02f0d3ee2470c85c1,['FERRAMENTAS E CONSTRUCAO'],FERRAMENTAS E CONSTRUCAO
392,100e8cf23e7518027376ac07ca0ec96b,['MOVEIS E ELETRODOMESTICOS'],MOVEIS E ELETRODOMESTICOS
393,10224c72b9364fe2d0608e92ae535f88,['MOVEIS E ELETRODOMESTICOS'],MOVEIS E ELETRODOMESTICOS
394,1028f2778958e0ab0d9da92e14de14d1,['BEBES'],BEBES
395,102ea4043e0c7b678470f26f0a726e57,['MOVEIS E ELETRODOMESTICOS'],MOVEIS E ELETRODOMESTICOS
396,102f840f0c7fb82a5e0568624b41b3e5,['MODA E BELEZA'],MODA E BELEZA
397,103188b1afa4614c023b86344f79727b,['CASA E CONFORTO'],CASA E CONFORTO
398,103333c1fad5bfda8e9b1c84615fae2f,['MODA E BELEZA'],MODA E BELEZA
399,103ccf024ec97c46c81001a91c2faf01,['CASA E CONFORTO'],CASA E CONFORTO
400,103de323ece563a1012b4b6adf5a81b2,['MODA E BELEZA'],MODA E BELEZA
401,1041d437bb0a4bcfeb3a107426f2d5f5,['BRINQUEDOS E LAZER'],BRINQUEDOS E LAZER
402,10498ac6120c866ce631762f4e5dc422,['MOVEIS E ELETRODOMESTICOS'],MOVEIS E ELETRODOMESTICOS
403,104db3ac25a8c92d8b4a1bab46c92c66,['MODA E BELEZA'],MODA E BELEZA
404,104ebad584414fcfb7bc0d071bb29a25,['MODA E BELEZA'],MODA E BELEZA
405,1053f48dab84166419bcecff0003c7b9,['MOVEIS E ELETRODOMESTICOS'],MOVEIS E ELETRODOMESTICOS
406,10680478e22d29ed34e872b89144ccda,['MODA E BELEZA'],MODA E BELEZA
407,10710544d8adf2b743de71711a372fa2,"['ELETRONICOS,INFORMATICA E AUDIO']","ELETRONICOS,INFORMATICA E AUDIO"
408,10758901b602fdec377ba3f189e531f5,['MOVEIS E ELETRODOMESTICOS'],MOVEIS E ELETRODOMESTICOS
409,1078d496cc6ab9a8e6f2be77abf5091b,['BRINQUEDOS E LAZER'],BRINQUEDOS E LAZER
410,107f069fdb62a9cbe252b043323e4e32,['FERRAMENTAS E CONSTRUCAO'],FERRAMENTAS E CONSTRUCAO
411,108d1dab6908b5fcb9c922549a9c2265,['CASA E CONFORTO'],CASA E CONFORTO
412,1095806f851129963474b5f20d6520fd,['CASA E CONFORTO'],CASA E CONFORTO
413,1098a8cc6b7514f599126c5f27706dc5,['MODA E BELEZA'],MODA E BELEZA
414,109b43dc12d67a5107cbbfb7fe98d0ae,"['ELETRONICOS,INFORMATICA E AUDIO']","ELETRONICOS,INFORMATICA E AUDIO"
415,10a2d53148bb79d540a6a2e7cb706cea,['MODA E BELEZA'],MODA E BELEZA
416,10aab4b44296043fbfeaf40f1157657d,"['ELETRONICOS,INFORMATICA E AUDIO']","ELETRONICOS,INFORMATICA E AUDIO"
417,10b4aca7d76f1ff55e0dfc750e4e0016,['BRINQUEDOS E LAZER'],BRINQUEDOS E LAZER
418,10c3c7fea20a1ed15c6e55e90b3fb084,['MODA E BELEZA'],MODA E BELEZA
419,10c5eb3ea9a23055a311c44022b574eb,"['ELETRONICOS,INFORMATICA E AUDIO']","ELETRONICOS,INFORMATICA E AUDIO"
420,10ccb4dc0cc0d605b71afdcf4584128e,['BRINQUEDOS E LAZER'],BRINQUEDOS E LAZER
421,10d68bf5b2b29ed413ad7b19c7c601de,['MOVEIS E ELETRODOMESTICOS'],MOVEIS E ELETRODOMESTICOS
422,10d96958b92a4df731c5f0d7e8694f4e,['MODA E BELEZA'],MODA E BELEZA
423,10df64697a9e72c7b248dbffe386f74e,['CASA E CONFORTO'],CASA E CONFORTO
424,10e652c1735375eb89f51e95212615e8,['FERRAMENTAS E CONSTRUCAO'],FERRAMENTAS E CONSTRUCAO
425,10ef04a6021b2bac686ed668485c8c80,['MOVEIS E ELETRODOMESTICOS'],MOVEIS E ELETRODOMESTICOS
426,10fda92f9390e0b13e41ce5ce692a2cc,"['LIVROS, MUSICA E PAPELARIA']","LIVROS, MUSICA E PAPELARIA"
427,110d534aef964d7dc718809cf07b9a3e,['MOVEIS E ELETRODOMESTICOS'],MOVEIS E ELETRODOMESTICOS
428,110f6ca5866b291c8689e08bebf7f8f8,"['ELETRONICOS,INFORMATICA E AUDIO']","ELETRONICOS,INFORMATICA E AUDIO"
429,1116c22b8ac5fd55755a1357d17cb070,['FERRAMENTAS E CONSTRUCAO'],FERRAMENTAS E CONSTRUCAO
430,11177b43d0995dfa2114ceefa2c0cc16,['MODA E BELEZA'],MODA E BELEZA
431,111e8cdb5890a7e3beae3e717737ca51,"['LIVROS, MUSICA E PAPELARIA']","LIVROS, MUSICA E PAPELARIA"
432,1126e8ce51fcc395870c8fabcf7de709,['MOVEIS E ELETRODOMESTICOS'],MOVEIS E ELETRODOMESTICOS
433,114c9407eb2b873d07c1b3bf91e35a9c,['MOVEIS E ELETRODOMESTICOS'],MOVEIS E ELETRODOMESTICOS
434,11526907a9d9e94078d44fb1c4abb4ec,['CASA E CONFORTO'],CASA E CONFORTO
435,1161d4dd2b98a1d29aee9a19b48d7cd8,['ARTES E DECORACAO'],ARTES E DECORACAO
436,1161ed293dc0a40bbed57348919f65ec,['BRINQUEDOS E LAZER'],BRINQUEDOS E LAZER
437,11642b906362f0d80a1228e1fa45a18e,"['ELETRONICOS,INFORMATICA E AUDIO']","ELETRONICOS,INFORMATICA E AUDIO"
438,116499c6f5aa0822fcfa4f8aa8b194b4,['CASA E CONFORTO'],CASA E CONFORTO
439,1164c7cd1bc7ce2567ff3159aa3cc51b,['AUTOMOTIVO'],AUTOMOTIVO
440,11660e2c0590a8f36299b868f3e95bed,['CASA E CONFORTO'],CASA E CONFORTO
441,11752bcab98894b1c72fac988ed11392,['FERRAMENTAS E CONSTRUCAO'],FERRAMENTAS E CONSTRUCAO
442,118045506e1c1dda060171af43fe11b4,['MOVEIS E ELETRODOMESTICOS'],MOVEIS E ELETRODOMESTICOS
443,1184f47611befe5e28db021be60171c7,"['ELETRONICOS,INFORMATICA E AUDIO']","ELETRONICOS,INFORMATICA E AUDIO"
444,119c7049e648e0c4073ceceab6c3cd3e,"['LIVROS, MUSICA E PAPELARIA']","LIVROS, MUSICA E PAPELARIA"
445,119db78602ec4f8cdb8aa475c1fbf655,['MODA E BELEZA'],MODA E BELEZA
446,11a3a7fd35fb7f7f7b873f9a150dd5e2,['MODA E BELEZA'],MODA E BELEZA
447,11a6156f787eb963fb211db50db44d99,['CASA E CONFORTO'],CASA E CONFORTO
448,11abc6f4bd19a0153ae77beb0177ba1e,['MOVEIS E ELETRODOMESTICOS'],MOVEIS E ELETRODOMESTICOS
449,11bfb5214a47c5a12e3dab8cac01c304,"['ELETRONICOS,INFORMATICA E AUDIO']","ELETRONICOS,INFORMATICA E AUDIO"
450,11f1347027d269d264f62d3631ef5e42,['BRINQUEDOS E LAZER'],BRINQUEDOS E LAZER
451,11fb3a6f90bfba7e4b6717e62fe6cbc1,['ARTES E DECORACAO'],ARTES E DECORACAO
452,12019ed87b97cee3add615b1f8c9e9b0,['MOVEIS E ELETRODOMESTICOS'],MOVEIS E ELETRODOMESTICOS
453,12064b26c801bd0f7b82c2fb033e382e,['MOVEIS E ELETRODOMESTICOS'],MOVEIS E ELETRODOMESTICOS
454,12110189ef70d77e946c6a0bd7b945a8,['CASA E CONFORTO'],CASA E CONFORTO
455,121191d52387cd00dc63011edaeb8af2,['MODA E BELEZA'],MODA E BELEZA
456,1223c56f3b550439e13b563ac0ae0d98,['ARTES E DECORACAO'],ARTES E DECORACAO
457,122a971a12f2ddab39ade1e58c08cbda,['MOVEIS E ELETRODOMESTICOS'],MOVEIS E ELETRODOMESTICOS
458,1237d70df58d4f9a8bd929b9943f9b8a,['CASA E CONFORTO'],CASA E CONFORTO
459,1239e8b4884c746e8d1ea651d4ff74f1,['ARTES E DECORACAO'],ARTES E DECORACAO
460,124e62fecaaf83248e7f9a84c441f7d4,['CASA E CONFORTO'],CASA E CONFORTO
461,12581c5de9b60bf327002c906dd03e17,['ARTES E DECORACAO'],ARTES E DECORACAO
462,1263b5bd7d073c9196702d47117ee5fa,['MODA E BELEZA'],MODA E BELEZA
463,12665915ce815ae60a756854e522fddf,['BRINQUEDOS E LAZER'],BRINQUEDOS E LAZER
464,127808959bd2d08cdefdf3015fa205a2,"['ELETRONICOS,INFORMATICA E AUDIO']","ELETRONICOS,INFORMATICA E AUDIO"
465,12a1bc73d4736fdb9a60a8c58d9628b7,['CASA E CONFORTO'],CASA E CONFORTO
466,12b490136db583be9f294988ccdce8b1,['CASA E CONFORTO'],CASA E CONFORTO
467,12bab4379a646f08ae89ed0561f5481e,"['ELETRONICOS,INFORMATICA E AUDIO']","ELETRONICOS,INFORMATICA E AUDIO"
468,12c49270845b0006a7036adda4045c74,"['LIVROS, MUSICA E PAPELARIA']","LIVROS, MUSICA E PAPELARIA"
469,12c9b99637fcd911992b818793dfe8cc,['BEBES'],BEBES
470,12dfd48a9e526859cc845d4856be12eb,['BRINQUEDOS E LAZER'],BRINQUEDOS E LAZER
471,12e336061c0f1f6d33710d969ba62bec,['MODA E BELEZA'],MODA E BELEZA
472,12e5cfe0e4716b59afb0e0f4a3bd6570,['FERRAMENTAS E CONSTRUCAO'],FERRAMENTAS E CONSTRUCAO
473,13029a6f70b0aa74acea8a239d7d1d6f,"['ELETRONICOS,INFORMATICA E AUDIO']","ELETRONICOS,INFORMATICA E AUDIO"
474,1309fc445b40a153a53e94b46d2accb1,['MOVEIS E ELETRODOMESTICOS'],MOVEIS E ELETRODOMESTICOS
475,1312c3e9b13335ff82ee5ee0599e9e60,['MODA E BELEZA'],MODA E BELEZA
476,131bcb82ecd96d251fa7eb8bb1f1baca,['MODA E BELEZA'],MODA E BELEZA
477,1323da2fac3c4ba9cee60f86d170f816,['CASA E CONFORTO'],CASA E CONFORTO
478,132761d24f94ef259bcbde9dacecb2e2,['MOVEIS E ELETRODOMESTICOS'],MOVEIS E ELETRODOMESTICOS
479,132947cc0a6620350693052f3548070f,"['ELETRONICOS,INFORMATICA E AUDIO']","ELETRONICOS,INFORMATICA E AUDIO"
480,132ca56f1aac17fe178eacedb5a81e6e,['AUTOMOTIVO'],AUTOMOTIVO
481,133a123493a55f389917093bd41fb184,['MODA E BELEZA'],MODA E BELEZA
482,134383561b50fa8eca9c19b2c792d74c,['MODA E BELEZA'],MODA E BELEZA
483,1344126e856cc81fd0a3ac3bf95168ef,['BEBES'],BEBES
484,134adb681cd5dbe4cd4de155abf4b9e8,"['ELETRONICOS,INFORMATICA E AUDIO']","ELETRONICOS,INFORMATICA E AUDIO"
485,134f7360b1704296a29b44585e183989,"['LIVROS, MUSICA E PAPELARIA']","LIVROS, MUSICA E PAPELARIA"
486,1354de899c7420bbaa9d9484c79c862c,"['ELETRONICOS,INFORMATICA E AUDIO']","ELETRONICOS,INFORMATICA E AUDIO"
487,135b582ac1ec8138d4f9f0ef27a7ba36,['BRINQUEDOS E LAZER' 'CASA E CONFORTO'],Misto
488,136c36bf83629aea3290644dabe72471,['MOVEIS E ELETRODOMESTICOS'],MOVEIS E ELETRODOMESTICOS
489,137135c30e53ddac60ef16b8ef6d4d54,['MOVEIS E ELETRODOMESTICOS'],MOVEIS E ELETRODOMESTICOS
490,13917780488fcc5fa2f9fa3c45549c80,['MODA E BELEZA'],MODA E BELEZA
491,139cef5540861404dd35fe65000fda2e,['FERRAMENTAS E CONSTRUCAO'],FERRAMENTAS E CONSTRUCAO
492,13a6b84d8ffc29e4607ddcb4170cd8a4,['BEBES'],BEBES
493,13a945cf4dff971e45059d790da4daf4,['FERRAMENTAS E CONSTRUCAO'],FERRAMENTAS E CONSTRUCAO
494,13b1842c7e0b9a22f8787450f137e66e,['BRINQUEDOS E LAZER'],BRINQUEDOS E LAZER
495,13b4f8c4b570d25d95bfd3c915ed9c38,"['ELETRONICOS,INFORMATICA E AUDIO']","ELETRONICOS,INFORMATICA E AUDIO"
496,13b7cdafde78bebb404d4dc74c04fb82,['MODA E BELEZA'],MODA E BELEZA
497,13bad9a229ea7c04888ada5c6c971c28,"['ELETRONICOS,INFORMATICA E AUDIO']","ELETRONICOS,INFORMATICA E AUDIO"
498,13bc2aa1a887b018329663498f5e00ab,['MODA E BELEZA'],MODA E BELEZA
499,13bc7bea9d1bce4d95bb4917ed0f94ce,['MODA E BELEZA'],MODA E BELEZA
500,13c0445b9e1b9ebf53dc83fce3600a36,['MODA E BELEZA'],MODA E BELEZA
501,13d37da7780bd1fb1eca0512a3e75f00,['PET SHOP'],PET SHOP
502,13d6f87da8ba3d0feb95e58ab304a9dd,['MODA E BELEZA'],MODA E BELEZA
503,13dabdb9dbb49bde13dd90285c2640eb,"['ELETRONICOS,INFORMATICA E AUDIO']","ELETRONICOS,INFORMATICA E AUDIO"
504,13e5cf1e067d58500141bfb2a638ba6b,['MODA E BELEZA'],MODA E BELEZA
505,13ea512ec6905271a81b450e551b62a8,['BRINQUEDOS E LAZER'],BRINQUEDOS E LAZER
506,140d9953eb16589e277967bbfcdf7ac5,"['LIVROS, MUSICA E PAPELARIA']","LIVROS, MUSICA E PAPELARIA"
507,141c7645c99eed7a80fa7ec9d6c40ad0,"['ELETRONICOS,INFORMATICA E AUDIO']","ELETRONICOS,INFORMATICA E AUDIO"
508,1436cb05507a787c1dc757c1fa2f275f,['CASA E CONFORTO'],CASA E CONFORTO
509,1436cba3294812a22fe0868db7581b68,"['ELETRONICOS,INFORMATICA E AUDIO']","ELETRONICOS,INFORMATICA E AUDIO"
510,1439b7c45e6b3497e1d86582382ec326,"['ELETRONICOS,INFORMATICA E AUDIO']","ELETRONICOS,INFORMATICA E AUDIO"
511,1439c73f16c16e5ec78a3b2ff4e4f73e,['BEBES'],BEBES
512,14476cba4d3587039214504002fd09ab,['MOVEIS E ELETRODOMESTICOS'],MOVEIS E ELETRODOMESTICOS
513,146f79f564602aa6bf9ecbd760651c7f,"['ELETRONICOS,INFORMATICA E AUDIO']","ELETRONICOS,INFORMATICA E AUDIO"
514,1476819dd3e3d7fc87ee304b36af52bb,"['LIVROS, MUSICA E PAPELARIA']","LIVROS, MUSICA E PAPELARIA"
515,1480130e23141d8399f31672d874d60f,['CASA E CONFORTO'],CASA E CONFORTO
516,1491a4777b694dc4c2e8916fd9a99b1e,['MODA E BELEZA'],MODA E BELEZA
517,149bca3daf097d7695389efb9b491653,['MODA E BELEZA'],MODA E BELEZA
518,149d32ba42826835e09c375b8a1fa923,"['ELETRONICOS,INFORMATICA E AUDIO']","ELETRONICOS,INFORMATICA E AUDIO"
519,14ac73e061a88e655cc2d6b984f3c81d,['FERRAMENTAS E CONSTRUCAO'],FERRAMENTAS E CONSTRUCAO
520,14bc0695cb3e3a338887d250c7cfafb9,['MODA E BELEZA'],MODA E BELEZA
521,14c7dfb8e61a3df193f153c72a99a3e5,['MODA E BELEZA'],MODA E BELEZA
522,14def5e6b6021ae117c181c039258033,['MODA E BELEZA'],MODA E BELEZA
523,14e02ed9bb6ea11904967b279f41df37,['ARTES E DECORACAO'],ARTES E DECORACAO
524,14e3b02a42f36ad7bdcdc8a0df427be3,['MODA E BELEZA'],MODA E BELEZA
525,15044169648e6a6e9b1ffe21405b6391,['MOVEIS E ELETRODOMESTICOS'],MOVEIS E ELETRODOMESTICOS
526,15150ddeaa74db28d29ed2ce89330311,['CASA E CONFORTO'],CASA E CONFORTO
527,151a3f0bc95fa85152c33fb906012832,"['ELETRONICOS,INFORMATICA E AUDIO']","ELETRONICOS,INFORMATICA E AUDIO"
528,15326c34cf9b21f614aab987f04df16d,['MODA E BELEZA'],MODA E BELEZA
529,15327faedc0b46ed8e761a6828b9e039,['BRINQUEDOS E LAZER'],BRINQUEDOS E LAZER
530,154296963babe7e6f491818cb07b17ba,['CASA E CONFORTO'],CASA E CONFORTO
531,154869e9010637920b946e369b26bfbc,['CASA E CONFORTO'],CASA E CONFORTO
532,1551eb55b3d7c7e38d2f826992446d64,['CASA E CONFORTO'],CASA E CONFORTO
533,1552dd7e036af008561d1a65bb12a622,['CASA E CONFORTO'],CASA E CONFORTO
534,156889c17ed038521b36aa41a165462e,['MODA E BELEZA'],MODA E BELEZA
535,1587f0c11595ff02ca8f9219568ef020,['MODA E BELEZA'],MODA E BELEZA
536,15b9bbc3bfc272e14a8da450ed7867c2,"['ELETRONICOS,INFORMATICA E AUDIO']","ELETRONICOS,INFORMATICA E AUDIO"
537,15c371c7aa7f65f363f03818e30090ad,['ARTES E DECORACAO'],ARTES E DECORACAO
538,15d975f1c3d089ac26a9b8b40df63d7b,['PET SHOP'],PET SHOP
539,15db3ee82b2592326fd5390713cf56eb,['MODA E BELEZA'],MODA E BELEZA
540,15e12d9cfb0958b1edd456f8ff11fcc8,['MOVEIS E ELETRODOMESTICOS'],MOVEIS E ELETRODOMESTICOS
541,160785e29f32dad981f631989203a58b,['CASA E CONFORTO'],CASA E CONFORTO
542,1607aa1dabb96d104838f96ccb72f225,['MOVEIS E ELETRODOMESTICOS'],MOVEIS E ELETRODOMESTICOS
543,160d1364f477494647a995f6bbec0b5f,['BEBES'],BEBES
544,161df324497b4eb26108b523c74327a5,['ARTES E DECORACAO'],ARTES E DECORACAO
545,1620c790cd0d6a55f4f5c3922764c96a,['MODA E BELEZA'],MODA E BELEZA
546,1644056a29868cbba3251a81fae0e1f8,['MODA E BELEZA'],MODA E BELEZA
547,165ee1a310dfbfa598f465cece5cc5bd,['BRINQUEDOS E LAZER'],BRINQUEDOS E LAZER
548,168777f697d19208fbd441b4029e441a,['MODA E BELEZA'],MODA E BELEZA
549,16973899e06db09cccd13b671d2d765d,['CASA E CONFORTO'],CASA E CONFORTO
550,16a10c94dc005b8e19195327eb853b21,['CASA E CONFORTO'],CASA E CONFORTO
551,16a7204d840d81ed38a60b9539607280,['MOVEIS E ELETRODOMESTICOS'],MOVEIS E ELETRODOMESTICOS
552,16b7de5d7e5c3c000744a76ea1861471,['ARTES E DECORACAO'],ARTES E DECORACAO
553,16be5e70ff2ab4fa7caf1f4350750711,"['AGRO, INDUSTRIA E NEGOCIOS']","AGRO, INDUSTRIA E NEGOCIOS"
554,16c24987724018f73b746aacfbb5f8e8,['BRINQUEDOS E LAZER'],BRINQUEDOS E LAZER
555,16da87fa74546020a5f0a6827959e160,"['ELETRONICOS,INFORMATICA E AUDIO']","ELETRONICOS,INFORMATICA E AUDIO"
556,16ed456866d66d9108a13a17374364c4,"['ELETRONICOS,INFORMATICA E AUDIO']","ELETRONICOS,INFORMATICA E AUDIO"
557,16efc11ccab2e8a17656020f80cd39e3,['MOVEIS E ELETRODOMESTICOS'],MOVEIS E ELETRODOMESTICOS
558,16fd9bbafac5533abf2bd1b5bec61ec4,"['ELETRONICOS,INFORMATICA E AUDIO']","ELETRONICOS,INFORMATICA E AUDIO"
559,170080bcc0fb2580b853e32c5c579d5f,['MOVEIS E ELETRODOMESTICOS'],MOVEIS E ELETRODOMESTICOS
560,17154f3e0cb2f2ecf1f80653696ec3eb,"['ELETRONICOS,INFORMATICA E AUDIO']","ELETRONICOS,INFORMATICA E AUDIO"
561,171d3263754e4e5227db940932f6a97f,['CASA E CONFORTO'],CASA E CONFORTO
562,172587311d5d0329ae5a761bf6ae4c80,"['ELETRONICOS,INFORMATICA E AUDIO']","ELETRONICOS,INFORMATICA E AUDIO"
563,1728325be5eb1de748928d1e52fbdc29,['MODA E BELEZA'],MODA E BELEZA
564,17295d6651c53865e020aa846be5ce3f,['MODA E BELEZA'],MODA E BELEZA
565,172fec73f3614b511c8ae819916ae54a,['CASA E CONFORTO'],CASA E CONFORTO
566,1734eb8be40c91938e56f9d245b636a5,['MODA E BELEZA'],MODA E BELEZA
567,1749aa0c3e963525049e36964941cee5,['BRINQUEDOS E LAZER'],BRINQUEDOS E LAZER
568,1764b7f40d0e7f04994494ffabf34ecc,['CASA E CONFORTO'],CASA E CONFORTO
569,17774450f243f686546b04633a04dbdb,"['ELETRONICOS,INFORMATICA E AUDIO']","ELETRONICOS,INFORMATICA E AUDIO"
570,1777854e00599d581f88f45af1432949,['FERRAMENTAS E CONSTRUCAO'],FERRAMENTAS E CONSTRUCAO
571,17825f24877a9289214c301ae0c9424b,['CASA E CONFORTO'],CASA E CONFORTO
572,178d4631e2d802e398e7ad53d76744db,['MODA E BELEZA'],MODA E BELEZA
573,179643231d5131dc81e54ce16437972f,"['ELETRONICOS,INFORMATICA E AUDIO']","ELETRONICOS,INFORMATICA E AUDIO"
574,179b63fcfafb80e064370a2ce74c81f7,['FERRAMENTAS E CONSTRUCAO'],FERRAMENTAS E CONSTRUCAO
575,17aafa6538c13ff8fc19c1a54fefedf1,['MODA E BELEZA'],MODA E BELEZA
576,17b129bc47ae24191ca5670deaa170f5,['FERRAMENTAS E CONSTRUCAO'],FERRAMENTAS E CONSTRUCAO
577,17b7508c1910a10c24406ce07442115a,['CASA E CONFORTO'],CASA E CONFORTO
578,17cc6728043d53cc948551dfbf0a338b,['MOVEIS E ELETRODOMESTICOS'],MOVEIS E ELETRODOMESTICOS
579,17ce4ce87048e4d27da01a07f97dafca,['CASA E CONFORTO'],CASA E CONFORTO
580,17dd29c2a9196baed66fc07147b4d819,['ARTES E DECORACAO'],ARTES E DECORACAO
581,17e1cb74d21a646b636519ba673acaa1,['BRINQUEDOS E LAZER'],BRINQUEDOS E LAZER
582,17f97d000b0ebd36b6dbdf154b0a3d7f,['MODA E BELEZA'],MODA E BELEZA
583,17fc4628dc62ac11a17e27e75ae9afdc,['MODA E BELEZA'],MODA E BELEZA
584,18050dfa4c5ef22446a2068184b7365b,['MOVEIS E ELETRODOMESTICOS'],MOVEIS E ELETRODOMESTICOS
585,180935cf02d9456075076eeaa57cdb70,"['ELETRONICOS,INFORMATICA E AUDIO']","ELETRONICOS,INFORMATICA E AUDIO"
586,180c04aeebcb390784f7d9c08dbd159d,['CASA E CONFORTO'],CASA E CONFORTO
587,180c9fcf056bcb72bbf79029ddfa0132,['MODA E BELEZA'],MODA E BELEZA
588,181835eef0cb512ef4d11e3240815b95,['CASA E CONFORTO'],CASA E CONFORTO
589,183a7d0aaaf6b16afaa897a44424494b,"['ELETRONICOS,INFORMATICA E AUDIO']","ELETRONICOS,INFORMATICA E AUDIO"
590,184470638d1eed17dd8215b62c63221d,"['ELETRONICOS,INFORMATICA E AUDIO']","ELETRONICOS,INFORMATICA E AUDIO"
591,185bb8598892fb8715f771ea136623d1,['BRINQUEDOS E LAZER'],BRINQUEDOS E LAZER
592,185e9cacef8c11db7ae713ba0ac68895,['AUTOMOTIVO'],AUTOMOTIVO
593,186fc1aa898961515ca374b0a320f6e8,['MODA E BELEZA'],MODA E BELEZA
594,18709eaac22345a27e1027cd4900b554,['MODA E BELEZA'],MODA E BELEZA
595,18744489f4f9774fa36be74698e7bc8f,['CASA E CONFORTO'],CASA E CONFORTO
596,1879b2219f6eeb88592378483e06c702,"['ELETRONICOS,INFORMATICA E AUDIO']","ELETRONICOS,INFORMATICA E AUDIO"
597,189ba95d81c72d1250e45df72f8acaa4,['BRINQUEDOS E LAZER'],BRINQUEDOS E LAZER
598,18a3784d31f9cf5e372cd05c15ce1502,['BRINQUEDOS E LAZER'],BRINQUEDOS E LAZER
599,18b5dc19d0cf40a8d307902c30296340,['ARTES E DECORACAO'],ARTES E DECORACAO
600,18bf6d7136b7e8ac817dc22f36ecbbd5,"['LIVROS, MUSICA E PAPELARIA']","LIVROS, MUSICA E PAPELARIA"
601,18c4a899f72e91da02c87e3242cfbe77,['CASA E CONFORTO'],CASA E CONFORTO
602,18c643cade587cd125b3a56377985cac,['CASA E CONFORTO'],CASA E CONFORTO
603,18d686f1bb1270182c646fe337459d79,['CASA E CONFORTO'],CASA E CONFORTO
604,18dfe50d6b2dbbbe6508b1b5eea3eae8,['CASA E CONFORTO'],CASA E CONFORTO
605,18e3a35aeb0cef53ac06a61f65c1f76b,['MODA E BELEZA'],MODA E BELEZA
606,18e4264c34fe91aab3b39ea012932f3d,['ALIMENTOS'],ALIMENTOS
607,18ea31163ebdbdd5972db7345aca7ae5,"['ELETRONICOS,INFORMATICA E AUDIO']","ELETRONICOS,INFORMATICA E AUDIO"
608,190557ff9eb3797082b5279359cf7bef,['BRINQUEDOS E LAZER'],BRINQUEDOS E LAZER
609,19130489d4798a17e7bbcb9a32b5dfb8,['BRINQUEDOS E LAZER'],BRINQUEDOS E LAZER
610,19135c945c554eebfd7576c733d5ebdd,"['ELETRONICOS,INFORMATICA E AUDIO']","ELETRONICOS,INFORMATICA E AUDIO"
611,1927dede91841ae67045915ce6fd11f1,"['ELETRONICOS,INFORMATICA E AUDIO']","ELETRONICOS,INFORMATICA E AUDIO"
612,192a0f41d4f1af20d8ef537a12a2076e,['MODA E BELEZA'],MODA E BELEZA
613,1932f20df9b3883e48068ecd03e6178f,['CASA E CONFORTO'],CASA E CONFORTO
614,1936ad02cf90caffb1558f148050521e,['PET SHOP'],PET SHOP
615,194a9f43598155086b091e0c827ad480,['CASA E CONFORTO'],CASA E CONFORTO
616,195362ade532294f73fff8ff4f138c3f,['MODA E BELEZA'],MODA E BELEZA
617,1960bcbcb43dbc59b615f82547e10203,['CASA E CONFORTO'],CASA E CONFORTO
618,1962dbe6d0755ae32f1381266df2e34a,['MODA E BELEZA'],MODA E BELEZA
619,196b28752aee8590f3ae915f8592b4f9,['MODA E BELEZA'],MODA E BELEZA
620,196bcd18b3770c231567c0f27b0b16fb,['MODA E BELEZA'],MODA E BELEZA
621,197b967f01bda6ab29436b91844e5e90,['MODA E BELEZA'],MODA E BELEZA
622,19b37f1efa2ddaf265496e78e245c19a,['MODA E BELEZA'],MODA E BELEZA
623,19b937e69325e082324396a05313613b,['MOVEIS E ELETRODOMESTICOS'],MOVEIS E ELETRODOMESTICOS
624,19ba784efbf17691a04ac155893e93b8,['BRINQUEDOS E LAZER'],BRINQUEDOS E LAZER
625,19c54d85fa291d4193fe838cbde71403,['CASA E CONFORTO'],CASA E CONFORTO
626,19d3baace748a12b60b7c0901b11a285,"['LIVROS, MUSICA E PAPELARIA']","LIVROS, MUSICA E PAPELARIA"
627,19ed69d3a61ae0fccfc6680129b94f10,['ARTES E DECORACAO'],ARTES E DECORACAO
628,19f18d8100c83fa718fbe5a064e982d1,['FERRAMENTAS E CONSTRUCAO'],FERRAMENTAS E CONSTRUCAO
629,19f876202a3c47556d275e9905d4400c,"['ELETRONICOS,INFORMATICA E AUDIO']","ELETRONICOS,INFORMATICA E AUDIO"
630,19fac8726c95312e1eb2a67af89f7723,['BEBES'],BEBES
631,1a24c42d543edc3c23123399b8aeb334,['CASA E CONFORTO'],CASA E CONFORTO
632,1a292836ced1aa222199c34c883f404e,"['LIVROS, MUSICA E PAPELARIA']","LIVROS, MUSICA E PAPELARIA"
633,1a2a468a88fbd60a59aae3fc94bcf40d,"['ELETRONICOS,INFORMATICA E AUDIO']","ELETRONICOS,INFORMATICA E AUDIO"
634,1a358c4ef8c7d066e7e526670d486f3e,"['ELETRONICOS,INFORMATICA E AUDIO']","ELETRONICOS,INFORMATICA E AUDIO"
635,1a3e254f72fc156c53e8a57d3129c7ca,['CASA E CONFORTO'],CASA E CONFORTO
636,1a49eefb9e76ce92c81ef0dde4a431ff,"['ELETRONICOS,INFORMATICA E AUDIO']","ELETRONICOS,INFORMATICA E AUDIO"
637,1a4ce6e380dae0771ca218753b0739a1,['CASA E CONFORTO'],CASA E CONFORTO
638,1a5ec149ca0570ddff60135606190445,['MODA E BELEZA'],MODA E BELEZA
639,1a66f333fc14fa09a218cbb11f00233d,['BRINQUEDOS E LAZER'],BRINQUEDOS E LAZER
640,1a6b9a764637acbc39e1624a2211f548,"['ELETRONICOS,INFORMATICA E AUDIO']","ELETRONICOS,INFORMATICA E AUDIO"
641,1a925e694e87b358e9c3732e97146d9b,['MODA E BELEZA'],MODA E BELEZA
642,1a9543c90f188e2e4fb14327ad4a9c9b,['MOVEIS E ELETRODOMESTICOS'],MOVEIS E ELETRODOMESTICOS
643,1aad12119a878d0718676e9190cdbf28,['MOVEIS E ELETRODOMESTICOS'],MOVEIS E ELETRODOMESTICOS
644,1ab44f7237928287806feb9f4fba7820,['MODA E BELEZA'],MODA E BELEZA
645,1ac605c3c8e2ee53279c7b0bd52c6aec,['BRINQUEDOS E LAZER'],BRINQUEDOS E LAZER
646,1ac738eda8e6f03f198f3cd185d60cb1,"['ELETRONICOS,INFORMATICA E AUDIO']","ELETRONICOS,INFORMATICA E AUDIO"
647,1acbcc1d765cecf7db32b44062d5dd16,['BEBES'],BEBES
648,1acc110c076e80f4bfa1375a2b31d1d1,['MOVEIS E ELETRODOMESTICOS'],MOVEIS E ELETRODOMESTICOS
649,1acce04b55fc66a663c4ee941d0cf438,"['LIVROS, MUSICA E PAPELARIA']","LIVROS, MUSICA E PAPELARIA"
650,1ae9416cc460b54e019ac44ba53f5b1b,"['ELETRONICOS,INFORMATICA E AUDIO']","ELETRONICOS,INFORMATICA E AUDIO"
651,1aeb7327979c2a19b8f80b9df367d99f,['CASA E CONFORTO'],CASA E CONFORTO
652,1b0577d71cd408c29c2fe1c9ec939056,['CASA E CONFORTO'],CASA E CONFORTO
653,1b0816f005179796807a9b23f4c2df11,['MODA E BELEZA'],MODA E BELEZA
654,1b0ed67e2931f09f00cd8553479f5823,['BEBES'],BEBES
655,1b147191d6c1f8ce8f2cf5d52f3e9c49,['ARTES E DECORACAO'],ARTES E DECORACAO
656,1b1cfac7fddb9f3b9f9021fd182a557b,"['ELETRONICOS,INFORMATICA E AUDIO']","ELETRONICOS,INFORMATICA E AUDIO"
657,1b3190b2dfa9d789e1f14c05b647a14a,['ARTES E DECORACAO'],ARTES E DECORACAO
658,1b3308992abe10ed7ce26077dce05e8e,"['LIVROS, MUSICA E PAPELARIA']","LIVROS, MUSICA E PAPELARIA"
659,1b4302389eccf1e9df072501f38b1e9a,['BRINQUEDOS E LAZER'],BRINQUEDOS E LAZER
660,1b506ab4d2fae3d70d95f8d0a4d8d094,['MODA E BELEZA'],MODA E BELEZA
661,1b707b39012c0b3ca09069f1063a8811,"['ELETRONICOS,INFORMATICA E AUDIO']","ELETRONICOS,INFORMATICA E AUDIO"
662,1b75e38e0739ccdd08fb7e7cd6fe8342,['ARTES E DECORACAO'],ARTES E DECORACAO
663,1b81f91da4e3e80f225b9295696ca22d,"['ELETRONICOS,INFORMATICA E AUDIO']","ELETRONICOS,INFORMATICA E AUDIO"
664,1b8229f528e0e8f6366e483d7407932c,['BRINQUEDOS E LAZER'],BRINQUEDOS E LAZER
665,1b82cfd1e6a6d682ee254b2ff4cf387f,['CASA E CONFORTO'],CASA E CONFORTO
666,1b8dc892aec525e5b60529c26eab5a95,['MODA E BELEZA'],MODA E BELEZA
667,1b972feb2ea1e13fc92a33e665b399c8,['MODA E BELEZA'],MODA E BELEZA
668,1b9f098d737d935f7db04ff053f529be,['BRINQUEDOS E LAZER'],BRINQUEDOS E LAZER
669,1ba709b2606b232b367cb08a49738fa1,['MOVEIS E ELETRODOMESTICOS'],MOVEIS E ELETRODOMESTICOS
670,1ba8d0116eff4ce64f79e9094f241f6b,['ARTES E DECORACAO'],ARTES E DECORACAO
671,1bb0235977da74346734b2f9a3a1d7ae,['MODA E BELEZA'],MODA E BELEZA
672,1bb1bff5951d630e985ec8d3f8037b86,['MODA E BELEZA'],MODA E BELEZA
673,1bbf2953472be17b4ba5726a24d40f05,['BRINQUEDOS E LAZER'],BRINQUEDOS E LAZER
674,1bc7db82fdfd333b6bc74fa6643c694b,['MOVEIS E ELETRODOMESTICOS'],MOVEIS E ELETRODOMESTICOS
675,1beff5a1483dd3918e704891418a9f05,['MODA E BELEZA'],MODA E BELEZA
676,1bf4871c57b8284ca1dfa1a02ad278c6,['MOVEIS E ELETRODOMESTICOS'],MOVEIS E ELETRODOMESTICOS
677,1bfb270ca4a727aa929151dd9c9bd955,"['ELETRONICOS,INFORMATICA E AUDIO']","ELETRONICOS,INFORMATICA E AUDIO"
678,1bfc798ddb9dadbccfa5ae581d9919ec,['MOVEIS E ELETRODOMESTICOS'],MOVEIS E ELETRODOMESTICOS
679,1c0490571354a25001e89c6de9598839,"['LIVROS, MUSICA E PAPELARIA']","LIVROS, MUSICA E PAPELARIA"
680,1c0b41996d287cfa89739affd2df8033,['AUTOMOTIVO'],AUTOMOTIVO
681,1c1975ccdbd34c48a241f30cc2258dbb,['MOVEIS E ELETRODOMESTICOS'],MOVEIS E ELETRODOMESTICOS
682,1c1c151fd9d7a589bffa44635f4f1310,"['ELETRONICOS,INFORMATICA E AUDIO']","ELETRONICOS,INFORMATICA E AUDIO"
683,1c308eca3f339414a92e518e2a2e5ee9,['CASA E CONFORTO'],CASA E CONFORTO
684,1c355a011e2b33259ad6a363cfed6166,['MOVEIS E ELETRODOMESTICOS'],MOVEIS E ELETRODOMESTICOS
685,1c39bf040d6c444d6b306bae83f9f49e,['MOVEIS E ELETRODOMESTICOS'],MOVEIS E ELETRODOMESTICOS
686,1c3a0db39be54440c72e0111f46856e6,['CASA E CONFORTO'],CASA E CONFORTO
687,1c596aea2c7f298b4ccafe3b88d7dfeb,['CASA E CONFORTO'],CASA E CONFORTO
688,1c5e5f8876d71c023da34d2abd4c9f26,"['ELETRONICOS,INFORMATICA E AUDIO']","ELETRONICOS,INFORMATICA E AUDIO"
689,1c6538c8fc11f02d495ed84516f5c645,['CASA E CONFORTO'],CASA E CONFORTO
690,1c709af6dc28e45be0dda17b368271df,['MOVEIS E ELETRODOMESTICOS'],MOVEIS E ELETRODOMESTICOS
691,1c7b6d63329bdc850ffdb1a9ad6d6ded,"['ELETRONICOS,INFORMATICA E AUDIO']","ELETRONICOS,INFORMATICA E AUDIO"
692,1c8b5a1518e3fa1ce5ad4e40ae664998,['BRINQUEDOS E LAZER'],BRINQUEDOS E LAZER
693,1c8e6591884dc005a896f84dfb6008ff,['AUTOMOTIVO'],AUTOMOTIVO
694,1ca0741e454cd1c5368c964217a34795,['MODA E BELEZA'],MODA E BELEZA
695,1ca816da4b6e814732f7cdc2365bf540,['AUTOMOTIVO'],AUTOMOTIVO
696,1ca88ffec09fd363aa4aa1cb994c851d,['CASA E CONFORTO'],CASA E CONFORTO
697,1cb38ae65fed9fa76684ac28035d4350,"['ELETRONICOS,INFORMATICA E AUDIO']","ELETRONICOS,INFORMATICA E AUDIO"
698,1cbd4699bdc656606f114d4710bf87bd,['MODA E BELEZA'],MODA E BELEZA
699,1cbee9a2dd4b2a7e2c95a4b9ef21bd0a,"['ELETRONICOS,INFORMATICA E AUDIO']","ELETRONICOS,INFORMATICA E AUDIO"
700,1cc788ba1c0fa91ed3d7bf5a45a203a4,['MODA E BELEZA'],MODA E BELEZA
701,1cdbaaa0377025fdc1847dd3619f88db,['MODA E BELEZA'],MODA E BELEZA
702,1cdfc7851cb3d94ed77b3fe4cafa2fad,['BEBES'],BEBES
703,1ce94e846b53c3ed9a075323a8dbe580,['CASA E CONFORTO'],CASA E CONFORTO
704,1cf0fc2c07de89a211f8dcf9ff5af15b,['ARTES E DECORACAO'],ARTES E DECORACAO
705,1cfb210fdaf81f98065605323fe31fa3,"['LIVROS, MUSICA E PAPELARIA']","LIVROS, MUSICA E PAPELARIA"
706,1d0c373f68c650322d4f065497cd4494,['FERRAMENTAS E CONSTRUCAO'],FERRAMENTAS E CONSTRUCAO
707,1d14bb358f43b14725c70bdc035ce24e,['MOVEIS E ELETRODOMESTICOS'],MOVEIS E ELETRODOMESTICOS
708,1d26a591feb074e4f4b71ead74c4e8dd,['CASA E CONFORTO'],CASA E CONFORTO
709,1d2985e523eaab9f73fa2a2e820a6b12,['CASA E CONFORTO'],CASA E CONFORTO
710,1d3a68238096f9cec486437166e57716,['MODA E BELEZA'],MODA E BELEZA
711,1d3b8d78074e0b50f10346941e67e9de,"['LIVROS, MUSICA E PAPELARIA']","LIVROS, MUSICA E PAPELARIA"
712,1d41e51a91eda6adf4505b3c15cf6068,['BRINQUEDOS E LAZER'],BRINQUEDOS E LAZER
713,1d450eeb8b913996d213b6e22127ef22,"['LIVROS, MUSICA E PAPELARIA']","LIVROS, MUSICA E PAPELARIA"
714,1d496c62bf852e069018c2b038064949,['CASA E CONFORTO'],CASA E CONFORTO
715,1d4e3c08acd5f70230aa904ef3cb86e3,['CASA E CONFORTO'],CASA E CONFORTO
716,1d4fff6b3a70a427fcd88a848c3b6050,['CASA E CONFORTO'],CASA E CONFORTO
717,1d6632a2caaca23824c538190fe607c9,['ARTES E DECORACAO'],ARTES E DECORACAO
718,1d6bda6e5595652f956770a32ae4ba0d,"['ELETRONICOS,INFORMATICA E AUDIO']","ELETRONICOS,INFORMATICA E AUDIO"
719,1d6df969542603d9f097e871bff9a9b7,['CASA E CONFORTO'],CASA E CONFORTO
720,1d748fa1652f04b064b6cf65739b04dc,['CASA E CONFORTO'],CASA E CONFORTO
721,1d95cfa17a6ea1b7908c0d284f9ee2c8,['BRINQUEDOS E LAZER'],BRINQUEDOS E LAZER
722,1da4a48423b45db9eb872fbd7b5eaccb,['CASA E CONFORTO'],CASA E CONFORTO
723,1daac984799baadc362aa381ac57d65f,['CASA E CONFORTO'],CASA E CONFORTO
724,1dacb75a3f524523a6521835a6787057,['MOVEIS E ELETRODOMESTICOS'],MOVEIS E ELETRODOMESTICOS
725,1db135327d0fc7840c151b4ea5d5a21a,"['ELETRONICOS,INFORMATICA E AUDIO']","ELETRONICOS,INFORMATICA E AUDIO"
726,1db522d84fad144624204d532f5277f4,['CASA E CONFORTO'],CASA E CONFORTO
727,1dc2fa22dbb160db9eb90923718fd0c5,"['ELETRONICOS,INFORMATICA E AUDIO']","ELETRONICOS,INFORMATICA E AUDIO"
728,1dc762b27fac9fd0a2a373b1765904d6,"['LIVROS, MUSICA E PAPELARIA']","LIVROS, MUSICA E PAPELARIA"
729,1dd7e8d1a469f3ce26f8c5c93ce9e636,"['ELETRONICOS,INFORMATICA E AUDIO']","ELETRONICOS,INFORMATICA E AUDIO"
730,1ddfa120c8ef1f70ac2fa0aefb241675,['BRINQUEDOS E LAZER'],BRINQUEDOS E LAZER
731,1def5208ea4cb393260ab333be753296,"['ELETRONICOS,INFORMATICA E AUDIO']","ELETRONICOS,INFORMATICA E AUDIO"
732,1df35a8f4e554dd3a4752f22e3c15a63,['BRINQUEDOS E LAZER'],BRINQUEDOS E LAZER
733,1dfc0df462a5535aa569317a1cf19a17,['FERRAMENTAS E CONSTRUCAO'],FERRAMENTAS E CONSTRUCAO
734,1e07ba4e9a6dafcecd0c46111e477e5c,['BEBES'],BEBES
735,1e12d5b3e0bc11aa9db357373ccde6f8,['MOVEIS E ELETRODOMESTICOS'],MOVEIS E ELETRODOMESTICOS
736,1e189a60261c3efb60bdace6d37ac223,['MOVEIS E ELETRODOMESTICOS'],MOVEIS E ELETRODOMESTICOS
737,1e219f956f9c6addbb50e09227473228,['BRINQUEDOS E LAZER'],BRINQUEDOS E LAZER
738,1e24c66f40e16d38609ed026af8b4c94,['MODA E BELEZA'],MODA E BELEZA
739,1e2c9c8656ce0a547546849a9383ec0b,['MODA E BELEZA'],MODA E BELEZA
740,1e2e0bd44283a412e965e041198550c2,['AUTOMOTIVO'],AUTOMOTIVO
741,1e2f320acd9cf7428412fb4ba5c537fe,['MOVEIS E ELETRODOMESTICOS'],MOVEIS E ELETRODOMESTICOS
742,1e3ce42424fd2f55a6ec734f9e63f041,['CASA E CONFORTO'],CASA E CONFORTO
743,1e50081a481cd77d211e822a33a0f359,['BRINQUEDOS E LAZER'],BRINQUEDOS E LAZER
744,1e5063a13feccd482c1d71d5148a8a8d,['CASA E CONFORTO'],CASA E CONFORTO
745,1e5116c850ec5a9a3a83ff73bd06aef6,['ARTES E DECORACAO'],ARTES E DECORACAO
746,1e55ec3322465b5b6dc07d7f5ef45f99,['CASA E CONFORTO'],CASA E CONFORTO
747,1e718803a62786233aedeb09414e1495,['BEBES'],BEBES
748,1e7aa60419488b934fe799d6faad8b7b,['BRINQUEDOS E LAZER'],BRINQUEDOS E LAZER
749,1e7d25f611e794f9614dd3e10a8596e7,"['LIVROS, MUSICA E PAPELARIA']","LIVROS, MUSICA E PAPELARIA"
750,1e80928c1e41dacaab0a0409f3e0b130,"['ELETRONICOS,INFORMATICA E AUDIO']","ELETRONICOS,INFORMATICA E AUDIO"
751,1e90eae620cdf28010098a2159d56ebf,['BRINQUEDOS E LAZER'],BRINQUEDOS E LAZER
752,1e9352dba893481b509cf78caedc1cc5,['MODA E BELEZA'],MODA E BELEZA
753,1e9848c0cef533284eeb143f5032a34c,['BRINQUEDOS E LAZER'],BRINQUEDOS E LAZER
754,1ea65cecbb597686d8cd052ac3027b0f,['BRINQUEDOS E LAZER'],BRINQUEDOS E LAZER
755,1eaa935853fe167483625d418b44a5ca,['MODA E BELEZA'],MODA E BELEZA
756,1eab72eb166f0f84fb07b37a5d044f56,['MODA E BELEZA'],MODA E BELEZA
757,1eb1c9ea2b136f9dd002a9653253f916,['CASA E CONFORTO'],CASA E CONFORTO
758,1edf3cfb4e85e8094a0a1f4cef3f6215,['MODA E BELEZA'],MODA E BELEZA
759,1edf98fefd6006f56d46ffb5ce962831,['CASA E CONFORTO'],CASA E CONFORTO
760,1ef3f20960d2c64d49f7154f3fd63a43,['ARTES E DECORACAO'],ARTES E DECORACAO
761,1ef47fb13ee9044b5e5aa3bd388755de,['CASA E CONFORTO'],CASA E CONFORTO
762,1f01fe794c7b4f7066b38ad326c4bfa2,['BRINQUEDOS E LAZER'],BRINQUEDOS E LAZER
763,1f057fd42c4cc8c1711e2b9ae3719afe,"['ELETRONICOS,INFORMATICA E AUDIO']","ELETRONICOS,INFORMATICA E AUDIO"
764,1f0c014f0e64850a2020368551656dba,"['ELETRONICOS,INFORMATICA E AUDIO']","ELETRONICOS,INFORMATICA E AUDIO"
765,1f0caeab2e84048dd8f4d149904c0d8f,['MODA E BELEZA'],MODA E BELEZA
766,1f0e3e7a13d98443333a705e4ea42148,['MODA E BELEZA'],MODA E BELEZA
767,1f137a14de43d022802dd2375ff30e87,['MOVEIS E ELETRODOMESTICOS'],MOVEIS E ELETRODOMESTICOS
768,1f19e6ce9fb04dda9ce82b2172a84d82,"['LIVROS, MUSICA E PAPELARIA']","LIVROS, MUSICA E PAPELARIA"
769,1f2549d7ef318c284a2434ac629030ea,['CASA E CONFORTO'],CASA E CONFORTO
770,1f2638f8b42427da20d04f8fe55f4588,"['ELETRONICOS,INFORMATICA E AUDIO']","ELETRONICOS,INFORMATICA E AUDIO"
771,1f33cd6b71508145011dd5552fc289d4,"['ELETRONICOS,INFORMATICA E AUDIO']","ELETRONICOS,INFORMATICA E AUDIO"
772,1f470d4ca1db400febaf5a2e7c364e04,"['ELETRONICOS,INFORMATICA E AUDIO']","ELETRONICOS,INFORMATICA E AUDIO"
773,1f4994f63a494cae176662935b4a8342,['BRINQUEDOS E LAZER'],BRINQUEDOS E LAZER
774,1f55d59fd95c97d28af581c3c7b4f267,['BEBES'],BEBES
775,1f68afd1b515cc9202ccaadf56181d57,"['AGRO, INDUSTRIA E NEGOCIOS']","AGRO, INDUSTRIA E NEGOCIOS"
776,1f6c0814bc17d77eaa0f31f053ec9ae2,['MODA E BELEZA'],MODA E BELEZA
777,1f7565efbb90c33b80f467d6a75332c5,['MOVEIS E ELETRODOMESTICOS'],MOVEIS E ELETRODOMESTICOS
778,1f7d17608a000d5ba90ed31a6faa231e,['FERRAMENTAS E CONSTRUCAO'],FERRAMENTAS E CONSTRUCAO
779,1f8c89e0b4033cf3a956761da1a72f5c,['CASA E CONFORTO'],CASA E CONFORTO
780,1f93b86e99f08972d9d0fe0757d8c6b3,['MODA E BELEZA'],MODA E BELEZA
781,1fa78500e37879853df6bf65220a3994,"['ELETRONICOS,INFORMATICA E AUDIO']","ELETRONICOS,INFORMATICA E AUDIO"
782,1fac4d3f34c72501c48ff0db90773dda,['FERRAMENTAS E CONSTRUCAO'],FERRAMENTAS E CONSTRUCAO
783,1fba572d64e0fa6d6bbfdd06b5704e6c,['FERRAMENTAS E CONSTRUCAO'],FERRAMENTAS E CONSTRUCAO
784,1fbf5baa345604aa56a1e8a510eafd49,['MODA E BELEZA'],MODA E BELEZA
785,1fc81b1074b61a259529663946b10a32,['CASA E CONFORTO'],CASA E CONFORTO
786,1fda06c4d014e1f00378d6f6e1d46cd1,['MODA E BELEZA'],MODA E BELEZA
787,1fe07512d05f79bf44e02f7052cca2df,['MODA E BELEZA'],MODA E BELEZA
788,1fed6df7b405432dd6dc44693a35b86c,['CASA E CONFORTO'],CASA E CONFORTO
789,200553df452156c2fec1e8250369636c,['BRINQUEDOS E LAZER'],BRINQUEDOS E LAZER
790,200cb3a47d4f37e4c7a76abf51fd7ef1,['MOVEIS E ELETRODOMESTICOS'],MOVEIS E ELETRODOMESTICOS
791,201164b89baf9300df72f328a6e5842e,['CASA E CONFORTO'],CASA E CONFORTO
792,201183426051cfc62c56f2414b2480e3,['MOVEIS E ELETRODOMESTICOS'],MOVEIS E ELETRODOMESTICOS
793,201ebbf7634b25abd400f84d519cf297,['BEBES'],BEBES
794,202e894238874491c6d7ab51da37d94c,['BEBES'],BEBES
795,203096f03d82e0dffbc41ebc2e2bcfb7,['MODA E BELEZA'],MODA E BELEZA
796,203acfb176ad05fd52bc951bd747ad91,['FERRAMENTAS E CONSTRUCAO'],FERRAMENTAS E CONSTRUCAO
797,2041c29aa52322435b0b0f604df2a44b,"['AGRO, INDUSTRIA E NEGOCIOS']","AGRO, INDUSTRIA E NEGOCIOS"
798,2049616726f9272f1d1456285ad13cf5,['MODA E BELEZA'],MODA E BELEZA
799,204afbf2adcafc867358369a658ea7aa,['MODA E BELEZA'],MODA E BELEZA
800,204db9688bc8186b733dc3104b6616bc,"['AGRO, INDUSTRIA E NEGOCIOS']","AGRO, INDUSTRIA E NEGOCIOS"
801,20512b4674a770930ecdcd3634e64cbe,['CASA E CONFORTO'],CASA E CONFORTO
802,205600cda4d43b1596093a3297908ea5,['FERRAMENTAS E CONSTRUCAO'],FERRAMENTAS E CONSTRUCAO
803,2060f68421a955938346e798d8809343,['MODA E BELEZA'],MODA E BELEZA
804,2065ad549db75287b04797d276d50564,['MODA E BELEZA'],MODA E BELEZA
805,2081888273614ad809543f519e949fc5,['MODA E BELEZA'],MODA E BELEZA
806,208d2f562248053cf12d13a00b6777fb,['CASA E CONFORTO'],CASA E CONFORTO
807,20a1b5b821806e87157587550af9d52e,['CASA E CONFORTO'],CASA E CONFORTO
808,20aff577f80dd98ac1b754e482d0f0cf,['CASA E CONFORTO'],CASA E CONFORTO
809,20b35fad7bb43c9b2e1d1b2e7b894ac5,['MODA E BELEZA'],MODA E BELEZA
810,20b99bf1ea8fdeca4e8f4872c584d0ec,['ARTES E DECORACAO'],ARTES E DECORACAO
811,20d7abe06a51b7f148c505a2f1c7b785,['MOVEIS E ELETRODOMESTICOS'],MOVEIS E ELETRODOMESTICOS
812,20e64aa65fbb0149e274381104f46bbe,['CASA E CONFORTO'],CASA E CONFORTO
813,20ea67720234d8e46c6dc89f8b1dc16a,['MOVEIS E ELETRODOMESTICOS'],MOVEIS E ELETRODOMESTICOS
814,20ece825fd1a3714c240d58a96df35ea,['AUTOMOTIVO'],AUTOMOTIVO
815,20ed2a2a62a766cbb3f2636a85ce3eab,['MODA E BELEZA'],MODA E BELEZA
816,20f96d395d08faf685dfd963c91f0563,['CASA E CONFORTO'],CASA E CONFORTO
817,210815e915694747f4d7f75010d5a665,"['ELETRONICOS,INFORMATICA E AUDIO']","ELETRONICOS,INFORMATICA E AUDIO"
818,21196c30747231d579091396af990f0e,['BRINQUEDOS E LAZER'],BRINQUEDOS E LAZER
819,212ce4538533ab322ea417619c2f627d,['MODA E BELEZA'],MODA E BELEZA
820,21403027f4ab40334345e1c8626a6a3c,['FERRAMENTAS E CONSTRUCAO'],FERRAMENTAS E CONSTRUCAO
821,21446a89bd1b60e7daab9013a9b1f6de,"['ELETRONICOS,INFORMATICA E AUDIO']","ELETRONICOS,INFORMATICA E AUDIO"
822,21608598d187cb9b14e7b81978c0e6bb,['MOVEIS E ELETRODOMESTICOS'],MOVEIS E ELETRODOMESTICOS
823,216720f8251b8f0ed3800a7de50ae44a,['CASA E CONFORTO'],CASA E CONFORTO
824,216b6395628241d62abe56159c7a3841,['CASA E CONFORTO'],CASA E CONFORTO
825,21740bea241f06ee46a7febe29061c31,['BRINQUEDOS E LAZER'],BRINQUEDOS E LAZER
826,21763fb51dbd0bedf54d7975e48770cc,['BRINQUEDOS E LAZER'],BRINQUEDOS E LAZER
827,217fa08ee792f84b2a3b3a84ee263b0e,"['ELETRONICOS,INFORMATICA E AUDIO']","ELETRONICOS,INFORMATICA E AUDIO"
828,2180c97a87cb56e53fff589f28985825,['MOVEIS E ELETRODOMESTICOS'],MOVEIS E ELETRODOMESTICOS
829,2180fdde58f11e59974590731572691c,['MODA E BELEZA'],MODA E BELEZA
830,2187a89df025d844e72cfc51e29dcd6c,"['ELETRONICOS,INFORMATICA E AUDIO']","ELETRONICOS,INFORMATICA E AUDIO"
831,21953f0f5d8d20ed590fcb9683be8b6d,"['ELETRONICOS,INFORMATICA E AUDIO']","ELETRONICOS,INFORMATICA E AUDIO"
832,21986117cfddd42a35f894deadbe2f95,['CASA E CONFORTO'],CASA E CONFORTO
833,2199c1bff4b83c7fbfe37f9f8818326b,['CASA E CONFORTO'],CASA E CONFORTO
834,21adb757aaef1f7f6240352b33d30e5a,['MOVEIS E ELETRODOMESTICOS'],MOVEIS E ELETRODOMESTICOS
835,21b040554a153e4deafd3f3faf6e9b60,['CASA E CONFORTO'],CASA E CONFORTO
836,21b47da23dc2187f6da58dfd7698faa8,['MODA E BELEZA'],MODA E BELEZA
837,21bdc97768bc2e7a3e428d0ede7deb85,"['ELETRONICOS,INFORMATICA E AUDIO']","ELETRONICOS,INFORMATICA E AUDIO"
838,21c24f8f2452ec20a5184abfb269c35e,['CASA E CONFORTO'],CASA E CONFORTO
839,21cd0af59d306fa46a923c811618e3be,['MODA E BELEZA'],MODA E BELEZA
840,21d5a8c3c47b36c7e6a5d06cd1a89087,['AUTOMOTIVO'],AUTOMOTIVO
841,21d7cc8e7e9305ef7b30554a2227493d,['CASA E CONFORTO'],CASA E CONFORTO
842,21dc00cebbf91043aad476465c49c42f,['MODA E BELEZA'],MODA E BELEZA
843,21dfb91aa3e9fa351ae6f12da1c53fb9,['MODA E BELEZA'],MODA E BELEZA
844,21e668861c7c6205d1e20ce7b24fae41,['FERRAMENTAS E CONSTRUCAO'],FERRAMENTAS E CONSTRUCAO
845,21f09ddab3452c7541fdd8b251645918,"['ELETRONICOS,INFORMATICA E AUDIO']","ELETRONICOS,INFORMATICA E AUDIO"
846,222078339afa2788819420928e8b859c,"['LIVROS, MUSICA E PAPELARIA']","LIVROS, MUSICA E PAPELARIA"
847,2227760b50f899205ac9d202e3d9d981,['MODA E BELEZA'],MODA E BELEZA
848,224d5440ae7516a5ca867b2d5311147b,['FERRAMENTAS E CONSTRUCAO'],FERRAMENTAS E CONSTRUCAO
849,225f91612c9a38c727b64ac3c7d11e7c,['AUTOMOTIVO'],AUTOMOTIVO
850,2266500ca5b798560c757fd60dd13462,['CASA E CONFORTO'],CASA E CONFORTO
851,226bc0c2f038af61a10705e253ef0d6a,['CASA E CONFORTO'],CASA E CONFORTO
852,226bdeb6252bfee90f63517f430be2e9,['MOVEIS E ELETRODOMESTICOS'],MOVEIS E ELETRODOMESTICOS
853,22875ab1b7dadfad36b9181f36a1b8d6,"['ELETRONICOS,INFORMATICA E AUDIO']","ELETRONICOS,INFORMATICA E AUDIO"
854,2292c00843a93f0cff36af4ad5791098,['MOVEIS E ELETRODOMESTICOS'],MOVEIS E ELETRODOMESTICOS
855,22a0afb00de21962e96bef9ec5b51223,['MODA E BELEZA'],MODA E BELEZA
856,22b4202b17bc3ba77ee0b82dce7640f4,"['ELETRONICOS,INFORMATICA E AUDIO']","ELETRONICOS,INFORMATICA E AUDIO"
857,22cbb862caaa697ec27060c8112bcb10,['BRINQUEDOS E LAZER'],BRINQUEDOS E LAZER
858,22cd5c06a19914a8094c39a506a7ac05,['MODA E BELEZA'],MODA E BELEZA
859,22d494f5aa645ca9c597962040fc930f,['BRINQUEDOS E LAZER'],BRINQUEDOS E LAZER
860,22e93d4515387496e3bd3cf6e8eca396,['ALIMENTOS'],ALIMENTOS
861,22fe036a63b56dfae665a7e584138f37,['MODA E BELEZA'],MODA E BELEZA
862,22fe0bf39d80f86f5f4a106875e9adf9,['MODA E BELEZA'],MODA E BELEZA
863,2301c13c9dc02b9c8d61919206e15e1c,"['ELETRONICOS,INFORMATICA E AUDIO']","ELETRONICOS,INFORMATICA E AUDIO"
864,230c4b870a8eec405f6b5db505974701,['MODA E BELEZA'],MODA E BELEZA
865,2325d666957d7dff6712511c743fb2ff,['MODA E BELEZA'],MODA E BELEZA
866,233c8509a65f222cf855765d0784b68f,"['LIVROS, MUSICA E PAPELARIA']","LIVROS, MUSICA E PAPELARIA"
867,234ac296ce754ab2518ae1bcde8b0fea,"['ELETRONICOS,INFORMATICA E AUDIO']","ELETRONICOS,INFORMATICA E AUDIO"
868,234c056c50619f48da64f731c48242b4,['SERVIÇOS'],SERVIÇOS
869,2353193a857232c5eb9a7604fc505089,['MODA E BELEZA'],MODA E BELEZA
870,2359b971147acb269d1cdd25c07c704d,['MOVEIS E ELETRODOMESTICOS'],MOVEIS E ELETRODOMESTICOS
871,236ae03bfee2c49ab78fa9227892c5e6,['BRINQUEDOS E LAZER'],BRINQUEDOS E LAZER
872,236dc705223e6458673e808d1024d671,"['ELETRONICOS,INFORMATICA E AUDIO']","ELETRONICOS,INFORMATICA E AUDIO"
873,23716dd823fe476b656d033ecc6bdb9e,['BRINQUEDOS E LAZER'],BRINQUEDOS E LAZER
874,2372e039a79fcd32009462cf86c2616f,['MOVEIS E ELETRODOMESTICOS'],MOVEIS E ELETRODOMESTICOS
875,23847650c6dde17cb17a2b180af209bd,"['ELETRONICOS,INFORMATICA E AUDIO']","ELETRONICOS,INFORMATICA E AUDIO"
876,238652e39c5fdf89a8fd44776f532501,['CASA E CONFORTO'],CASA E CONFORTO
877,2386b5c23a2a5a08397fa987f56b8fde,['BRINQUEDOS E LAZER'],BRINQUEDOS E LAZER
878,239a0e07e6d82c443b1ac00860f30c27,['MODA E BELEZA'],MODA E BELEZA
879,23a0c1ef37b1e2599235e834bbb55673,['MODA E BELEZA'],MODA E BELEZA
880,23aee6ac2f5a0a3056aa62c615974c0c,"['AGRO, INDUSTRIA E NEGOCIOS']","AGRO, INDUSTRIA E NEGOCIOS"
881,23af56e201b15091e86aebe6bde84b2b,['MODA E BELEZA'],MODA E BELEZA
882,23bd3ea8478099ea89638b5514a1198b,"['ELETRONICOS,INFORMATICA E AUDIO']","ELETRONICOS,INFORMATICA E AUDIO"
883,23bd4c7d83fd48f908879d5a1aa32bf8,"['ELETRONICOS,INFORMATICA E AUDIO']","ELETRONICOS,INFORMATICA E AUDIO"
884,23d00a56e9a6088d2263041613defe1a,['ARTES E DECORACAO'],ARTES E DECORACAO
885,23d0b20c60078dcc168f59918e82f76f,['MODA E BELEZA'],MODA E BELEZA
886,23f958d8fed53e69461c299f20da7a11,['MOVEIS E ELETRODOMESTICOS'],MOVEIS E ELETRODOMESTICOS
887,23fb82faac9266fd7373286d1d2fc02a,['MOVEIS E ELETRODOMESTICOS'],MOVEIS E ELETRODOMESTICOS
888,23fbdff7118cf3f2b0f4eb5b74f6ee2f,['CASA E CONFORTO'],CASA E CONFORTO
889,23fd789ce06f3c54f212b3b9d358579f,['BRINQUEDOS E LAZER'],BRINQUEDOS E LAZER
890,23fecfa4bb4a22fea354fcab23bcf1cc,['FERRAMENTAS E CONSTRUCAO'],FERRAMENTAS E CONSTRUCAO
891,24016340d5156f96d37500c78a7fe591,"['ELETRONICOS,INFORMATICA E AUDIO']","ELETRONICOS,INFORMATICA E AUDIO"
892,2403a75f23292d207a16e2fa97551270,['FERRAMENTAS E CONSTRUCAO'],FERRAMENTAS E CONSTRUCAO
893,241eaf5ff29c3e08e2efc61f6f87e44b,['BRINQUEDOS E LAZER'],BRINQUEDOS E LAZER
894,24226bb79f1be40c60396cd457ada96e,['CASA E CONFORTO'],CASA E CONFORTO
895,242ab4ce744f666fcffbc5d7fed8700d,['FERRAMENTAS E CONSTRUCAO'],FERRAMENTAS E CONSTRUCAO
896,242bcea719638feb8c102d38e67a4977,['MODA E BELEZA'],MODA E BELEZA
897,243b66cfd676e63e7db35e7341acdf7b,['MODA E BELEZA'],MODA E BELEZA
898,2447371e2d56b6efd605d73aff766657,['MODA E BELEZA'],MODA E BELEZA
899,245ac19080f071a4ef95b0aea0038fcc,"['ELETRONICOS,INFORMATICA E AUDIO']","ELETRONICOS,INFORMATICA E AUDIO"
900,245d1537baa4ed68d968e3c0f2ca5d16,['AUTOMOTIVO'],AUTOMOTIVO
901,2464182f4be303c6741cab9bad3a9f55,"['ELETRONICOS,INFORMATICA E AUDIO']","ELETRONICOS,INFORMATICA E AUDIO"
902,2464a4f54814d3de636541955feeb947,['MODA E BELEZA'],MODA E BELEZA
903,24697b1f8e78fdb9d2316bcaa2c6e216,"['LIVROS, MUSICA E PAPELARIA']","LIVROS, MUSICA E PAPELARIA"
904,246a20bc0757d9b447970e67953d675b,['MOVEIS E ELETRODOMESTICOS'],MOVEIS E ELETRODOMESTICOS
905,246e8f5dd934761c8badf86d43225bdb,['MODA E BELEZA'],MODA E BELEZA
906,2471792dd93b34ffd37de5cdd632bf6e,['CASA E CONFORTO'],CASA E CONFORTO
907,2474b5060c1dfacbb46002aa2563f9bc,['MODA E BELEZA'],MODA E BELEZA
908,24791bba1a08147c3b660bb80d0de8d3,"['ELETRONICOS,INFORMATICA E AUDIO']","ELETRONICOS,INFORMATICA E AUDIO"
909,247a2d99c7c65136c3a968772716860c,['CASA E CONFORTO'],CASA E CONFORTO
910,248065388c27d5287020c4ff60183298,"['ELETRONICOS,INFORMATICA E AUDIO']","ELETRONICOS,INFORMATICA E AUDIO"
911,24843df655e56c3713485a7880677287,['FERRAMENTAS E CONSTRUCAO'],FERRAMENTAS E CONSTRUCAO
912,2499ab8c0f7060efb2d80d1870716aeb,['MODA E BELEZA'],MODA E BELEZA
913,249ff875b152ea3c750e1d42cfee893a,['BRINQUEDOS E LAZER'],BRINQUEDOS E LAZER
914,24a562b69731cbec7439c1752c500f82,['BRINQUEDOS E LAZER'],BRINQUEDOS E LAZER
915,24a6cba94937d6908dec93e82249d67e,['BRINQUEDOS E LAZER'],BRINQUEDOS E LAZER
916,24bb40ee9b9b6fc1cf2392a93aff4f6e,['MODA E BELEZA'],MODA E BELEZA
917,24ca685e5655ee79182c18a5f5b1510d,['ALIMENTOS'],ALIMENTOS
918,24cc891b9b356e89a45d5313bddf4607,['MODA E BELEZA'],MODA E BELEZA
919,24dbd92c00bc26dd90a7bbd90f070517,['PET SHOP'],PET SHOP
920,24dcf58639c7253fdb1a060a4f875558,['CASA E CONFORTO'],CASA E CONFORTO
921,24ddb4a03f3a6eb92a862416d7f597eb,['MODA E BELEZA'],MODA E BELEZA
922,24f42a25ef8ead286299cf281c802b16,['BEBES'],BEBES
923,24fe7dc3b99f55e3d45f8d3d4c394811,['CASA E CONFORTO'],CASA E CONFORTO
924,24ffe5543b23e12690af44dda7fd5ad2,['MOVEIS E ELETRODOMESTICOS'],MOVEIS E ELETRODOMESTICOS
925,251777a5426d33b7fd9f124cd2d18972,['MODA E BELEZA'],MODA E BELEZA
926,251c2e36f5f9d2c37b63c23c4226039a,"['ELETRONICOS,INFORMATICA E AUDIO']","ELETRONICOS,INFORMATICA E AUDIO"
927,252aabc5aca2bc51672fb4ded077dcd7,['MOVEIS E ELETRODOMESTICOS'],MOVEIS E ELETRODOMESTICOS
928,25348d7abfa3893731e3836aab2f6a6c,['MODA E BELEZA'],MODA E BELEZA
929,2536adb313f6bc4854a1cc21a2ecde8f,['MODA E BELEZA'],MODA E BELEZA
930,253c8653b64a17c18b729399e14c42cb,['MODA E BELEZA'],MODA E BELEZA
931,2567acdbfc6fa8d47fce09510677b955,['BRINQUEDOS E LAZER'],BRINQUEDOS E LAZER
932,25716e02bca6edec6a1b90fa879d79e7,['CASA E CONFORTO'],CASA E CONFORTO
933,2573400a7beba401684ca3eca5e38936,['MODA E BELEZA'],MODA E BELEZA
934,2591661e8952477c49e9efd03a319cfc,['BEBES'],BEBES
935,2591f6277be80b0c25627c745ec900c4,['CASA E CONFORTO'],CASA E CONFORTO
936,2591fdd6cc7718bac11436b57abd8163,['FERRAMENTAS E CONSTRUCAO'],FERRAMENTAS E CONSTRUCAO
937,25a178eea0cfa9b0489aa1d8294423bf,['BRINQUEDOS E LAZER'],BRINQUEDOS E LAZER
938,25a6470fe0861e38f167701818706ce9,['BRINQUEDOS E LAZER'],BRINQUEDOS E LAZER
939,25bd2ad9d282f59e4e6a048ef9bf214f,['FERRAMENTAS E CONSTRUCAO'],FERRAMENTAS E CONSTRUCAO
940,25be4c1614c609d9063279e155d7492b,"['ELETRONICOS,INFORMATICA E AUDIO']","ELETRONICOS,INFORMATICA E AUDIO"
941,25c3705135caa85f274dc20b48e13104,"['LIVROS, MUSICA E PAPELARIA']","LIVROS, MUSICA E PAPELARIA"
942,25d0455ca29c6f58e491a90065954af0,['CASA E CONFORTO'],CASA E CONFORTO
943,25d2bfa43663a23586afd12f15b542e7,['MOVEIS E ELETRODOMESTICOS'],MOVEIS E ELETRODOMESTICOS
944,25e08e5a23ab24f86595aadbe50bc739,['CASA E CONFORTO'],CASA E CONFORTO
945,25e2eb92a4861f100d82edfb2cbbb47f,['MODA E BELEZA'],MODA E BELEZA
946,25e5f6a88a4525f820943240376c45c5,['MODA E BELEZA'],MODA E BELEZA
947,25f18499b3e850741c120ec6c11fb49a,"['ELETRONICOS,INFORMATICA E AUDIO']","ELETRONICOS,INFORMATICA E AUDIO"
948,25f2336ad64d9dfaf347d85bca407b44,['AUTOMOTIVO'],AUTOMOTIVO
949,25f3c6052aa7604ff162e5a12b77298d,['BRINQUEDOS E LAZER'],BRINQUEDOS E LAZER
950,25f6cb0e242a4c0bacc239397614422e,['BRINQUEDOS E LAZER'],BRINQUEDOS E LAZER
951,2618af576d21149f490b1baea011b8a2,['MOVEIS E ELETRODOMESTICOS'],MOVEIS E ELETRODOMESTICOS
952,26298a4e971b2abb0e472ae55f3a6cd0,['MOVEIS E ELETRODOMESTICOS'],MOVEIS E ELETRODOMESTICOS
953,262ba6c85fd3c9c589bac6fa7d113cca,['MODA E BELEZA'],MODA E BELEZA
954,26330ea8daec86890eecd63e62f17c01,['CASA E CONFORTO'],CASA E CONFORTO
955,26343e0890fb597a7d91a607455a44fa,['CASA E CONFORTO'],CASA E CONFORTO
956,263e751209908b03a2f97de2b669f831,['AUTOMOTIVO'],AUTOMOTIVO
957,264ab2016a5152e0d554f11fb4324d80,['MOVEIS E ELETRODOMESTICOS'],MOVEIS E ELETRODOMESTICOS
958,26543fb8b34f4547bcbbd431f998ee76,['CASA E CONFORTO'],CASA E CONFORTO
959,265bb549f8bbcaeaa66023404ec02db5,['AUTOMOTIVO'],AUTOMOTIVO
960,2667baebf0c629be4574fddd89bd915f,['CASA E CONFORTO'],CASA E CONFORTO
961,266f9c3f364a7ef351edb998487ae783,['MODA E BELEZA'],MODA E BELEZA
962,266fd5134fd1b895a5b06936d51aaa17,"['ELETRONICOS,INFORMATICA E AUDIO']","ELETRONICOS,INFORMATICA E AUDIO"
963,267519bdbe13b2f237af57f3f1b86a9e,['CASA E CONFORTO'],CASA E CONFORTO
964,26792a0dac4a86edaee496f4690de6a5,['MODA E BELEZA'],MODA E BELEZA
965,26844c5a3b10d4ae5366ac6bfc55680a,['BRINQUEDOS E LAZER'],BRINQUEDOS E LAZER
966,2690c84e60cbc597c732d126472db7cc,['CASA E CONFORTO'],CASA E CONFORTO
967,269851ddbe5679a1fef1e568b2518cf7,['BRINQUEDOS E LAZER'],BRINQUEDOS E LAZER
968,26a4c5b97bdf4e499a22334ea494e883,"['ELETRONICOS,INFORMATICA E AUDIO']","ELETRONICOS,INFORMATICA E AUDIO"
969,26a95c7a47327bed47c5651221bfcb18,['BRINQUEDOS E LAZER'],BRINQUEDOS E LAZER
970,26ac15c4f69145c3a0ce4f2ebccd2a84,['MODA E BELEZA'],MODA E BELEZA
971,26d68d1f4cc791daedd467b3519ed476,['CASA E CONFORTO'],CASA E CONFORTO
972,26e91b596719ec194aaac895f6d2554b,['PET SHOP'],PET SHOP
973,26eea858a0672bfaaa61846e9dcfbfb5,['CASA E CONFORTO'],CASA E CONFORTO
974,2705b0c3085b59e58a22b5bed23ea614,['BEBES'],BEBES
975,2711089c7fec59d4dc8483e3c6a12fa3,['MODA E BELEZA'],MODA E BELEZA
976,27167c20a18a136683606cb93c0168a9,['MODA E BELEZA'],MODA E BELEZA
977,271f637085c45e7e58268625604724a9,['CASA E CONFORTO'],CASA E CONFORTO
978,2739ecbc7e87995e0d2efb6f603f6c2c,['MOVEIS E ELETRODOMESTICOS'],MOVEIS E ELETRODOMESTICOS
979,274bf86d17f8952d2a505168fcc25c09,['FERRAMENTAS E CONSTRUCAO'],FERRAMENTAS E CONSTRUCAO
980,275ae89ba1c842d7ce099ed4c633f686,['MODA E BELEZA'],MODA E BELEZA
981,276e9ec344d3bf029ff83a161c6b3ce9,['FERRAMENTAS E CONSTRUCAO'],FERRAMENTAS E CONSTRUCAO
982,2773c71324d727606cc71501a1de8afc,['FERRAMENTAS E CONSTRUCAO'],FERRAMENTAS E CONSTRUCAO
983,27819e1adc36766f4de3e79fa3b8c04d,['FERRAMENTAS E CONSTRUCAO'],FERRAMENTAS E CONSTRUCAO
984,278340587458d6ef7070f79b08bca8b8,['FERRAMENTAS E CONSTRUCAO'],FERRAMENTAS E CONSTRUCAO
985,2788c37316cfd96e71107c07b22454c5,['MODA E BELEZA'],MODA E BELEZA
986,278c629504a0d7a99a3bd4da3f061141,['AUTOMOTIVO'],AUTOMOTIVO
987,279e00e0fbb287131056b0612f84ab6d,['PET SHOP'],PET SHOP
988,279eab1ce88064419806859e4575a10e,['BRINQUEDOS E LAZER'],BRINQUEDOS E LAZER
989,27a0c2a00aa85ff8202e8bd9c7dbd829,"['ELETRONICOS,INFORMATICA E AUDIO']","ELETRONICOS,INFORMATICA E AUDIO"
990,27a70a8fdf1c9edcfa01d463b45a5b03,['PET SHOP'],PET SHOP
991,27a719bab5bfc6c6f88edc032bb109a2,['MODA E BELEZA'],MODA E BELEZA
992,27a8554e167c321378d1c899a0b8b8f6,"['ELETRONICOS,INFORMATICA E AUDIO']","ELETRONICOS,INFORMATICA E AUDIO"
993,27c0ea3b1286c30e92f05f413398d055,"['ELETRONICOS,INFORMATICA E AUDIO']","ELETRONICOS,INFORMATICA E AUDIO"
994,27c747b711a812bafe3c276823a6bf73,"['ELETRONICOS,INFORMATICA E AUDIO']","ELETRONICOS,INFORMATICA E AUDIO"
995,27c9a7fc93005e3344a0c1ffa6f931e2,['CASA E CONFORTO'],CASA E CONFORTO
996,27cf3bc7a008cb9eb712e4db141d25a2,"['ELETRONICOS,INFORMATICA E AUDIO']","ELETRONICOS,INFORMATICA E AUDIO"
997,27d7b0ed49fd70b7706ee5e23773fd8f,['CASA E CONFORTO'],CASA E CONFORTO
998,27d90e6110e8c6168bf04f4efc4b936e,['MODA E BELEZA'],MODA E BELEZA
999,27d948e8e3d9abb11648cfa05b1ce3f7,['BRINQUEDOS E LAZER'],BRINQUEDOS E LAZER
1000,2805499c211b52dfc1e64a1349ef45e2,['BRINQUEDOS E LAZER'],BRINQUEDOS E LAZER
1001,280fcdddcf237df99402868a09cf8f0b,['MODA E BELEZA'],MODA E BELEZA
1002,28143b0b8baca7bc05bdcde9a7c65bd3,"['ELETRONICOS,INFORMATICA E AUDIO']","ELETRONICOS,INFORMATICA E AUDIO"
1003,2815a204994b6f6e3eece71ab035d5ae,['MODA E BELEZA'],MODA E BELEZA
1004,284a65b124f634fdf426aa8e768fe8ab,['BRINQUEDOS E LAZER'],BRINQUEDOS E LAZER
1005,284b02fa3e9a13f33180080d6c8fea2e,['CASA E CONFORTO'],CASA E CONFORTO
1006,284f2582259a697cb8a2ab4456ef485a,['CASA E CONFORTO'],CASA E CONFORTO
1007,28509a1c959e460948d32485cac51f9d,['BRINQUEDOS E LAZER'],BRINQUEDOS E LAZER
1008,285ab9426d6982034523a855f55a885e,"['ELETRONICOS,INFORMATICA E AUDIO']","ELETRONICOS,INFORMATICA E AUDIO"
1009,2865f21ecfed100829d47451fbff2ec5,['MOVEIS E ELETRODOMESTICOS'],MOVEIS E ELETRODOMESTICOS
1010,2868122766fb8490193dc08920622c8b,['CASA E CONFORTO'],CASA E CONFORTO
1011,287a3634b689a3b876e3993e081bcc6b,['ARTES E DECORACAO'],ARTES E DECORACAO
1012,287ee962359c54437cc32cabcce0f87b,['CASA E CONFORTO'],CASA E CONFORTO
1013,28889b0ebcf51e11d33d3b8913ec4780,['AUTOMOTIVO'],AUTOMOTIVO
1014,288fa21578528e37e861275a550873d1,['MODA E BELEZA'],MODA E BELEZA
1015,28a6deb28d6d4f156d94669fcb9ca8ce,['MODA E BELEZA'],MODA E BELEZA
1016,28aca242b9f57bd41f8a1d1791f4e761,"['ELETRONICOS,INFORMATICA E AUDIO']","ELETRONICOS,INFORMATICA E AUDIO"
1017,28bbae6599b09d39ca406b747b6632b1,['CASA E CONFORTO'],CASA E CONFORTO
1018,28c0015f84c9d8b6a4e58b0414ab80ab,['MODA E BELEZA'],MODA E BELEZA
1019,28c9cde35b3af2a32c1371a199bf7ce5,['BEBES'],BEBES
1020,28cdc94ad78d265b499b509df02643b7,['CASA E CONFORTO'],CASA E CONFORTO
1021,28cf300f6c8f8163bc3c4c18d8ee8b96,['BRINQUEDOS E LAZER'],BRINQUEDOS E LAZER
1022,28f004902453ef50891cc5871ff07c2b,['BRINQUEDOS E LAZER'],BRINQUEDOS E LAZER
1023,28f12a3e5117f5e70bbdb45be9188639,['ALIMENTOS'],ALIMENTOS
1024,28f4aecc81f76b7e6055d4c9e6b7e9e4,"['ELETRONICOS,INFORMATICA E AUDIO']","ELETRONICOS,INFORMATICA E AUDIO"
1025,28ff0422d12a02fb62ae4c9f9e9317f3,['CASA E CONFORTO'],CASA E CONFORTO
1026,290b12fe53ad224d4f2ba8f1eb54a8f1,['BEBES'],BEBES
1027,2911b82b07d1481125508ab8b0292446,['MOVEIS E ELETRODOMESTICOS'],MOVEIS E ELETRODOMESTICOS
1028,29120f643cc96827e25210e076335805,['MODA E BELEZA'],MODA E BELEZA
1029,291db83cebe0c7179310b62e0a7e2714,['MODA E BELEZA'],MODA E BELEZA
1030,292362d65fdd556daf473eaeaa487a06,['ALIMENTOS'],ALIMENTOS
1031,2929e8208718655c26082e7331ef49e4,['ARTES E DECORACAO'],ARTES E DECORACAO
1032,2942d9a01a44f073aeff5f1a68e8761e,['MODA E BELEZA'],MODA E BELEZA
1033,294d16591b8d224412320d2053d48623,['AUTOMOTIVO'],AUTOMOTIVO
1034,296de8739429e4b169c52441fd333bf9,['BRINQUEDOS E LAZER'],BRINQUEDOS E LAZER
1035,29704af83588033bed1de27af569ab14,"['AGRO, INDUSTRIA E NEGOCIOS']","AGRO, INDUSTRIA E NEGOCIOS"
1036,2974064c396f0496d1eba4b3c49cd772,"['LIVROS, MUSICA E PAPELARIA']","LIVROS, MUSICA E PAPELARIA"
1037,29b19fa421fe74d9add3a5988a5231fd,['MODA E BELEZA'],MODA E BELEZA
1038,29b60cd6f3760507c1e5271a67086333,['CASA E CONFORTO'],CASA E CONFORTO
1039,29b864f0e9959e828d0be8a00fba46bc,"['ELETRONICOS,INFORMATICA E AUDIO']","ELETRONICOS,INFORMATICA E AUDIO"
1040,29c3b79aace1b72a82b1232bf494e16f,['AUTOMOTIVO'],AUTOMOTIVO
1041,29c5a7f7a7e0947fa6d28f355cd28c5f,['MODA E BELEZA'],MODA E BELEZA
1042,29ce31378acbd5bc48a0518e3770eb8c,['MODA E BELEZA'],MODA E BELEZA
1043,29d0a6fb5e4342bc5bd0cd7ac3bb98f3,"['ELETRONICOS,INFORMATICA E AUDIO']","ELETRONICOS,INFORMATICA E AUDIO"
1044,29dab96b98e4f84bb3f92415806202b2,"['ELETRONICOS,INFORMATICA E AUDIO']","ELETRONICOS,INFORMATICA E AUDIO"
1045,29e0119d96b893bbfd5ecea741a06835,['MODA E BELEZA'],MODA E BELEZA
1046,29e40d80fb76f5da9cf2a104f960790c,['BRINQUEDOS E LAZER'],BRINQUEDOS E LAZER
1047,29eb489b23b22ac3a867b2408dac5575,['CASA E CONFORTO'],CASA E CONFORTO
1048,29fd35acc2205a78e40f2141e78a839a,['ALIMENTOS'],ALIMENTOS
1049,29fe4737eeefc4e09a905f66b9b8989c,['MODA E BELEZA'],MODA E BELEZA
1050,2a00d2a2be8e1f2b07fcfd5e89a66062,['ARTES E DECORACAO'],ARTES E DECORACAO
1051,2a0359586f9d564e2ffcba4e14cf54c6,"['ELETRONICOS,INFORMATICA E AUDIO']","ELETRONICOS,INFORMATICA E AUDIO"
1052,2a103014bffb0e98ec7019d0c7856548,"['ELETRONICOS,INFORMATICA E AUDIO']","ELETRONICOS,INFORMATICA E AUDIO"
1053,2a21642eb927b4754adeffa995f3d648,['MODA E BELEZA'],MODA E BELEZA
1054,2a37ffacefea8f1b482d7126c58d7de9,"['ELETRONICOS,INFORMATICA E AUDIO']","ELETRONICOS,INFORMATICA E AUDIO"
1055,2a3a15442d770b77f30d1c2c02be3697,"['ELETRONICOS,INFORMATICA E AUDIO']","ELETRONICOS,INFORMATICA E AUDIO"
1056,2a426a30d3d6787eaab8d32365278593,['BRINQUEDOS E LAZER'],BRINQUEDOS E LAZER
1057,2a4b7ff75e8b04e29d4111f8dac8abcd,['FERRAMENTAS E CONSTRUCAO'],FERRAMENTAS E CONSTRUCAO
1058,2a5e2ec255be0a5cb7bc1bb5d21deb07,['MODA E BELEZA'],MODA E BELEZA
1059,2a7c1794496ea317e6f88363616ad9e2,['MODA E BELEZA'],MODA E BELEZA
1060,2a873cd8f2f02ea9bf84a5ae74970e20,['MODA E BELEZA'],MODA E BELEZA
1061,2a8c1802fe3f40cb8c4d6c1c8f0834c1,"['ELETRONICOS,INFORMATICA E AUDIO']","ELETRONICOS,INFORMATICA E AUDIO"
1062,2a903dd5e53423b47484fd2130e2b6c3,"['LIVROS, MUSICA E PAPELARIA']","LIVROS, MUSICA E PAPELARIA"
1063,2a92c65417d964be9448faf2f572bbf7,['MODA E BELEZA'],MODA E BELEZA
1064,2a952f9ea7fad0c8238967a2c4df72b8,['CASA E CONFORTO'],CASA E CONFORTO
1065,2aa60aae490332613940bcc5eea147c6,['MODA E BELEZA'],MODA E BELEZA
1066,2aa91108853cecb43c84a5dc5b277475,['MOVEIS E ELETRODOMESTICOS'],MOVEIS E ELETRODOMESTICOS
1067,2aa928af8787409a83b25d8dd89be295,['BRINQUEDOS E LAZER'],BRINQUEDOS E LAZER
1068,2ac1684c63240e84f365eb4527972278,['MOVEIS E ELETRODOMESTICOS'],MOVEIS E ELETRODOMESTICOS
1069,2ac44694fb65d738c9b26010ef5e6915,['BRINQUEDOS E LAZER'],BRINQUEDOS E LAZER
1070,2ace7e1ba19304db3cc21291effaa7fc,['AUTOMOTIVO'],AUTOMOTIVO
1071,2ad56d1fc55a1e851edd13dc8a3f3d14,['BRINQUEDOS E LAZER'],BRINQUEDOS E LAZER
1072,2ad674d5024f5e52836b96215eb73588,['CASA E CONFORTO'],CASA E CONFORTO
1073,2ae4550cd93c502fcca8f1b07c6d1641,['MODA E BELEZA'],MODA E BELEZA
1074,2ae6d828f4cf351ecb662a1f2c30aa93,['MODA E BELEZA'],MODA E BELEZA
1075,2af73a7fe3cf7bb2902df1ea4e5d7fad,['BRINQUEDOS E LAZER'],BRINQUEDOS E LAZER
1076,2aff111da5413ddf7c6ab3717f366c06,['FERRAMENTAS E CONSTRUCAO'],FERRAMENTAS E CONSTRUCAO
1077,2b24fab07cfb3ca5b34f71a8b9934fde,['BRINQUEDOS E LAZER'],BRINQUEDOS E LAZER
1078,2b33526ad18e84975c07ed2d5e513b3c,['ARTES E DECORACAO'],ARTES E DECORACAO
1079,2b36fe8c73edb9af80b2d3e73b46122a,['BRINQUEDOS E LAZER'],BRINQUEDOS E LAZER
1080,2b40e7763ce2a2fbeb3e63dd4a498702,['MODA E BELEZA'],MODA E BELEZA
1081,2b629b6b09597b429808b20156ec6998,['MOVEIS E ELETRODOMESTICOS'],MOVEIS E ELETRODOMESTICOS
1082,2b6743c7c6f46239fe7f39c6611e4601,"['ELETRONICOS,INFORMATICA E AUDIO']","ELETRONICOS,INFORMATICA E AUDIO"
1083,2b80bbe860a78a5c399ce50fd730c376,['BRINQUEDOS E LAZER'],BRINQUEDOS E LAZER
1084,2b954554f16bda26b0674892c02c6684,['FERRAMENTAS E CONSTRUCAO'],FERRAMENTAS E CONSTRUCAO
1085,2ba1366baecad3c3536f27546d129017,['CASA E CONFORTO'],CASA E CONFORTO
1086,2ba2becdde8cc656098cdc16496a90c6,"['LIVROS, MUSICA E PAPELARIA']","LIVROS, MUSICA E PAPELARIA"
1087,2bc1eac46ee8d6fad3f7369668f1bdf0,"['LIVROS, MUSICA E PAPELARIA']","LIVROS, MUSICA E PAPELARIA"
1088,2bcf1f79964f8b4f4f62f19441601b1a,"['ELETRONICOS,INFORMATICA E AUDIO']","ELETRONICOS,INFORMATICA E AUDIO"
1089,2bd2198690a2c150fe5fdc4e064ba521,"['ELETRONICOS,INFORMATICA E AUDIO']","ELETRONICOS,INFORMATICA E AUDIO"
1090,2bd2241ff5bd59887a8a706c309c5938,"['ELETRONICOS,INFORMATICA E AUDIO']","ELETRONICOS,INFORMATICA E AUDIO"
1091,2be14bfbd7aa00107ece493cbbcc29f0,['MOVEIS E ELETRODOMESTICOS'],MOVEIS E ELETRODOMESTICOS
1092,2be6e5724bc6705448e72ac1b13141c4,['MOVEIS E ELETRODOMESTICOS'],MOVEIS E ELETRODOMESTICOS
1093,2bfb7f8b84037952c9081f80964396b5,['ARTES E DECORACAO'],ARTES E DECORACAO
1094,2c06e4f488be0af43964ad30b123034e,"['ELETRONICOS,INFORMATICA E AUDIO']","ELETRONICOS,INFORMATICA E AUDIO"
1095,2c06e80ee31e3bc878d17d0c6abb8f4c,"['ELETRONICOS,INFORMATICA E AUDIO']","ELETRONICOS,INFORMATICA E AUDIO"
1096,2c0e90a2bdcffa59af23fe752aa40541,['CASA E CONFORTO'],CASA E CONFORTO
1097,2c1580970bae47b697ca0ee56495f27e,['MOVEIS E ELETRODOMESTICOS'],MOVEIS E ELETRODOMESTICOS
1098,2c1ebc9152c8f7fc85ac1bb07017becd,['BRINQUEDOS E LAZER'],BRINQUEDOS E LAZER
1099,2c2ad0e6636d842e7f1eead45cdc6065,['MODA E BELEZA'],MODA E BELEZA
1100,2c32c97550e1aef2feba6d0bfa3e2c37,['MOVEIS E ELETRODOMESTICOS'],MOVEIS E ELETRODOMESTICOS
1101,2c46e039a885b9d82aca6fdbf7aeb482,"['ELETRONICOS,INFORMATICA E AUDIO']","ELETRONICOS,INFORMATICA E AUDIO"
1102,2c494cef88b908df152b7d6d69c8beba,['BRINQUEDOS E LAZER'],BRINQUEDOS E LAZER
1103,2c52873e8d170a8426be048f8321df84,"['ELETRONICOS,INFORMATICA E AUDIO']","ELETRONICOS,INFORMATICA E AUDIO"
1104,2c53aff3e220767f3c191078e0ffbc7d,['CASA E CONFORTO'],CASA E CONFORTO
1105,2c60bc71e6da917194c35fa7c8477e7f,"['ELETRONICOS,INFORMATICA E AUDIO']","ELETRONICOS,INFORMATICA E AUDIO"
1106,2c61d0e37fba7aea7d8b7f27091be232,['MODA E BELEZA'],MODA E BELEZA
1107,2c688788cf900283017516f05f50ebb7,"['AGRO, INDUSTRIA E NEGOCIOS']","AGRO, INDUSTRIA E NEGOCIOS"
1108,2c6909e9d8d1f642b6c8126f985146d0,['AUTOMOTIVO'],AUTOMOTIVO
1109,2c6972a5750129c81b91e55b38b06823,['CASA E CONFORTO'],CASA E CONFORTO
1110,2c6e3395e4f4716fc4d23742912ff80d,['CASA E CONFORTO'],CASA E CONFORTO
1111,2c873905af0c5322bd6977727e79d8e2,"['ELETRONICOS,INFORMATICA E AUDIO']","ELETRONICOS,INFORMATICA E AUDIO"
1112,2c8d9784e391f6ad2c09094366d48226,['ALIMENTOS'],ALIMENTOS
1113,2c9bc10b715272770d51948b929485f7,['FERRAMENTAS E CONSTRUCAO'],FERRAMENTAS E CONSTRUCAO
1114,2c9ef60013a5ee6a831360e3d98c9c0d,['BRINQUEDOS E LAZER'],BRINQUEDOS E LAZER
1115,2cb14cadfd564d88f59990e80cd4e81b,['BRINQUEDOS E LAZER'],BRINQUEDOS E LAZER
1116,2cb5ed8e391a8ef966fe938d480510b1,['MODA E BELEZA'],MODA E BELEZA
1117,2cb6f509b0ff4794888a4f664f857dca,"['ELETRONICOS,INFORMATICA E AUDIO']","ELETRONICOS,INFORMATICA E AUDIO"
1118,2ccfb56c4a7060de9778668844658588,['MODA E BELEZA'],MODA E BELEZA
1119,2cdb36d9bc19f7932741062731fa9371,['FERRAMENTAS E CONSTRUCAO'],FERRAMENTAS E CONSTRUCAO
1120,2cddd5821b44b272c68fd4d199029359,['CASA E CONFORTO'],CASA E CONFORTO
1121,2ce016258780a25ea0247d80ab0d7d08,['MODA E BELEZA'],MODA E BELEZA
1122,2ce188fdc7fb58e72c2adeedc6419827,['MODA E BELEZA'],MODA E BELEZA
1123,2d0805e3e830d6d2d694ee7a3aa58502,"['ELETRONICOS,INFORMATICA E AUDIO']","ELETRONICOS,INFORMATICA E AUDIO"
1124,2d1bec8cfa830e47e6267b4e3c329dbd,"['ELETRONICOS,INFORMATICA E AUDIO']","ELETRONICOS,INFORMATICA E AUDIO"
1125,2d1e8425264efd28cc7993f5a8ab2c63,['AUTOMOTIVO'],AUTOMOTIVO
1126,2d1f07a3af3df1ddc97efd57a74be3a9,['CASA E CONFORTO'],CASA E CONFORTO
1127,2d2084741ee31a371ffe0b838051d0dc,['CASA E CONFORTO'],CASA E CONFORTO
1128,2d260d3f0b13b0bde48ceb29fdc05931,['BEBES'],BEBES
1129,2d28cc7a503b6547e21d671f6a4a44e0,"['ELETRONICOS,INFORMATICA E AUDIO']","ELETRONICOS,INFORMATICA E AUDIO"
1130,2d3a9613540af5e9c2ceb366d9db5720,"['ELETRONICOS,INFORMATICA E AUDIO']","ELETRONICOS,INFORMATICA E AUDIO"
1131,2d40bdf3c32d416ae6d5d50e9e28e89c,['CASA E CONFORTO'],CASA E CONFORTO
1132,2d476d9a9af938c2ab76a4aefb7e74d7,['MOVEIS E ELETRODOMESTICOS'],MOVEIS E ELETRODOMESTICOS
1133,2d57b1f21a3ec32c23b4d6e95870e4a7,"['ELETRONICOS,INFORMATICA E AUDIO']","ELETRONICOS,INFORMATICA E AUDIO"
1134,2d58df29239f4ee3887103ef2576e857,['PET SHOP'],PET SHOP
1135,2d5d83348a4d3d36d75a5dd807eb21e2,['MODA E BELEZA'],MODA E BELEZA
1136,2d5f1dc93c565d00ce25e43b11b48596,['BRINQUEDOS E LAZER'],BRINQUEDOS E LAZER
1137,2d687102eef8e4949a9d2af49e8fa946,['MODA E BELEZA'],MODA E BELEZA
1138,2d695e0d0fe5d863c921713fdc1faf7b,"['ELETRONICOS,INFORMATICA E AUDIO']","ELETRONICOS,INFORMATICA E AUDIO"
1139,2d7020e369fc532ef78a4529a7626a33,['BRINQUEDOS E LAZER'],BRINQUEDOS E LAZER
1140,2d7561026d542c8dbd8f0daeadf67a43,['AUTOMOTIVO'],AUTOMOTIVO
1141,2d824bac66ec7467745b2defcee22c1e,['MODA E BELEZA'],MODA E BELEZA
1142,2d846c03073b1a424c1be1a77f532dad,['FERRAMENTAS E CONSTRUCAO'],FERRAMENTAS E CONSTRUCAO
1143,2daeb63be09fd5dc894a806f32559eef,['AUTOMOTIVO'],AUTOMOTIVO
1144,2dc3a1303e348a49718ef4a190d14eb8,['BRINQUEDOS E LAZER'],BRINQUEDOS E LAZER
1145,2dcf5497d9dc70e0e723bbc2bd26fe7d,"['ELETRONICOS,INFORMATICA E AUDIO']","ELETRONICOS,INFORMATICA E AUDIO"
1146,2dd3e9627a0cec07b3092f404934ce6b,['BRINQUEDOS E LAZER'],BRINQUEDOS E LAZER
1147,2dd5f6a66c1d82ee0b8c864ddf9833f2,['MODA E BELEZA'],MODA E BELEZA
1148,2dee1b58f6f3c724427ad545adf6d5e4,['BRINQUEDOS E LAZER'],BRINQUEDOS E LAZER
1149,2df2cf698fc8633cca4e90baa85fdf0b,"['ELETRONICOS,INFORMATICA E AUDIO']","ELETRONICOS,INFORMATICA E AUDIO"
1150,2df3629aa299e4d981055ac3f6be5817,"['LIVROS, MUSICA E PAPELARIA']","LIVROS, MUSICA E PAPELARIA"
1151,2df5aaf1eb7caf39dad85e2ce5de84c5,['MODA E BELEZA'],MODA E BELEZA
1152,2df92600294b6acc114b86b79dfff0f3,['MODA E BELEZA'],MODA E BELEZA
1153,2e0e65507f6731df25a16a460e5988f5,"['ELETRONICOS,INFORMATICA E AUDIO']","ELETRONICOS,INFORMATICA E AUDIO"
1154,2e0ff81253a7fa54020cedbb9835d1c7,['MOVEIS E ELETRODOMESTICOS'],MOVEIS E ELETRODOMESTICOS
1155,2e1b58feba35b519cd774e6016c56e19,['FERRAMENTAS E CONSTRUCAO'],FERRAMENTAS E CONSTRUCAO
1156,2e203d616e144d45fd13e47098343406,['BEBES'],BEBES
1157,2e24930adf68f4ce65ad35e0f23f08ee,['ARTES E DECORACAO'],ARTES E DECORACAO
1158,2e2b335489d4f06ec73386262189e7fe,['CASA E CONFORTO'],CASA E CONFORTO
1159,2e429ae793d0065e4efbe7040c5e3203,['MODA E BELEZA'],MODA E BELEZA
1160,2e4ac9141035afac9390d77c93177a95,['BEBES'],BEBES
1161,2e56f943f231f5fe108f43fb370b0ed6,['CASA E CONFORTO'],CASA E CONFORTO
1162,2e59385ec33f6734c6e53346083771aa,['FERRAMENTAS E CONSTRUCAO'],FERRAMENTAS E CONSTRUCAO
1163,2e62dadd571541842fefc7c3b4bf4527,['BRINQUEDOS E LAZER'],BRINQUEDOS E LAZER
1164,2e6d9b2e86ecc0efd34ab46632ef4448,['CASA E CONFORTO'],CASA E CONFORTO
1165,2e97685820b5ee3efa8b213f18899387,"['ELETRONICOS,INFORMATICA E AUDIO']","ELETRONICOS,INFORMATICA E AUDIO"
1166,2e9d2850537d9e6975149a266b9ecf69,['MODA E BELEZA'],MODA E BELEZA
1167,2eadb8e36b6d6465dc9e2e3f3b95751d,['AUTOMOTIVO'],AUTOMOTIVO
1168,2eb75364afee3e3651da6cdf9f57c6e1,['CASA E CONFORTO'],CASA E CONFORTO
1169,2ebedf24a4ee36078226242023978247,['MODA E BELEZA'],MODA E BELEZA
1170,2ec2bf93089bad17f6951b34c3763928,['ARTES E DECORACAO'],ARTES E DECORACAO
1171,2ec5ae6b4bef1de1d800902041762302,"['ELETRONICOS,INFORMATICA E AUDIO']","ELETRONICOS,INFORMATICA E AUDIO"
1172,2ef87cb1b6109775d8ebcca2ad5f1022,['MODA E BELEZA'],MODA E BELEZA
1173,2efe3d3b0ddc295d2ce1c43f021078cb,['FERRAMENTAS E CONSTRUCAO'],FERRAMENTAS E CONSTRUCAO
1174,2f09ad56037ff5a057894d9969774c1f,['MODA E BELEZA'],MODA E BELEZA
1175,2f09d13518fa692574874a78444c616d,['PET SHOP'],PET SHOP
1176,2f09f8c80542f3260ec457517de0a463,"['ELETRONICOS,INFORMATICA E AUDIO']","ELETRONICOS,INFORMATICA E AUDIO"
1177,2f24a9aa9e22ecf0fefd3addda233611,['BRINQUEDOS E LAZER'],BRINQUEDOS E LAZER
1178,2f3187c040a5b2888773b44ae1c74c27,['MOVEIS E ELETRODOMESTICOS'],MOVEIS E ELETRODOMESTICOS
1179,2f40163a18439bbc77fa0f1984bf2596,['AUTOMOTIVO'],AUTOMOTIVO
1180,2f43e00527fc0602c116560861680ecd,['FERRAMENTAS E CONSTRUCAO'],FERRAMENTAS E CONSTRUCAO
1181,2f6c8229bb3fdf4119d15ce35c9adbd4,['MODA E BELEZA'],MODA E BELEZA
1182,2f71a7d28c0418b03cd08aed6b0a4400,['MODA E BELEZA'],MODA E BELEZA
1183,2f773c64787631d6c8c0b98193a166eb,['BRINQUEDOS E LAZER'],BRINQUEDOS E LAZER
1184,2f80e75d1ecbb82164966f64abf451fc,"['ELETRONICOS,INFORMATICA E AUDIO']","ELETRONICOS,INFORMATICA E AUDIO"
1185,2f80f814bc64931dfec546e11216cbef,['MOVEIS E ELETRODOMESTICOS'],MOVEIS E ELETRODOMESTICOS
1186,2f91341b841ba610e8981cabfcef4989,['BRINQUEDOS E LAZER'],BRINQUEDOS E LAZER
1187,2f93e05c16a3539594b2bd00bf46027b,['MODA E BELEZA'],MODA E BELEZA
1188,2f9e8d64d770c904151499dd92659043,['MOVEIS E ELETRODOMESTICOS'],MOVEIS E ELETRODOMESTICOS
1189,2fa29503f2ebd9f53deba187160f3202,['BRINQUEDOS E LAZER'],BRINQUEDOS E LAZER
1190,2fb5944fe8b440b6b1e35e1a05eb92cf,['MOVEIS E ELETRODOMESTICOS'],MOVEIS E ELETRODOMESTICOS
1191,2fb597c2f772eca01b1f5c561bf6cc7b,['MOVEIS E ELETRODOMESTICOS'],MOVEIS E ELETRODOMESTICOS
1192,2fc7fe2e06e84beba127768beb2f705e,['MODA E BELEZA'],MODA E BELEZA
1193,2fc9faf8c6b3ffe951029b8bae263bb6,['MOVEIS E ELETRODOMESTICOS'],MOVEIS E ELETRODOMESTICOS
1194,2fcd7fa5d8729fd6dddd51369b36edcd,['MODA E BELEZA'],MODA E BELEZA
1195,2fd164f74becbe83e1b81f3f3ab94d07,"['ELETRONICOS,INFORMATICA E AUDIO']","ELETRONICOS,INFORMATICA E AUDIO"
1196,2fdb4ded4a31592814f6865adcaf9ea7,['BRINQUEDOS E LAZER'],BRINQUEDOS E LAZER
1197,2fe324febf907e3ea3f2aa9650869fa5,['MOVEIS E ELETRODOMESTICOS'],MOVEIS E ELETRODOMESTICOS
1198,2fe3cac4410271c6297a141898af28f0,['MOVEIS E ELETRODOMESTICOS'],MOVEIS E ELETRODOMESTICOS
1199,2fe96ee292d9f7a92740785a276d2de1,['MODA E BELEZA'],MODA E BELEZA
1200,2ff3e8ab6f85a5b98e1020c071ca5f12,['CASA E CONFORTO'],CASA E CONFORTO
1201,30002c6a65f9337d0115eeb979d0cdf0,['ARTES E DECORACAO'],ARTES E DECORACAO
1202,300542e713279c59c9741f77d049f567,['BEBES'],BEBES
1203,30123d8900ab69af8d7017c4e66ea57e,['MODA E BELEZA'],MODA E BELEZA
1204,3016d3537e78284991256efc878941ec,['CASA E CONFORTO'],CASA E CONFORTO
1205,30170ab8df1e61d04bcd55c3cab7f4ad,['PET SHOP'],PET SHOP
1206,3022b6c855879429f3e89d2927384d91,['CASA E CONFORTO'],CASA E CONFORTO
1207,302ba220a9388d22b3f036a1b9919b3f,['BRINQUEDOS E LAZER'],BRINQUEDOS E LAZER
1208,302bb8109d097a9fc6e9cefc5917d1f3,['CASA E CONFORTO'],CASA E CONFORTO
1209,302e20550af8f4aa30223f3cabcc14c0,['MODA E BELEZA'],MODA E BELEZA
1210,302e35ab075da160f3f02ba14e56d918,['AUTOMOTIVO'],AUTOMOTIVO
1211,303edeab6728412b08ad9c17990159a4,['CASA E CONFORTO'],CASA E CONFORTO
1212,3054c6a8e45b740723ec8a7145d867b7,"['ELETRONICOS,INFORMATICA E AUDIO']","ELETRONICOS,INFORMATICA E AUDIO"
1213,3062239cf5087db015afcb38eb79c5c1,['MODA E BELEZA'],MODA E BELEZA
1214,3090dd6007fdfb9b78972782cb7cfbd1,['ALIMENTOS'],ALIMENTOS
1215,309de5faf9baa8961fd068f3f4e44dcd,"['ELETRONICOS,INFORMATICA E AUDIO']","ELETRONICOS,INFORMATICA E AUDIO"
1216,30bef37a80d21494c619aea50b367550,['ARTES E DECORACAO'],ARTES E DECORACAO
1217,30d069e8fe27dc74e756bbb4f470a361,['MOVEIS E ELETRODOMESTICOS'],MOVEIS E ELETRODOMESTICOS
1218,30d6ee4a4d29531562ae9ca6c0635d61,['BRINQUEDOS E LAZER'],BRINQUEDOS E LAZER
1219,30da20eacd71a5e8cac16c775ef72984,['MOVEIS E ELETRODOMESTICOS'],MOVEIS E ELETRODOMESTICOS
1220,30e934394c047a409bb861a9ecbcff43,['MODA E BELEZA'],MODA E BELEZA
1221,30ee51f86a9d676801e824efd4aad215,['BRINQUEDOS E LAZER'],BRINQUEDOS E LAZER
1222,31001a77165dd554fcc32640defe98a1,['BRINQUEDOS E LAZER'],BRINQUEDOS E LAZER
1223,310a0d29a24aac9be0dfee5e0fa45204,"['ELETRONICOS,INFORMATICA E AUDIO']","ELETRONICOS,INFORMATICA E AUDIO"
1224,3110b5fad81e43d7deeb4bb585bc43f2,['PET SHOP'],PET SHOP
1225,311251ba5bfaf2e67111e56ddee44f14,['MODA E BELEZA'],MODA E BELEZA
1226,314c573c3c333b3bfdaf1b7821642d39,"['ELETRONICOS,INFORMATICA E AUDIO']","ELETRONICOS,INFORMATICA E AUDIO"
1227,3151632a0a68e4f69a7f29961a091904,['CASA E CONFORTO'],CASA E CONFORTO
1228,3157a4052d9fe8c58017857eac745f0b,['CASA E CONFORTO'],CASA E CONFORTO
1229,315b408ea2b172afb8ed00e598158e62,['MODA E BELEZA'],MODA E BELEZA
1230,318bddc9ed5c748afe160e7dca09e276,['MODA E BELEZA'],MODA E BELEZA
1231,31938103922393f681c7f0c0fc14cd20,['ARTES E DECORACAO'],ARTES E DECORACAO
1232,3195c228f36c525c75f392549eff247f,['MODA E BELEZA'],MODA E BELEZA
1233,31a2fff09340d8ff99194ad110622ed3,"['LIVROS, MUSICA E PAPELARIA']","LIVROS, MUSICA E PAPELARIA"
1234,31a7dd4d08e48968ab49478c64c7075a,"['ELETRONICOS,INFORMATICA E AUDIO']","ELETRONICOS,INFORMATICA E AUDIO"
1235,31be4a9a42c356eb746eee159757c1b5,['MOVEIS E ELETRODOMESTICOS'],MOVEIS E ELETRODOMESTICOS
1236,31c115453235b762093e6f6983bf669d,['BEBES'],BEBES
1237,31c2a1051b9b9899d82d9b980ec8775d,['BEBES'],BEBES
1238,31c8528678f80f4491b0e2634ae8940e,"['ELETRONICOS,INFORMATICA E AUDIO']","ELETRONICOS,INFORMATICA E AUDIO"
1239,31c97b9baf5fa7ec99a32d2e0f000937,['FERRAMENTAS E CONSTRUCAO'],FERRAMENTAS E CONSTRUCAO
1240,31ce2b3f4c3fcc387d79024119a62f51,['AUTOMOTIVO'],AUTOMOTIVO
1241,31dc5103a73f31b15f42c3a5367efcf0,['BRINQUEDOS E LAZER'],BRINQUEDOS E LAZER
1242,31e20f393d978aab31a2c05963f156a3,"['ELETRONICOS,INFORMATICA E AUDIO']","ELETRONICOS,INFORMATICA E AUDIO"
1243,31ead8e6ffdcc849b1a720ff40d5b724,['BRINQUEDOS E LAZER'],BRINQUEDOS E LAZER
1244,31ee3947c87114eb0673d72864775bf3,"['LIVROS, MUSICA E PAPELARIA']","LIVROS, MUSICA E PAPELARIA"
1245,31f280f556b8d9944ab746adcfcc7d83,['MODA E BELEZA'],MODA E BELEZA
1246,31f64c63fe5b7363cb0ba4cda8110f44,['AUTOMOTIVO'],AUTOMOTIVO
1247,320ed62040e9d12e3d7cf4795e2b7df3,['MODA E BELEZA'],MODA E BELEZA
1248,320fb5aed4e43d6dfbf53c4f2c5f70f1,['ARTES E DECORACAO'],ARTES E DECORACAO
1249,3218aff04047889f8c6eaafbbcb4ea4e,['BRINQUEDOS E LAZER'],BRINQUEDOS E LAZER
1250,32227aa032d4d26f76e2d1b47fa3014f,['CASA E CONFORTO'],CASA E CONFORTO
1251,3224f9000ebffb83e1c48590824ba567,['MOVEIS E ELETRODOMESTICOS'],MOVEIS E ELETRODOMESTICOS
1252,3233701bc7c9824c3d7d3e474cc7addc,['FERRAMENTAS E CONSTRUCAO'],FERRAMENTAS E CONSTRUCAO
1253,3237462ff9a798ff748565335fd86d85,['MODA E BELEZA'],MODA E BELEZA
1254,323a708130dd958865650c8917116819,"['ELETRONICOS,INFORMATICA E AUDIO']","ELETRONICOS,INFORMATICA E AUDIO"
1255,323dc5a41f87be5d3e726a2cd303e6ea,['CASA E CONFORTO'],CASA E CONFORTO
1256,324bba1a05579faca9bea05049eda757,['MODA E BELEZA'],MODA E BELEZA
1257,32733fc014b67ef70fa6039dd8c6ba82,['ARTES E DECORACAO'],ARTES E DECORACAO
1258,3275736da1234f55d52bdf09d86b93bc,['BRINQUEDOS E LAZER'],BRINQUEDOS E LAZER
1259,327e9810cdacade85a92b9228ab04d1a,['CASA E CONFORTO'],CASA E CONFORTO
1260,327eb42fa668b532239f44713415a37a,['BEBES'],BEBES
1261,327eeec43bd2166ab6b6e0839ec11e99,['AUTOMOTIVO'],AUTOMOTIVO
1262,32805b94a882eabc129b1d2fd5bd2dfa,['MOVEIS E ELETRODOMESTICOS'],MOVEIS E ELETRODOMESTICOS
1263,328ae377ef041759aacefa4eee149cdc,['BRINQUEDOS E LAZER'],BRINQUEDOS E LAZER
1264,32a1deec544b7ad8e44ba2e87dfae1a9,['MODA E BELEZA'],MODA E BELEZA
1265,32b25718a224529a972d40f00f06299d,['BRINQUEDOS E LAZER'],BRINQUEDOS E LAZER
1266,32bcd8b7a5501464ffa9586eb4794f53,"['ELETRONICOS,INFORMATICA E AUDIO']","ELETRONICOS,INFORMATICA E AUDIO"
1267,32cd8c1de0b106ac12c8bac666e9e1fc,['MODA E BELEZA'],MODA E BELEZA
1268,32df72b9f8dee31b9b3b8b8e31f2ba1d,['CASA E CONFORTO'],CASA E CONFORTO
1269,32e76b791f3833aebe9064d2c09dc1c5,['BEBES'],BEBES
1270,32f0e397d36f01e44c8c257ceaecf508,['FERRAMENTAS E CONSTRUCAO'],FERRAMENTAS E CONSTRUCAO
1271,32f7089f715424548bd5307fded896d3,['CASA E CONFORTO'],CASA E CONFORTO
1272,32fa6763db15359ea4f0f07ae6021ee0,['MODA E BELEZA'],MODA E BELEZA
1273,32fd10a6af41f9d4fe5e11b25a0788df,['CASA E CONFORTO'],CASA E CONFORTO
1274,32fef9bb0f0402350b640eb6f13dbe09,['MODA E BELEZA'],MODA E BELEZA
1275,3305840d006ff4ecbf347e2c1a38d698,['MODA E BELEZA'],MODA E BELEZA
1276,3310a2bd8c292776c39ea3fa6cb47447,"['ELETRONICOS,INFORMATICA E AUDIO']","ELETRONICOS,INFORMATICA E AUDIO"
1277,3322f81bd149a446356f03c9803665cf,['MOVEIS E ELETRODOMESTICOS'],MOVEIS E ELETRODOMESTICOS
1278,33238b56832a1ff5396fff8bd2a44ede,"['ELETRONICOS,INFORMATICA E AUDIO']","ELETRONICOS,INFORMATICA E AUDIO"
1279,33299417d8206e70805c48ec081eeaf1,['CASA E CONFORTO'],CASA E CONFORTO
1280,333949e8d3532d52be513adc226bc7a5,['CASA E CONFORTO'],CASA E CONFORTO
1281,333977327b5c548879a21a3b1fc87c48,['MOVEIS E ELETRODOMESTICOS'],MOVEIS E ELETRODOMESTICOS
1282,33401c04efca8f6e33ee1cc1eaa8e32a,['BRINQUEDOS E LAZER'],BRINQUEDOS E LAZER
1283,3341c1471465b4198ac0c139659da90f,['FERRAMENTAS E CONSTRUCAO'],FERRAMENTAS E CONSTRUCAO
1284,3348fa7940562350a8d19cf788f0187b,"['ELETRONICOS,INFORMATICA E AUDIO']","ELETRONICOS,INFORMATICA E AUDIO"
1285,334fcd4953d5e5b64f124a0ba7ecb317,['FERRAMENTAS E CONSTRUCAO'],FERRAMENTAS E CONSTRUCAO
1286,3354a9e699cdd99dae33906e55a8ca17,['CASA E CONFORTO'],CASA E CONFORTO
1287,3359d2d84d5a8f9b5f53c65f926c5ec1,['CASA E CONFORTO'],CASA E CONFORTO
1288,33621dd1b751a02342dc065c32f1c96c,['PET SHOP'],PET SHOP
1289,33797bbcfc4f22d40110f77692f83c78,"['ELETRONICOS,INFORMATICA E AUDIO']","ELETRONICOS,INFORMATICA E AUDIO"
1290,337ed97aec5fea9e7e8169cf04876433,"['ELETRONICOS,INFORMATICA E AUDIO']","ELETRONICOS,INFORMATICA E AUDIO"
1291,3382c4920abfc57a48aa39d9120f3f67,['BEBES'],BEBES
1292,338d2237cff9d84c960705a68b88c638,['MODA E BELEZA'],MODA E BELEZA
1293,3395f0e2fca688abae0a09d15ff5ca75,['MODA E BELEZA'],MODA E BELEZA
1294,33a3edb84b9df4cb49546859b990ac6d,['FERRAMENTAS E CONSTRUCAO'],FERRAMENTAS E CONSTRUCAO
1295,33a5adbe3c5999ca418351ca4cd8bbdc,['MOVEIS E ELETRODOMESTICOS'],MOVEIS E ELETRODOMESTICOS
1296,33b1b34b5bb565c5bdea6e2995ac1cab,['BRINQUEDOS E LAZER'],BRINQUEDOS E LAZER
1297,33b3e9a4e73233190d8644e4a37d2755,['FERRAMENTAS E CONSTRUCAO'],FERRAMENTAS E CONSTRUCAO
1298,33b5d784209aa1c1950cec3c9cf0568d,['CASA E CONFORTO'],CASA E CONFORTO
1299,33cfab47136079a808c8d12d7f61730b,['MODA E BELEZA'],MODA E BELEZA
1300,33d425553bc88c255ddeb68ab933167e,['CASA E CONFORTO'],CASA E CONFORTO
1301,33d949de3be3df6e3cf017b6ec4aae4c,"['ELETRONICOS,INFORMATICA E AUDIO']","ELETRONICOS,INFORMATICA E AUDIO"
1302,33f1e992ba3e439bfd0d432164a3d44a,['AUTOMOTIVO'],AUTOMOTIVO
1303,3409538db935345d2d9bf4e77cd2a5d3,"['ELETRONICOS,INFORMATICA E AUDIO']","ELETRONICOS,INFORMATICA E AUDIO"
1304,3413eb8515318f34dd2984e1b4b301fd,['PET SHOP'],PET SHOP
1305,3417aa576662236ea66ef37b0558d6fd,['MODA E BELEZA'],MODA E BELEZA
1306,341d0ee42d08b192c88aaa1c360f97e9,['MODA E BELEZA'],MODA E BELEZA
1307,3444a96bd74b41c9ef9ff23c7ee3c4c5,['MOVEIS E ELETRODOMESTICOS'],MOVEIS E ELETRODOMESTICOS
1308,344c86e9cc82d497519e09dc351d28ff,['BRINQUEDOS E LAZER'],BRINQUEDOS E LAZER
1309,3457d1d203987e3898c4516a101b5d36,['MODA E BELEZA'],MODA E BELEZA
1310,3459f554a17b52bc945b6cb98f90142e,"['ELETRONICOS,INFORMATICA E AUDIO']","ELETRONICOS,INFORMATICA E AUDIO"
1311,34688497162fbb53b24e10738f912fa4,['BRINQUEDOS E LAZER'],BRINQUEDOS E LAZER
1312,347b03aea6fd08c3bd68e2b30a3fe3e3,['MODA E BELEZA'],MODA E BELEZA
1313,34871174fe1f4c68f7efac5e5b3fbbde,['BRINQUEDOS E LAZER'],BRINQUEDOS E LAZER
1314,34933c9ece23c40d4591be765e2b7f27,"['ELETRONICOS,INFORMATICA E AUDIO']","ELETRONICOS,INFORMATICA E AUDIO"
1315,34957a1f241c065c4bffb7af05754b6a,['BRINQUEDOS E LAZER'],BRINQUEDOS E LAZER
1316,3495837ea2ea4a98c76ca37122b2a933,['BRINQUEDOS E LAZER'],BRINQUEDOS E LAZER
1317,34a9dd848ef0ebd4ae4b60d31720497d,['ARTES E DECORACAO'],ARTES E DECORACAO
1318,34ae1a80ab2f660940fbf9a2110f86e4,['FERRAMENTAS E CONSTRUCAO'],FERRAMENTAS E CONSTRUCAO
1319,34b02644fdec1c2023ccffd67de2b385,['MOVEIS E ELETRODOMESTICOS'],MOVEIS E ELETRODOMESTICOS
1320,34be9444467af1f6d854ea4054a47e85,['MODA E BELEZA'],MODA E BELEZA
1321,34dc2f9bce0427122de8cd6afdb03c2c,"['ELETRONICOS,INFORMATICA E AUDIO']","ELETRONICOS,INFORMATICA E AUDIO"
1322,34f7d354b559b06f85fde0f588dd5152,['MODA E BELEZA'],MODA E BELEZA
1323,34fa15662de2057126fbb0b0f1c1120f,['MOVEIS E ELETRODOMESTICOS'],MOVEIS E ELETRODOMESTICOS
1324,3505c513a3095f2c4f59e29ec7d77b68,['MODA E BELEZA'],MODA E BELEZA
1325,350600c11f111d462b138f8e6d1a36e7,['BRINQUEDOS E LAZER'],BRINQUEDOS E LAZER
1326,350b4986b8364b9e61619b2e3f2dc817,"['ELETRONICOS,INFORMATICA E AUDIO']","ELETRONICOS,INFORMATICA E AUDIO"
1327,3516e5d5f67c23496363aa89756c4cba,['CASA E CONFORTO'],CASA E CONFORTO
1328,351c4682748b3e66dd18732d650baff2,['CASA E CONFORTO'],CASA E CONFORTO
1329,351cc103e775642319456a5962fd7a9f,['CASA E CONFORTO'],CASA E CONFORTO
1330,352d96ca187708670e0f8ec35af10421,['FERRAMENTAS E CONSTRUCAO'],FERRAMENTAS E CONSTRUCAO
1331,353a971e298d36b113bdded48003102d,['MOVEIS E ELETRODOMESTICOS'],MOVEIS E ELETRODOMESTICOS
1332,35546dd6349a2065ed8ac6ffbd2b7aba,['AUTOMOTIVO'],AUTOMOTIVO
1333,356320c581316d9fc10af6ecbdb0931c,['FERRAMENTAS E CONSTRUCAO'],FERRAMENTAS E CONSTRUCAO
1334,3566eabb132f8d64741ae7b921bbd10e,['CASA E CONFORTO'],CASA E CONFORTO
1335,3570e34137f62140285ee90fed63ec69,"['ELETRONICOS,INFORMATICA E AUDIO']","ELETRONICOS,INFORMATICA E AUDIO"
1336,357e26bc92e720c2b487e879d07506d7,['MODA E BELEZA'],MODA E BELEZA
1337,357f2ad2d9ea3e63b225cfee8ad3b2a1,"['LIVROS, MUSICA E PAPELARIA']","LIVROS, MUSICA E PAPELARIA"
1338,3580fbd460098a41fb19ad93e010e638,['MODA E BELEZA'],MODA E BELEZA
1339,359619f12869deeaa50fa7762f5064bc,['ARTES E DECORACAO'],ARTES E DECORACAO
1340,3598d5876c343ad3d9699be24dc09b8a,['MOVEIS E ELETRODOMESTICOS'],MOVEIS E ELETRODOMESTICOS
1341,35b69c976146412e632585ca8260da83,['MODA E BELEZA'],MODA E BELEZA
1342,35b6b0272ca66bd5fef6d110463c40cc,['MODA E BELEZA'],MODA E BELEZA
1343,35bc36d5460374d96175822d91d79cd1,['AUTOMOTIVO'],AUTOMOTIVO
1344,35bf7f86bc7add201e5b6573052157f0,['BEBES'],BEBES
1345,35c136a4dcd64f2fe2f287bec7cc3f07,['CASA E CONFORTO'],CASA E CONFORTO
1346,35c2decdf1241aa585186aa82df2f768,['MODA E BELEZA'],MODA E BELEZA
1347,35c3b3b2f196293240304eb8601b3d8c,['AUTOMOTIVO'],AUTOMOTIVO
1348,35cf1961f10100bb2198e4f935ab4173,['CASA E CONFORTO'],CASA E CONFORTO
1349,35d71bd32993bd9959f7eefe1a5a0f4a,['AUTOMOTIVO'],AUTOMOTIVO
1350,35d89cb00c04825ece90d7a205c0347f,"['ELETRONICOS,INFORMATICA E AUDIO']","ELETRONICOS,INFORMATICA E AUDIO"
1351,35df2a75e8f319d4fe179f529613d23d,['FERRAMENTAS E CONSTRUCAO'],FERRAMENTAS E CONSTRUCAO
1352,35e3f3cac84a02e430e53ca318ce9791,['MOVEIS E ELETRODOMESTICOS'],MOVEIS E ELETRODOMESTICOS
1353,35f741bc89012d1594cfb82d0d9da8b8,"['ELETRONICOS,INFORMATICA E AUDIO']","ELETRONICOS,INFORMATICA E AUDIO"
1354,35fd272b7bfd7824349c5d0defad43ed,['MOVEIS E ELETRODOMESTICOS'],MOVEIS E ELETRODOMESTICOS
1355,35fdc6a25ee3a21b000346caeee26e29,['PET SHOP'],PET SHOP
1356,3602a80b09d914236f74c733631f3b8b,['BRINQUEDOS E LAZER'],BRINQUEDOS E LAZER
1357,3606d0126c19d4197f835572f5162c20,['CASA E CONFORTO'],CASA E CONFORTO
1358,3607a5c1a425d6896e8327401100e0b2,['FERRAMENTAS E CONSTRUCAO'],FERRAMENTAS E CONSTRUCAO
1359,360fd3c9f0384d65adb0cfd334fc152f,"['ELETRONICOS,INFORMATICA E AUDIO']","ELETRONICOS,INFORMATICA E AUDIO"
1360,3611e9793009655c4d1350655211953c,['MOVEIS E ELETRODOMESTICOS'],MOVEIS E ELETRODOMESTICOS
1361,3614e1d9603e0068d80dcf12c407795f,['CASA E CONFORTO'],CASA E CONFORTO
1362,3619a458c860886f0ec0a5b79ee5ad41,"['ELETRONICOS,INFORMATICA E AUDIO']","ELETRONICOS,INFORMATICA E AUDIO"
1363,36272970346cb4aadae6ef0defd79773,['MODA E BELEZA'],MODA E BELEZA
1364,363a9cad1728c3e133254825f3e853cf,['FERRAMENTAS E CONSTRUCAO'],FERRAMENTAS E CONSTRUCAO
1365,363ef87a97dcef74ca5b91ca4a415f3c,['BEBES'],BEBES
1366,3645c66b5c03384bc97063c45b29acd7,['ARTES E DECORACAO'],ARTES E DECORACAO
1367,3649c428a77ac1530029dbfb706a02ee,['MOVEIS E ELETRODOMESTICOS'],MOVEIS E ELETRODOMESTICOS
1368,364f6a92b4afc67ac3104f92bec22ba8,['BRINQUEDOS E LAZER'],BRINQUEDOS E LAZER
1369,3657d83f0ccdda70b89b5ae9e6fdb07c,"['ELETRONICOS,INFORMATICA E AUDIO']","ELETRONICOS,INFORMATICA E AUDIO"
1370,3660db6c1a7919853db1ef6f820a301e,"['ELETRONICOS,INFORMATICA E AUDIO']","ELETRONICOS,INFORMATICA E AUDIO"
1371,3669a1658de0b6df4a21845696974094,['MODA E BELEZA'],MODA E BELEZA
1372,367085f34fdfc417d0087dfeab08ad73,['MODA E BELEZA'],MODA E BELEZA
1373,3683eb727daa8e1c605aeabd87b02445,['ARTES E DECORACAO'],ARTES E DECORACAO
1374,368f8d217d97abd561399215e13db4e3,['MODA E BELEZA'],MODA E BELEZA
1375,369c055c7ea13627ab3d3100c5af3e8b,['MODA E BELEZA'],MODA E BELEZA
1376,36a179cea5792575e6b9682f13e44287,['AUTOMOTIVO'],AUTOMOTIVO
1377,36a55da00696783d804dcef6c490cbf9,['MOVEIS E ELETRODOMESTICOS'],MOVEIS E ELETRODOMESTICOS
1378,36a924d21368a46d4ed120b8adb1dc3d,['AUTOMOTIVO'],AUTOMOTIVO
1379,36af11f74568a0546f14fc0e5a0c2851,['CASA E CONFORTO'],CASA E CONFORTO
1380,36b33af016121e29d4fa1c46c492f656,['AUTOMOTIVO'],AUTOMOTIVO
1381,36b5cc783d21a08a8a8f6cf537de2153,"['ELETRONICOS,INFORMATICA E AUDIO']","ELETRONICOS,INFORMATICA E AUDIO"
1382,36bcbda035e6775be01e15081157c4aa,['BRINQUEDOS E LAZER'],BRINQUEDOS E LAZER
1383,36c68e2e8ad21203f7f149a315550bb7,['FERRAMENTAS E CONSTRUCAO'],FERRAMENTAS E CONSTRUCAO
1384,36cdcd48e9697951eef9c32ef39dc9f3,['MODA E BELEZA'],MODA E BELEZA
1385,36d60fb57f3153d3296bf4738b68fff1,['ARTES E DECORACAO'],ARTES E DECORACAO
1386,36e08847e59e1d2e3dc6b1c1fb69fcda,['MODA E BELEZA'],MODA E BELEZA
1387,36e2905ab14ea657095b38b36727ad07,['CASA E CONFORTO'],CASA E CONFORTO
1388,36e6b99ba54c4963136edbf31f33d781,['AUTOMOTIVO'],AUTOMOTIVO
1389,36eaf39d8bbef8a728ee1a7515980fc0,['MOVEIS E ELETRODOMESTICOS'],MOVEIS E ELETRODOMESTICOS
1390,37069a22c82db05d43b447a96abf4af0,"['ELETRONICOS,INFORMATICA E AUDIO']","ELETRONICOS,INFORMATICA E AUDIO"
1391,37073d851c3f30deebe598e5a586bdbd,['FERRAMENTAS E CONSTRUCAO'],FERRAMENTAS E CONSTRUCAO
1392,370ea9c16345a128a6c6b8b76a475d74,"['ELETRONICOS,INFORMATICA E AUDIO']","ELETRONICOS,INFORMATICA E AUDIO"
1393,371a5e62da258e95c3cf015f28350f06,['CASA E CONFORTO'],CASA E CONFORTO
1394,3722900224c18ef2bfb634a635cdbc72,"['ELETRONICOS,INFORMATICA E AUDIO']","ELETRONICOS,INFORMATICA E AUDIO"
1395,37394e732421fbc2891f359531eae716,['MODA E BELEZA'],MODA E BELEZA
1396,373e0e17a31683eb830eab2ade3df6dc,['FERRAMENTAS E CONSTRUCAO'],FERRAMENTAS E CONSTRUCAO
1397,374287ecf047f9180fdb554bc4ae1c1d,['MOVEIS E ELETRODOMESTICOS'],MOVEIS E ELETRODOMESTICOS
1398,3767ec504e8593984a2b190eb90743d3,['MOVEIS E ELETRODOMESTICOS'],MOVEIS E ELETRODOMESTICOS
1399,376a342d70faa7a733b871acc701def8,['FERRAMENTAS E CONSTRUCAO'],FERRAMENTAS E CONSTRUCAO
1400,3777a556763eb6cb59f7dd14e90c4ab7,['CASA E CONFORTO'],CASA E CONFORTO
1401,377955b64069de71f75ed5378881046b,['BRINQUEDOS E LAZER'],BRINQUEDOS E LAZER
1402,377ce1ed905bc4755cc1204e3712fe21,['CASA E CONFORTO'],CASA E CONFORTO
1403,3786374eb6f56d00e96bf7511002cd00,['AUTOMOTIVO'],AUTOMOTIVO
1404,3794be706c3088573f54b492768e7689,['FERRAMENTAS E CONSTRUCAO'],FERRAMENTAS E CONSTRUCAO
1405,37974418f119afe7a1c6025eeea7c07a,['MODA E BELEZA'],MODA E BELEZA
1406,37998721893fc9117c5d69637031b515,['FERRAMENTAS E CONSTRUCAO'],FERRAMENTAS E CONSTRUCAO
1407,379aabb5b4c4b1693fd094f3b328f991,['MOVEIS E ELETRODOMESTICOS'],MOVEIS E ELETRODOMESTICOS
1408,37a63972d6fa35618d22858e3cffefc1,['MODA E BELEZA'],MODA E BELEZA
1409,37b1281795f5155c913abe0c05f43b4a,['ARTES E DECORACAO'],ARTES E DECORACAO
1410,37bcd96070aa2347efafe5daef980585,['CASA E CONFORTO'],CASA E CONFORTO
1411,37c3eefe09fbbf5fd314de9cbc9e07a4,['FERRAMENTAS E CONSTRUCAO'],FERRAMENTAS E CONSTRUCAO
1412,37c8cbbb816470ceb8a3026653cf3d3c,"['ELETRONICOS,INFORMATICA E AUDIO']","ELETRONICOS,INFORMATICA E AUDIO"
1413,37e5725572d3cbd7aad103b730f9232a,"['LIVROS, MUSICA E PAPELARIA']","LIVROS, MUSICA E PAPELARIA"
1414,38035a76fee1437dca92e94b3e057af6,['BRINQUEDOS E LAZER'],BRINQUEDOS E LAZER
1415,3814590ae0c00af31f205e41ebb9b270,"['ELETRONICOS,INFORMATICA E AUDIO']","ELETRONICOS,INFORMATICA E AUDIO"
1416,38162e93b3ce4e0511825eba9f0b4414,['BRINQUEDOS E LAZER'],BRINQUEDOS E LAZER
1417,3816ba21917f2a17a58a38a108985d0c,['MODA E BELEZA'],MODA E BELEZA
1418,38171cba31c7211ce21559574998ffdd,['MOVEIS E ELETRODOMESTICOS'],MOVEIS E ELETRODOMESTICOS
1419,3817aebb6b2eab8cb6e13f3d2f163216,['MOVEIS E ELETRODOMESTICOS'],MOVEIS E ELETRODOMESTICOS
1420,381cb353cd30a73a5e49e5f42e583c43,"['ELETRONICOS,INFORMATICA E AUDIO']","ELETRONICOS,INFORMATICA E AUDIO"
1421,38289de96763d9d81470f67583f4b2f0,['MODA E BELEZA'],MODA E BELEZA
1422,382fe4c08d9dc3aec94cd1aeca20b992,"['ELETRONICOS,INFORMATICA E AUDIO']","ELETRONICOS,INFORMATICA E AUDIO"
1423,3832c983d516d747e824818b16728006,['MOVEIS E ELETRODOMESTICOS'],MOVEIS E ELETRODOMESTICOS
1424,3834305e2900c25bd4f81680aca69373,['MODA E BELEZA'],MODA E BELEZA
1425,3834ec7f71dbcb2d82167e52a4448d33,"['ELETRONICOS,INFORMATICA E AUDIO']","ELETRONICOS,INFORMATICA E AUDIO"
1426,38396b4cf6f7c64870a71804f18641bd,['CASA E CONFORTO'],CASA E CONFORTO
1427,384d96ed56bf3f9dfecc4e2c539111a7,['MODA E BELEZA'],MODA E BELEZA
1428,3853bb442103dd1f77271b7750bd3202,['CASA E CONFORTO'],CASA E CONFORTO
1429,38568e887b1eeef65756294b42fc8fb3,"['ELETRONICOS,INFORMATICA E AUDIO']","ELETRONICOS,INFORMATICA E AUDIO"
1430,3857d86e945d7a098beffbf7cbd09a80,"['ELETRONICOS,INFORMATICA E AUDIO']","ELETRONICOS,INFORMATICA E AUDIO"
1431,38606eb20bdd1b2f56309287e809510d,"['ELETRONICOS,INFORMATICA E AUDIO']","ELETRONICOS,INFORMATICA E AUDIO"
1432,38774303eed7ea4f45f31ba37969381d,['CASA E CONFORTO'],CASA E CONFORTO
1433,387dbd8ab95a2cea602adfc5434f7258,['FERRAMENTAS E CONSTRUCAO'],FERRAMENTAS E CONSTRUCAO
1434,389a9ea0a3b847e32aafa6fc297e2a9d,['BRINQUEDOS E LAZER'],BRINQUEDOS E LAZER
1435,38ab7ca6747531f5173881e11be23b74,['BEBES'],BEBES
1436,38b2633e32ebaa39b691f519f3e8b0ff,['ALIMENTOS'],ALIMENTOS
1437,38bfa8770aab7482945c44803221107e,['MODA E BELEZA'],MODA E BELEZA
1438,38c2b634e9399138e8c5e726ddfe765d,['ALIMENTOS'],ALIMENTOS
1439,38cb813a638594505086f338bb5d4cae,['BRINQUEDOS E LAZER'],BRINQUEDOS E LAZER
1440,38cd9a16e2ee3ee519de420fc15d77ff,['CASA E CONFORTO'],CASA E CONFORTO
1441,38d1046513a150583e3f00f86212d3c9,['CASA E CONFORTO'],CASA E CONFORTO
1442,38d3c26f8db105374d9387f518623a3e,['FERRAMENTAS E CONSTRUCAO'],FERRAMENTAS E CONSTRUCAO
1443,38d4904ceccfaba59e568e385b375103,['BRINQUEDOS E LAZER'],BRINQUEDOS E LAZER
1444,38dc054731aefcdf92baf946cef55604,['BRINQUEDOS E LAZER'],BRINQUEDOS E LAZER
1445,38dcb5499d8854b4b2c6dbaaf983f21e,['MODA E BELEZA'],MODA E BELEZA
1446,38df543e1956e91a0b4ee89c4a49dbf3,['MODA E BELEZA'],MODA E BELEZA
1447,38e47cf95d95719dfbececfd1cfde0cc,['MODA E BELEZA'],MODA E BELEZA
1448,38e58cdf27a57490e8945bd9f8150e45,['MODA E BELEZA'],MODA E BELEZA
1449,38e68853613891ef987ac0772148218f,"['LIVROS, MUSICA E PAPELARIA']","LIVROS, MUSICA E PAPELARIA"
1450,38e9133ce29f6bbe35aed9c3863dce01,['BEBES'],BEBES
1451,38e958945f54389c7d61cfee471b475f,['CASA E CONFORTO'],CASA E CONFORTO
1452,38efd1ae907b1b533315ebc00abd55e2,['CASA E CONFORTO'],CASA E CONFORTO
1453,38fad35c11cb18574e36b947cdd1a222,['FERRAMENTAS E CONSTRUCAO'],FERRAMENTAS E CONSTRUCAO
1454,390b0aaeb630b5a26d4a9bb2ece1dcd6,['BRINQUEDOS E LAZER'],BRINQUEDOS E LAZER
1455,391b367d6be6ee89d19e3e314606012c,['CASA E CONFORTO'],CASA E CONFORTO
1456,392ddca7a63143f9ec76350a09e0e138,['BEBES'],BEBES
1457,39444c4357a54def3a087956dbb17e62,['BRINQUEDOS E LAZER'],BRINQUEDOS E LAZER
1458,395522d74b4f19e9d229bacaab803c99,['MODA E BELEZA'],MODA E BELEZA
1459,3967044b1f033a8b079e050cf79b2586,['MOVEIS E ELETRODOMESTICOS'],MOVEIS E ELETRODOMESTICOS
1460,396f84886eb4046aa249fdf2aacf3994,['MODA E BELEZA'],MODA E BELEZA
1461,3970917d62089188ce154d4cf796babc,['ARTES E DECORACAO'],ARTES E DECORACAO
1462,39730c5c34015c1ef1cc42708264b56d,['MOVEIS E ELETRODOMESTICOS'],MOVEIS E ELETRODOMESTICOS
1463,39742381ff00946ff3ec36900700013b,['CASA E CONFORTO'],CASA E CONFORTO
1464,3975795375144bc36a85de24cd441b21,['CASA E CONFORTO'],CASA E CONFORTO
1465,397734101cdc7f8ac3663089a968a763,['BRINQUEDOS E LAZER'],BRINQUEDOS E LAZER
1466,39a14db0962dfaf89800218567a80c1f,['ARTES E DECORACAO'],ARTES E DECORACAO
1467,39b9820979b360fd55967934e0bc3f80,['ARTES E DECORACAO'],ARTES E DECORACAO
1468,39d0bd05538b0d573193744390e86223,['MODA E BELEZA'],MODA E BELEZA
1469,39d340d25b904393423407b7b5ed5030,['MODA E BELEZA'],MODA E BELEZA
1470,39d83b95ee59584c2232febd3336f1e5,"['LIVROS, MUSICA E PAPELARIA']","LIVROS, MUSICA E PAPELARIA"
1471,39e3311579afb8c467eac9a76b7e8561,"['ELETRONICOS,INFORMATICA E AUDIO']","ELETRONICOS,INFORMATICA E AUDIO"
1472,39ecefca5d75a7d6c27d724519636818,['BRINQUEDOS E LAZER'],BRINQUEDOS E LAZER
1473,39f428ffba2a9207ffb6406237ffe25a,['MODA E BELEZA'],MODA E BELEZA
1474,39f9dafc7ffdcf2b3c9b9ae5f1541a41,"['ELETRONICOS,INFORMATICA E AUDIO']","ELETRONICOS,INFORMATICA E AUDIO"
1475,3a02f2abd527b2a2b0504aa48bc1b7c2,['CASA E CONFORTO'],CASA E CONFORTO
1476,3a0855d32f10ac8041aaa2e84ba0bbc0,['BRINQUEDOS E LAZER'],BRINQUEDOS E LAZER
1477,3a0ad73a22a4ca1af66f3f7ee5c6c3fd,['CASA E CONFORTO'],CASA E CONFORTO
1478,3a119f52de09d1b2700815732def8b47,['MODA E BELEZA'],MODA E BELEZA
1479,3a20bcc250e5404ca717dfa90e8a9c05,['CASA E CONFORTO'],CASA E CONFORTO
1480,3a221cd6b7d813e2b6cf57339f37a062,"['ELETRONICOS,INFORMATICA E AUDIO']","ELETRONICOS,INFORMATICA E AUDIO"
1481,3a328e1340a59982235a158a25133cba,['BRINQUEDOS E LAZER'],BRINQUEDOS E LAZER
1482,3a37c2a63fa3597713318ab40e3495de,"['LIVROS, MUSICA E PAPELARIA']","LIVROS, MUSICA E PAPELARIA"
1483,3a3b0394c09dbf1c3f658c1fbe9adc31,['FERRAMENTAS E CONSTRUCAO'],FERRAMENTAS E CONSTRUCAO
1484,3a4bb517adcdd976a7ec9d02ddc7878e,"['ELETRONICOS,INFORMATICA E AUDIO']","ELETRONICOS,INFORMATICA E AUDIO"
1485,3a594497943c5d46c735d2b2417f43b6,"['ELETRONICOS,INFORMATICA E AUDIO']","ELETRONICOS,INFORMATICA E AUDIO"
1486,3a5e6cf8d29afbbc312762c88b4a7fb9,['CASA E CONFORTO'],CASA E CONFORTO
1487,3a61b3fbedc733000b0529431170ddf8,['BRINQUEDOS E LAZER'],BRINQUEDOS E LAZER
1488,3a64848764705419900d8390cb2ed7cb,['BEBES'],BEBES
1489,3a67e05f7b4f7fe736e90e6acc8689b3,['FERRAMENTAS E CONSTRUCAO'],FERRAMENTAS E CONSTRUCAO
1490,3a6b881cda9bb84b58ca91c630b9793a,['MODA E BELEZA'],MODA E BELEZA
1491,3a6c27f9d9f17facdd07d9d8a275dd15,['CASA E CONFORTO'],CASA E CONFORTO
1492,3a70ea20517224ef5bcb72742f0cc439,['CASA E CONFORTO'],CASA E CONFORTO
1493,3a75ad68c0d55d1b9765b50d7ec54c24,['ARTES E DECORACAO'],ARTES E DECORACAO
1494,3a77992e9af4cff3d2b7bffa8f0597bd,"['ELETRONICOS,INFORMATICA E AUDIO']","ELETRONICOS,INFORMATICA E AUDIO"
1495,3a81f00da2cf9c1ef4f30b34bf435c62,['AUTOMOTIVO'],AUTOMOTIVO
1496,3a842bbb29174bb6dbd2c2f364e8eb15,['AUTOMOTIVO'],AUTOMOTIVO
1497,3a8d1da60e589d438a1517f54f3e5f9e,"['ELETRONICOS,INFORMATICA E AUDIO']","ELETRONICOS,INFORMATICA E AUDIO"
1498,3a99e79dbc864f031d94b7f7957b34a5,['MODA E BELEZA'],MODA E BELEZA
1499,3a9ba7770cd43147a6d152187d05be65,['CASA E CONFORTO'],CASA E CONFORTO
1500,3a9e44b449e2ec9986a329724bc824eb,['MODA E BELEZA'],MODA E BELEZA
1501,3aa0358c1a9b8019bd14ab006b6e8284,"['ELETRONICOS,INFORMATICA E AUDIO']","ELETRONICOS,INFORMATICA E AUDIO"
1502,3aaa9a0f68e9743aef38c75a7cb6d998,['CASA E CONFORTO'],CASA E CONFORTO
1503,3abf6dc158567370b9270287cfcf25bd,"['LIVROS, MUSICA E PAPELARIA']","LIVROS, MUSICA E PAPELARIA"
1504,3ac0423d1e7e335f83c8fa3600ae47d7,['MOVEIS E ELETRODOMESTICOS'],MOVEIS E ELETRODOMESTICOS
1505,3ac2186857e6d4f16167df65af939568,['AUTOMOTIVO'],AUTOMOTIVO
1506,3ad043d1c1455d9bfce6c14877cac318,['MOVEIS E ELETRODOMESTICOS'],MOVEIS E ELETRODOMESTICOS
1507,3ad057222aa3896524e1f8676a6fed66,['MODA E BELEZA'],MODA E BELEZA
1508,3ad46243d0ff8b18130628555fee1f68,['BRINQUEDOS E LAZER'],BRINQUEDOS E LAZER
1509,3adb141ba4bd69dd7fe8d3fb733c6b74,['CASA E CONFORTO'],CASA E CONFORTO
1510,3ae0851b6ee221c9db69aa800b869e3f,['MODA E BELEZA'],MODA E BELEZA
1511,3affb32917f79ab66f26546e066fe5db,['MODA E BELEZA'],MODA E BELEZA
1512,3b0e5a99d50a2371dc4f0dfbaf0a2a76,['BRINQUEDOS E LAZER'],BRINQUEDOS E LAZER
1513,3b1b1d0a19960310b9e033909f63f662,['BRINQUEDOS E LAZER'],BRINQUEDOS E LAZER
1514,3b2306ebbd3f8e2923984f42b2c03228,['MODA E BELEZA'],MODA E BELEZA
1515,3b2e77967d37d34b88bd2bca3d2ec4a0,['MOVEIS E ELETRODOMESTICOS'],MOVEIS E ELETRODOMESTICOS
1516,3b3e0d7f5d77e227da21f19fd5e20c47,['MODA E BELEZA'],MODA E BELEZA
1517,3b3f7687e938ba0e58002a3640110a8a,['MODA E BELEZA'],MODA E BELEZA
1518,3b43a1faa9745dfcd8ef87937f4cab08,['MODA E BELEZA'],MODA E BELEZA
1519,3b4ccaa47ae0c0d6966133bcdb0c8ad4,"['ELETRONICOS,INFORMATICA E AUDIO']","ELETRONICOS,INFORMATICA E AUDIO"
1520,3b513d4810b2c2de5e551d0edee87865,['CASA E CONFORTO'],CASA E CONFORTO
1521,3b54c56c2a6be822cfdd5a7eff24add0,['MOVEIS E ELETRODOMESTICOS'],MOVEIS E ELETRODOMESTICOS
1522,3b786bf128186200f49a2d025c9148f4,"['ELETRONICOS,INFORMATICA E AUDIO']","ELETRONICOS,INFORMATICA E AUDIO"
1523,3b80f5f8f9c4664e52e228a8ce5752f9,"['ELETRONICOS,INFORMATICA E AUDIO']","ELETRONICOS,INFORMATICA E AUDIO"
1524,3b84a70de03a9f409e2d164096ef9423,['CASA E CONFORTO'],CASA E CONFORTO
1525,3b919fbc512d96f81330d2aae3ed0cf6,['AUTOMOTIVO'],AUTOMOTIVO
1526,3baaa5448af22fe09f43c61e6f2591bb,"['ELETRONICOS,INFORMATICA E AUDIO']","ELETRONICOS,INFORMATICA E AUDIO"
1527,3bae0297ddeacb52eb9b17d9616dcf1c,['MODA E BELEZA'],MODA E BELEZA
1528,3bae20c7f7ad4cf125d51f381c55f8e5,"['ELETRONICOS,INFORMATICA E AUDIO']","ELETRONICOS,INFORMATICA E AUDIO"
1529,3bb01fb597afee976918577ed7697c80,['CASA E CONFORTO'],CASA E CONFORTO
1530,3bb8ecf664bfd847878cd39b191d5b79,['PET SHOP'],PET SHOP
1531,3bc3db2c8da17bdf6b0344b1a2ed7cb8,['MODA E BELEZA'],MODA E BELEZA
1532,3bd820484fb08cbd09f9d3f378fae1a4,"['ELETRONICOS,INFORMATICA E AUDIO']","ELETRONICOS,INFORMATICA E AUDIO"
1533,3be070ae2edd92621c933c5341674b4e,"['ELETRONICOS,INFORMATICA E AUDIO']","ELETRONICOS,INFORMATICA E AUDIO"
1534,3be0ae91dc77cae9d86932b984c9d5f3,['CASA E CONFORTO'],CASA E CONFORTO
1535,3be2b1040cee4f1c19a48c57ca3d2640,"['LIVROS, MUSICA E PAPELARIA']","LIVROS, MUSICA E PAPELARIA"
1536,3bece71a0ce79d5d8945d9d665e5164e,['CASA E CONFORTO'],CASA E CONFORTO
1537,3bf64404e90aaf774854f9d82327af00,"['ELETRONICOS,INFORMATICA E AUDIO']","ELETRONICOS,INFORMATICA E AUDIO"
1538,3bf7f5b41faa36638d7516b58bd833a8,['MODA E BELEZA'],MODA E BELEZA
1539,3bfd863aeb764ee13e7a3909ca8be2a5,['CASA E CONFORTO'],CASA E CONFORTO
1540,3c052d74f852adbeb14c7e8da52b9e6e,['MODA E BELEZA'],MODA E BELEZA
1541,3c0b55362db9e4d58bc57e08f27bc7f7,"['ELETRONICOS,INFORMATICA E AUDIO']","ELETRONICOS,INFORMATICA E AUDIO"
1542,3c0f91a7a3493bb46260f52f2e6ab61a,['CASA E CONFORTO'],CASA E CONFORTO
1543,3c116d50bb76160ee1d7a2e8f5791427,"['ELETRONICOS,INFORMATICA E AUDIO']","ELETRONICOS,INFORMATICA E AUDIO"
1544,3c12bc6e3b1b88c14e55b9c38fddecf6,"['AGRO, INDUSTRIA E NEGOCIOS']","AGRO, INDUSTRIA E NEGOCIOS"
1545,3c168c149c30652ebe339c9e5ab96f71,['FERRAMENTAS E CONSTRUCAO'],FERRAMENTAS E CONSTRUCAO
1546,3c22fe6868c666f6a4edc2c5456c26aa,['MOVEIS E ELETRODOMESTICOS'],MOVEIS E ELETRODOMESTICOS
1547,3c314f50bc654f3c4e317b055681dff9,['CASA E CONFORTO'],CASA E CONFORTO
1548,3c39f4ac4b4520bfaaba2cee448cd823,['MODA E BELEZA'],MODA E BELEZA
1549,3c5939ce763419f5942f27acffd072e6,['BRINQUEDOS E LAZER'],BRINQUEDOS E LAZER
1550,3c6c4d8395cd1b0c68ffa02fa1446367,['MODA E BELEZA'],MODA E BELEZA
1551,3c7bea0b3fdeab82f1c819c75c5da223,"['ELETRONICOS,INFORMATICA E AUDIO']","ELETRONICOS,INFORMATICA E AUDIO"
1552,3c8e77237d5bc008798253d8705581a2,"['ELETRONICOS,INFORMATICA E AUDIO']","ELETRONICOS,INFORMATICA E AUDIO"
1553,3c901df8e80c646961877910379f4c1d,"['LIVROS, MUSICA E PAPELARIA']","LIVROS, MUSICA E PAPELARIA"
1554,3c98e4bedff26f850c4f9989b16c8ee7,['BRINQUEDOS E LAZER'],BRINQUEDOS E LAZER
1555,3ca220335d57d2c3accc9bb4816d7035,['MODA E BELEZA'],MODA E BELEZA
1556,3ca5fa29d024e3690f532e492d590cc1,['ARTES E DECORACAO'],ARTES E DECORACAO
1557,3ca6693c62bcb94cf84a1c9f89191483,['CASA E CONFORTO'],CASA E CONFORTO
1558,3cb3f6f3260322db164ba9b44b6a07af,['CASA E CONFORTO'],CASA E CONFORTO
1559,3cf732ae03a74a50fc69cbfe6cb978fc,"['ELETRONICOS,INFORMATICA E AUDIO']","ELETRONICOS,INFORMATICA E AUDIO"
1560,3d1b89c754a150dde1beea6f7577dcd4,['CASA E CONFORTO'],CASA E CONFORTO
1561,3d237fd98f6bc4d3fd3a0eadda50b2a6,['MOVEIS E ELETRODOMESTICOS'],MOVEIS E ELETRODOMESTICOS
1562,3d260147da4c422ec7b613fcb54c8fc9,['BRINQUEDOS E LAZER'],BRINQUEDOS E LAZER
1563,3d5ac3886057103d59fc294cef2677e6,['MODA E BELEZA'],MODA E BELEZA
1564,3d5c1837eaa26ca8ccb6eb3eb6a6ee6b,"['ELETRONICOS,INFORMATICA E AUDIO']","ELETRONICOS,INFORMATICA E AUDIO"
1565,3d6031aba8562253267cc241b6113b98,['MODA E BELEZA'],MODA E BELEZA
1566,3d65824e9d761678f1695afde11107ab,"['ELETRONICOS,INFORMATICA E AUDIO']","ELETRONICOS,INFORMATICA E AUDIO"
1567,3d7769d40f0a71dd4954af1ddea4897e,"['ELETRONICOS,INFORMATICA E AUDIO']","ELETRONICOS,INFORMATICA E AUDIO"
1568,3d7843619ba9dab89ba9aa58cfa11e31,"['ELETRONICOS,INFORMATICA E AUDIO']","ELETRONICOS,INFORMATICA E AUDIO"
1569,3d7ee397cbe71826e767837af0d81c2a,"['ELETRONICOS,INFORMATICA E AUDIO']","ELETRONICOS,INFORMATICA E AUDIO"
1570,3d89350fbbbebf725356d7abe70f17a0,"['ELETRONICOS,INFORMATICA E AUDIO']","ELETRONICOS,INFORMATICA E AUDIO"
1571,3d894f368ae702ec71a9db9d4d21291d,"['ELETRONICOS,INFORMATICA E AUDIO']","ELETRONICOS,INFORMATICA E AUDIO"
1572,3d8add25381cd597c33ad196fda3c36f,['MODA E BELEZA'],MODA E BELEZA
1573,3dbf60040199f502ec5dd67f86b804ab,['MODA E BELEZA'],MODA E BELEZA
1574,3dc9704f804fcd14def080ddb628a245,['FERRAMENTAS E CONSTRUCAO'],FERRAMENTAS E CONSTRUCAO
1575,3decc053f76f6898aefed9c29e26e2b7,['MODA E BELEZA'],MODA E BELEZA
1576,3dee10a1bffcabb51920d1aa6f2779a8,['MODA E BELEZA'],MODA E BELEZA
1577,3e12f46ce85ad5d85a0b8dfdf0a6e32c,['BRINQUEDOS E LAZER'],BRINQUEDOS E LAZER
1578,3e160e93900d5da52f6a8e6fc88d737c,['MODA E BELEZA'],MODA E BELEZA
1579,3e22992053887624e88bf136002962d5,['MOVEIS E ELETRODOMESTICOS'],MOVEIS E ELETRODOMESTICOS
1580,3e2b45761c1280a1c1165c83d3292c43,['CASA E CONFORTO'],CASA E CONFORTO
1581,3e341725cddb1523a88a68e64d7ce0cf,"['ELETRONICOS,INFORMATICA E AUDIO']","ELETRONICOS,INFORMATICA E AUDIO"
1582,3e37861f5eeb4e7f465390b54c79bca7,['BRINQUEDOS E LAZER'],BRINQUEDOS E LAZER
1583,3e43e4dedffaf5c15e579786d0b5317f,['CASA E CONFORTO'],CASA E CONFORTO
1584,3e452a4a4bd5289e081ae210352500bd,['AUTOMOTIVO'],AUTOMOTIVO
1585,3e47a8cc66024053901d7313a7d2a0b7,['MODA E BELEZA'],MODA E BELEZA
1586,3e68d0953d76c816cb9b580357cf65a1,['MODA E BELEZA'],MODA E BELEZA
1587,3e77cb3c65a1bac64d0516085c2dda55,['MODA E BELEZA'],MODA E BELEZA
1588,3e83ca3523a68abaf07131a5ecab7319,"['ELETRONICOS,INFORMATICA E AUDIO']","ELETRONICOS,INFORMATICA E AUDIO"
1589,3e9482fafca86df873bf05a9563578c2,['MODA E BELEZA'],MODA E BELEZA
1590,3e9638823ecdbfaab776fd985c88ec3d,['MODA E BELEZA'],MODA E BELEZA
1591,3e9933bf292ae1d5b09f1fed31163522,['MODA E BELEZA'],MODA E BELEZA
1592,3ea264e36baf2f2275cdcfbd1b96a4aa,"['ELETRONICOS,INFORMATICA E AUDIO']","ELETRONICOS,INFORMATICA E AUDIO"
1593,3ea310e0ca8eaa2d771f9ae489e6535e,['MODA E BELEZA'],MODA E BELEZA
1594,3ed2296452fe2eb69e2cc8cc8ec2c3b4,['CASA E CONFORTO'],CASA E CONFORTO
1595,3edb50273f0fec7a7e340030467076bc,['MODA E BELEZA'],MODA E BELEZA
1596,3ef5c8159bd4605715d1fd6e20cf8137,['AUTOMOTIVO'],AUTOMOTIVO
1597,3ef6bcdda6193f8657168ba7e8b3e948,['ARTES E DECORACAO'],ARTES E DECORACAO
1598,3f0541d009d20e9a244f3bb2ebf07f8f,['MODA E BELEZA'],MODA E BELEZA
1599,3f26a399c8a1c0cf2c9dc8a194b134d3,['MODA E BELEZA'],MODA E BELEZA
1600,3f28cba1ce719f837889ddbcd88bcbf2,['CASA E CONFORTO'],CASA E CONFORTO
1601,3f3af836b5f857d4276ee94f3ca90694,"['ELETRONICOS,INFORMATICA E AUDIO']","ELETRONICOS,INFORMATICA E AUDIO"
1602,3f3e73711d749f4c39da2d5e55927d84,['FERRAMENTAS E CONSTRUCAO'],FERRAMENTAS E CONSTRUCAO
1603,3f3f818c758f0f9ed76a1d49d8d7e6f3,"['ELETRONICOS,INFORMATICA E AUDIO']","ELETRONICOS,INFORMATICA E AUDIO"
1604,3f5bef65e86c9d1a2c8ff430a74cc202,['AUTOMOTIVO'],AUTOMOTIVO
1605,3f5dec4a044b171bbe8c2313102c045b,['BRINQUEDOS E LAZER'],BRINQUEDOS E LAZER
1606,3f6484ca65eed5c701aa5e348623537f,['MODA E BELEZA'],MODA E BELEZA
1607,3f695ee2567af0b169e482d825ec8e31,['MOVEIS E ELETRODOMESTICOS'],MOVEIS E ELETRODOMESTICOS
1608,3f6da1442aba80bcf61179602dfab9ca,['AUTOMOTIVO'],AUTOMOTIVO
1609,3f72f100dae2b5099ad6e5a486e95ec0,"['ELETRONICOS,INFORMATICA E AUDIO']","ELETRONICOS,INFORMATICA E AUDIO"
1610,3f7a6450c7d9e47a7132abfb18aac99a,['MOVEIS E ELETRODOMESTICOS'],MOVEIS E ELETRODOMESTICOS
1611,3f7d4510666c881c335f9ca51b9db9cb,['CASA E CONFORTO'],CASA E CONFORTO
1612,3f849648ffbabb0562c7668f212e3e88,['PET SHOP'],PET SHOP
1613,3f84b0049b0be014bde59429ca8267fc,"['ELETRONICOS,INFORMATICA E AUDIO']","ELETRONICOS,INFORMATICA E AUDIO"
1614,3f975d6254e730e9262bc7be0b71a589,['MODA E BELEZA'],MODA E BELEZA
1615,3f9b32db01f2cbd4be222670d0ce11bf,['MODA E BELEZA'],MODA E BELEZA
1616,3fa77b85e1a28c3b3a241c4c59d08112,"['ELETRONICOS,INFORMATICA E AUDIO']","ELETRONICOS,INFORMATICA E AUDIO"
1617,3fadda9b9439e6264745e868c55332ba,['CASA E CONFORTO'],CASA E CONFORTO
1618,3fbb598da3d544e640039c789df239b7,['MOVEIS E ELETRODOMESTICOS'],MOVEIS E ELETRODOMESTICOS
1619,3fbd798d7e8c262456edce32abaee496,['ARTES E DECORACAO'],ARTES E DECORACAO
1620,3fc88ecf6531f387f4888fe47105b4a4,['MOVEIS E ELETRODOMESTICOS'],MOVEIS E ELETRODOMESTICOS
1621,3fcc23281e8679bfb293a37d2fd3eeb8,['BRINQUEDOS E LAZER'],BRINQUEDOS E LAZER
1622,3fdee57c3dba3da728d2e951c55504d0,['CASA E CONFORTO'],CASA E CONFORTO
1623,3fe9e1771e3c0ddc3de0af1b15850664,['MODA E BELEZA'],MODA E BELEZA
1624,3ff313d5a95fbba4b58f90086504022f,"['ELETRONICOS,INFORMATICA E AUDIO']","ELETRONICOS,INFORMATICA E AUDIO"
1625,40177473ba36616817cf3e1c3a0643ed,['CASA E CONFORTO'],CASA E CONFORTO
1626,40237bfdaa849b45bb6dc75be63c3abf,['AUTOMOTIVO'],AUTOMOTIVO
1627,404427f6508b6a779e273ad67a7ba350,['BEBES'],BEBES
1628,4048279d4b6d7122d030e5487857a305,['CASA E CONFORTO'],CASA E CONFORTO
1629,404e2c2a9c8b32e2c57597440e356f2f,"['LIVROS, MUSICA E PAPELARIA']","LIVROS, MUSICA E PAPELARIA"
1630,40516474d4dead1446fa9e9ae60d233a,['FERRAMENTAS E CONSTRUCAO'],FERRAMENTAS E CONSTRUCAO
1631,4059056b2f7cadb9cf31238fc351ca59,"['ELETRONICOS,INFORMATICA E AUDIO']","ELETRONICOS,INFORMATICA E AUDIO"
1632,4065c0062f606b943e2fef1d5454ce80,['FERRAMENTAS E CONSTRUCAO'],FERRAMENTAS E CONSTRUCAO
1633,4074c8247a20a28ee6bedaa09cd94d76,['BRINQUEDOS E LAZER'],BRINQUEDOS E LAZER
1634,407b45a96cb1a7bdc352d2a499647b84,['BRINQUEDOS E LAZER'],BRINQUEDOS E LAZER
1635,408d3b25332b720d54aeb8503549722e,['MODA E BELEZA'],MODA E BELEZA
1636,40969a63dab14f62173be9affecb17d4,"['ELETRONICOS,INFORMATICA E AUDIO']","ELETRONICOS,INFORMATICA E AUDIO"
1637,409bb100cf5efeb2ee6789b1a63589f2,['MODA E BELEZA'],MODA E BELEZA
1638,40a9be4510459ae28841128e5938153f,"['ELETRONICOS,INFORMATICA E AUDIO']","ELETRONICOS,INFORMATICA E AUDIO"
1639,40b1be99be1654dadd7e49f038296ced,"['LIVROS, MUSICA E PAPELARIA']","LIVROS, MUSICA E PAPELARIA"
1640,40b84381ff8cf557a3be3ad7b29421a9,['MODA E BELEZA'],MODA E BELEZA
1641,40c520349458bcec0ceb7a06f6061a25,['BRINQUEDOS E LAZER'],BRINQUEDOS E LAZER
1642,40c6a2db0ce06b7ed796a48b20206c92,['CASA E CONFORTO'],CASA E CONFORTO
1643,40d2a869f24d0fcaf5a569330470313d,"['ELETRONICOS,INFORMATICA E AUDIO']","ELETRONICOS,INFORMATICA E AUDIO"
1644,40d61096a3c7681e431d0224b2eb6aab,"['ELETRONICOS,INFORMATICA E AUDIO']","ELETRONICOS,INFORMATICA E AUDIO"
1645,40d702a17a6d8b52548cb922505283a9,['MOVEIS E ELETRODOMESTICOS'],MOVEIS E ELETRODOMESTICOS
1646,40dabf04200fba9e723d40d5778c2607,['MODA E BELEZA'],MODA E BELEZA
1647,40dc3a64281055bc8778d0281421bd63,['MODA E BELEZA'],MODA E BELEZA
1648,40e6624f975fba72e2ca10754a14e078,['MODA E BELEZA'],MODA E BELEZA
1649,40f5d5356396abbec18c0c893d329422,['FERRAMENTAS E CONSTRUCAO'],FERRAMENTAS E CONSTRUCAO
1650,41056c68216a5174be6c39a7b4d596c2,['MOVEIS E ELETRODOMESTICOS'],MOVEIS E ELETRODOMESTICOS
1651,410ba50fe8c000ab2342ac8e4282b2f3,"['ELETRONICOS,INFORMATICA E AUDIO']","ELETRONICOS,INFORMATICA E AUDIO"
1652,410ca30ef54d25e4deaf8d5babbed030,['BRINQUEDOS E LAZER'],BRINQUEDOS E LAZER
1653,410e41c4507bab680c202520e09d0f45,['MODA E BELEZA'],MODA E BELEZA
1654,411790320f5670dfdaadb9d7a8b634d3,['MODA E BELEZA'],MODA E BELEZA
1655,411863c544c533d3918d4e274ce334c8,['MODA E BELEZA'],MODA E BELEZA
1656,411cb689d52e7d0468af7071748087b3,['AUTOMOTIVO'],AUTOMOTIVO
1657,4122d084b6a345866be978647c68acd2,['BRINQUEDOS E LAZER'],BRINQUEDOS E LAZER
1658,4125f12333bad3b4866e6145396cf2b1,['BRINQUEDOS E LAZER'],BRINQUEDOS E LAZER
1659,41277f3a6a9033447c24bd3e1ff04c86,['MOVEIS E ELETRODOMESTICOS'],MOVEIS E ELETRODOMESTICOS
1660,414fe5cf5ccc8afed3c265aede6cc37d,"['ELETRONICOS,INFORMATICA E AUDIO']","ELETRONICOS,INFORMATICA E AUDIO"
1661,4151292eea8dc7551c93d61feb56c44b,['MOVEIS E ELETRODOMESTICOS'],MOVEIS E ELETRODOMESTICOS
1662,416536d8c07c9cfd3cb14e229ec424a5,['MODA E BELEZA'],MODA E BELEZA
1663,4174ab02f93138dbcae799299d390233,['CASA E CONFORTO'],CASA E CONFORTO
1664,417996696d91e1f74fe36c995ab65b97,['CASA E CONFORTO'],CASA E CONFORTO
1665,4180b8cf37c71c6a654dcf1623a5ca54,"['ELETRONICOS,INFORMATICA E AUDIO']","ELETRONICOS,INFORMATICA E AUDIO"
1666,4185621f3aaf889fde42176d1f902b20,['BRINQUEDOS E LAZER'],BRINQUEDOS E LAZER
1667,4190ab61a7fced69f3ee84d1da1120cc,"['ELETRONICOS,INFORMATICA E AUDIO']","ELETRONICOS,INFORMATICA E AUDIO"
1668,41944cf624269caf43e02d939e33e8bb,['BEBES'],BEBES
1669,41b39e8a2374f3afc0e36d2bbc2de799,['MODA E BELEZA'],MODA E BELEZA
1670,41c291a561e0257e25d6a75037e5a6a1,['MODA E BELEZA'],MODA E BELEZA
1671,41f02d9998aea7e212e8917bf2649cce,['PET SHOP'],PET SHOP
1672,41fc2cc719b1c2fa7b4b621fe7de9ad5,['CASA E CONFORTO'],CASA E CONFORTO
1673,41fecd3ee080963d54b99007e1393f97,['BRINQUEDOS E LAZER'],BRINQUEDOS E LAZER
1674,421458b47a5a081467392d21eb42aeb4,"['ELETRONICOS,INFORMATICA E AUDIO']","ELETRONICOS,INFORMATICA E AUDIO"
1675,423c157cb61f228b20c08e79cd28b9b9,['CASA E CONFORTO'],CASA E CONFORTO
1676,423e3739c511dd6b0752a064f9f20527,['CASA E CONFORTO'],CASA E CONFORTO
1677,424f49a13ecd3d85a37831b62e6a1d70,['MODA E BELEZA'],MODA E BELEZA
1678,42576ea27f4b718451f1466e7e66f923,['AUTOMOTIVO'],AUTOMOTIVO
1679,4266ef14bd1c34c83c3c54ff7ad2f215,"['LIVROS, MUSICA E PAPELARIA']","LIVROS, MUSICA E PAPELARIA"
1680,426787854631af08093236fbcd0cd554,['ARTES E DECORACAO'],ARTES E DECORACAO
1681,42696dc99cfcd6fc7cf7d426ce456cff,['BRINQUEDOS E LAZER'],BRINQUEDOS E LAZER
1682,4274c629dbb28e0ca783cf3a7673acb4,['CASA E CONFORTO'],CASA E CONFORTO
1683,4274ff4a5df607e75b32b80e2f8eda3f,['MODA E BELEZA'],MODA E BELEZA
1684,4277d961a6e74ff894d817d0f781c1c2,['MODA E BELEZA'],MODA E BELEZA
1685,42873babe11a5362e2b59e1bf80fbd92,"['ELETRONICOS,INFORMATICA E AUDIO']","ELETRONICOS,INFORMATICA E AUDIO"
1686,42889cba53a791dfa45f24d62019a521,['AUTOMOTIVO'],AUTOMOTIVO
1687,42895607072db349b61edb6cdbc363a3,['CASA E CONFORTO'],CASA E CONFORTO
1688,4296801e936343a5f6a38e29143c0f88,['MOVEIS E ELETRODOMESTICOS'],MOVEIS E ELETRODOMESTICOS
1689,42b6b03433736aa4bf2d0c5861b17879,['CASA E CONFORTO'],CASA E CONFORTO
1690,42dd28e31692200f58f7ab447d6c8eae,['MOVEIS E ELETRODOMESTICOS'],MOVEIS E ELETRODOMESTICOS
1691,42e3af7ec52f821dbad787963f94a3b4,['MODA E BELEZA'],MODA E BELEZA
1692,42eac028466118a879151bd1ad4c2acd,['MOVEIS E ELETRODOMESTICOS'],MOVEIS E ELETRODOMESTICOS
1693,4313ba67282f2ba99c4b3c4f3e344595,['MODA E BELEZA'],MODA E BELEZA
1694,431deec11a68067a1366683c3614d364,['BRINQUEDOS E LAZER'],BRINQUEDOS E LAZER
1695,4325abb4e925f2765e6874e9788392f4,['AUTOMOTIVO'],AUTOMOTIVO
1696,43287b982ba6d7d5776d6220665ed2f1,['MODA E BELEZA'],MODA E BELEZA
1697,4328a3227949bd5087871131a3e852a1,['BEBES'],BEBES
1698,4328f885375acef4b6fc70a1d39b429c,"['ELETRONICOS,INFORMATICA E AUDIO']","ELETRONICOS,INFORMATICA E AUDIO"
1699,433a9459ece4c6083b2aa89b2480a1a8,['ARTES E DECORACAO'],ARTES E DECORACAO
1700,434c4ed860ba78b06eb3333f8184dbee,['MOVEIS E ELETRODOMESTICOS'],MOVEIS E ELETRODOMESTICOS
1701,4351879fb74d0a37b9c8dad7ba7e59de,"['ELETRONICOS,INFORMATICA E AUDIO']","ELETRONICOS,INFORMATICA E AUDIO"
1702,436a9aef30267664e39faf27982b0921,"['ELETRONICOS,INFORMATICA E AUDIO']","ELETRONICOS,INFORMATICA E AUDIO"
1703,43716fe010471178ec7f9c3be2a0c505,"['ELETRONICOS,INFORMATICA E AUDIO']","ELETRONICOS,INFORMATICA E AUDIO"
1704,437222e3fd1b07396f1d9ba8c15fba59,['MOVEIS E ELETRODOMESTICOS'],MOVEIS E ELETRODOMESTICOS
1705,43744ad15fef908c8dfcbd7fec0d786e,['CASA E CONFORTO'],CASA E CONFORTO
1706,4375cac0cfa2a87273ea83c661bdfcca,['CASA E CONFORTO'],CASA E CONFORTO
1707,4382b7af38e2034ff26273519819f2d2,['BRINQUEDOS E LAZER'],BRINQUEDOS E LAZER
1708,4387477eec4b3c89b39f3f454940d059,['CASA E CONFORTO'],CASA E CONFORTO
1709,43ac8d91a0749b176f9c311545881aa7,"['ELETRONICOS,INFORMATICA E AUDIO']","ELETRONICOS,INFORMATICA E AUDIO"
1710,43aeddd1834ad7f991a3653e797d7132,"['ELETRONICOS,INFORMATICA E AUDIO']","ELETRONICOS,INFORMATICA E AUDIO"
1711,43ca8c89fce98ad1d116d5fef106001d,['MODA E BELEZA'],MODA E BELEZA
1712,43cdace79982e3365d435048c203cde9,['CASA E CONFORTO'],CASA E CONFORTO
1713,43d5b31ed2c5e37b66622cdc0c4f6452,['MOVEIS E ELETRODOMESTICOS'],MOVEIS E ELETRODOMESTICOS
1714,43e1069a30462196f230706e01f65785,"['ELETRONICOS,INFORMATICA E AUDIO']","ELETRONICOS,INFORMATICA E AUDIO"
1715,43e2663d8b10c0af66e25a54fc484ca1,['CASA E CONFORTO'],CASA E CONFORTO
1716,43e917b2a146846aca9fd484d407e819,['MODA E BELEZA'],MODA E BELEZA
1717,43e99f3020b420b8aff15449ff4f7561,"['ELETRONICOS,INFORMATICA E AUDIO']","ELETRONICOS,INFORMATICA E AUDIO"
1718,43f312594026fc6c67ccf619afe600d1,['MODA E BELEZA'],MODA E BELEZA
1719,43f6604e77ce6433e7d68dd86db73b45,['MODA E BELEZA'],MODA E BELEZA
1720,43f8e020752c67130ddf027e0297291a,['MODA E BELEZA'],MODA E BELEZA
1721,43f9a3d3e9d95525bfce717e31f72a56,['AUTOMOTIVO'],AUTOMOTIVO
1722,440210629ba4e9e0358429778cefe8b0,['MODA E BELEZA'],MODA E BELEZA
1723,440d0d17af552815d15a9e41abe49359,"['ELETRONICOS,INFORMATICA E AUDIO']","ELETRONICOS,INFORMATICA E AUDIO"
1724,441596a9fde121f33c360d9c9ecae437,['MODA E BELEZA'],MODA E BELEZA
1725,4427836afdab8880f5ac2b25c710c822,['BRINQUEDOS E LAZER'],BRINQUEDOS E LAZER
1726,442dccfb1443cb7035f2b7810f974dd9,"['ELETRONICOS,INFORMATICA E AUDIO']","ELETRONICOS,INFORMATICA E AUDIO"
1727,443038d9ed6b74bc4f7bfa679ce81bf1,['MOVEIS E ELETRODOMESTICOS'],MOVEIS E ELETRODOMESTICOS
1728,4438006ddb5015b3c15d1d5e6c83c80b,['FERRAMENTAS E CONSTRUCAO'],FERRAMENTAS E CONSTRUCAO
1729,4438691d291f7a436db5665e8d010ac9,['BRINQUEDOS E LAZER'],BRINQUEDOS E LAZER
1730,444a494f39275142d9c75bd7307cdde1,['FERRAMENTAS E CONSTRUCAO'],FERRAMENTAS E CONSTRUCAO
1731,444a79f029a4c3fb4a713ef828f6800d,['BRINQUEDOS E LAZER'],BRINQUEDOS E LAZER
1732,4456ddfcb3350b652f0318df9b7f3cde,['CASA E CONFORTO'],CASA E CONFORTO
1733,445b8011d509adb520744d60fed763d1,['CASA E CONFORTO'],CASA E CONFORTO
1734,446634c9e8e8c3a70fef1507c82d5c68,['MODA E BELEZA'],MODA E BELEZA
1735,448153a49cab173332476ab64bc6f815,['MODA E BELEZA'],MODA E BELEZA
1736,4486a084f4b0d0cc0f481087c1480bc7,['MOVEIS E ELETRODOMESTICOS'],MOVEIS E ELETRODOMESTICOS
1737,449654c058a6cc5502474ed6694b181a,['BRINQUEDOS E LAZER'],BRINQUEDOS E LAZER
1738,44a9994228432b835c3a4e720b6a41ab,['PET SHOP'],PET SHOP
1739,44c652443459cd095f4298d1d1daa389,['MODA E BELEZA'],MODA E BELEZA
1740,44ce6def1c74186615c88a02d09abcb2,['MODA E BELEZA'],MODA E BELEZA
1741,44cfc5b2ba4522fbfff8c05a8649e538,"['ELETRONICOS,INFORMATICA E AUDIO']","ELETRONICOS,INFORMATICA E AUDIO"
1742,44d2850802286aba47ac68220a075bb3,['FERRAMENTAS E CONSTRUCAO'],FERRAMENTAS E CONSTRUCAO
1743,44de8fb2731c1634d7b069bb93dbf5d9,['CASA E CONFORTO'],CASA E CONFORTO
1744,44e578be804a15b9c4be4b6e91eedf48,['MODA E BELEZA'],MODA E BELEZA
1745,44f3d1f080f4d91df2ed14744c6e8184,['MOVEIS E ELETRODOMESTICOS'],MOVEIS E ELETRODOMESTICOS
1746,45046e1ecaba60bb78aab9cee0da08f5,"['ELETRONICOS,INFORMATICA E AUDIO']","ELETRONICOS,INFORMATICA E AUDIO"
1747,4505acb3759da6b9c7d79a80d29ab3bb,['MOVEIS E ELETRODOMESTICOS'],MOVEIS E ELETRODOMESTICOS
1748,4506d7680f086c8be537a444b0f6dce0,['ARTES E DECORACAO'],ARTES E DECORACAO
1749,450cb96c63e1e5b49d34f223f67976d2,['MODA E BELEZA'],MODA E BELEZA
1750,4513c6dc83f860eaafd23be741673689,['BRINQUEDOS E LAZER'],BRINQUEDOS E LAZER
1751,4516299f280a0f30720256ae0cd592d6,['MODA E BELEZA'],MODA E BELEZA
1752,4525dd56bc3c3fb6d4e3b02a54db984d,['ARTES E DECORACAO'],ARTES E DECORACAO
1753,4530ebf341c28451b56c66fc4d70f8eb,['ARTES E DECORACAO'],ARTES E DECORACAO
1754,4531bfc9fa7b2b7582a6dfad40fa0215,['CASA E CONFORTO'],CASA E CONFORTO
1755,45390ff93f092f0de1524d486a172c33,"['LIVROS, MUSICA E PAPELARIA']","LIVROS, MUSICA E PAPELARIA"
1756,454645a3375b0ecfa430922acc9dc990,['BRINQUEDOS E LAZER'],BRINQUEDOS E LAZER
1757,454b13a7e00832755bc136026c5d2ac0,['BRINQUEDOS E LAZER'],BRINQUEDOS E LAZER
1758,454ecfc568c4d964048236e91a42bda6,"['ELETRONICOS,INFORMATICA E AUDIO']","ELETRONICOS,INFORMATICA E AUDIO"
1759,4550a99f6056026fc76c5030f0f45fe6,['MODA E BELEZA'],MODA E BELEZA
1760,456abfc526bb8973d425ea0134a6e311,['MOVEIS E ELETRODOMESTICOS'],MOVEIS E ELETRODOMESTICOS
1761,4579adc6cf97f147f82693e0b25e3cec,['AUTOMOTIVO'],AUTOMOTIVO
1762,45946efb64c679365ecd3938a0771220,['CASA E CONFORTO'],CASA E CONFORTO
1763,459a7160018ed718a744f12b450a46c5,['BRINQUEDOS E LAZER'],BRINQUEDOS E LAZER
1764,459bf040bdb67f151841bbf50f9b10e8,['MODA E BELEZA'],MODA E BELEZA
1765,459c8e5f96858970a0dc1fc5158363d5,['BRINQUEDOS E LAZER'],BRINQUEDOS E LAZER
1766,45a3c5cc6bb7e9bb65bcd185df669a6e,['CASA E CONFORTO'],CASA E CONFORTO
1767,45b0a671da62d1c868294b22b4837dca,"['ELETRONICOS,INFORMATICA E AUDIO']","ELETRONICOS,INFORMATICA E AUDIO"
1768,45c353f026b87ee6a62e06be5517e37f,['CASA E CONFORTO'],CASA E CONFORTO
1769,45c5fceca4f4409e9b086fff7c29e6bb,['BRINQUEDOS E LAZER'],BRINQUEDOS E LAZER
1770,45ccc16a94688d4edb709ff6eba966d5,['BEBES'],BEBES
1771,45d40c41efa3e7f0603b753465305bab,['BRINQUEDOS E LAZER'],BRINQUEDOS E LAZER
1772,45e4d1d16d017409456807846ea959e9,['MODA E BELEZA'],MODA E BELEZA
1773,45ee8ea280c9b83f9ca39f76dfe23919,['MOVEIS E ELETRODOMESTICOS'],MOVEIS E ELETRODOMESTICOS
1774,45f323ee344dfe76bcd78bc41c962c91,['MODA E BELEZA'],MODA E BELEZA
1775,45fdf57d32ed70530cdf802610a331ce,['BRINQUEDOS E LAZER'],BRINQUEDOS E LAZER
1776,4605d0821fe434dafe3776fd89aab59b,['MOVEIS E ELETRODOMESTICOS'],MOVEIS E ELETRODOMESTICOS
1777,461b40d4fc35428f6d7f4df87ae2b5b5,['CASA E CONFORTO'],CASA E CONFORTO
1778,462d95e4a92c40052f2cbbb3cfc9dba0,['MODA E BELEZA'],MODA E BELEZA
1779,4638df545f7ab35cb2e4ed4bcb490e17,['MODA E BELEZA'],MODA E BELEZA
1780,463a6c0963417e97f92017b2d8cc2eb2,['MOVEIS E ELETRODOMESTICOS'],MOVEIS E ELETRODOMESTICOS
1781,46422e1ce124f2bc35a6d0a4b1bf0130,['BRINQUEDOS E LAZER'],BRINQUEDOS E LAZER
1782,4645204bfe0435a74ce5ada0eb4458ae,['MODA E BELEZA'],MODA E BELEZA
1783,465cfd7016202e455adf9b1a83736c86,['MOVEIS E ELETRODOMESTICOS'],MOVEIS E ELETRODOMESTICOS
1784,465ef1a4ae46fb48aa8645dd2b755a54,['MODA E BELEZA'],MODA E BELEZA
1785,466b52b6a096e514ee88ebaf70d5d2f3,['FERRAMENTAS E CONSTRUCAO'],FERRAMENTAS E CONSTRUCAO
1786,466e5cddccc661ae332697cc83dcafb1,['MODA E BELEZA'],MODA E BELEZA
1787,4671913802b0033db963ffec94dc5bbe,"['LIVROS, MUSICA E PAPELARIA']","LIVROS, MUSICA E PAPELARIA"
1788,467cebcc0da9e810f821e951c04dd59e,['CASA E CONFORTO'],CASA E CONFORTO
1789,468aecdb830aefb386337516a5edaa71,['ALIMENTOS'],ALIMENTOS
1790,469281a9ac9b1cb74fedc17445f70fb1,['MODA E BELEZA'],MODA E BELEZA
1791,469a464be162099fa2c0e8f1cfc871db,['MOVEIS E ELETRODOMESTICOS'],MOVEIS E ELETRODOMESTICOS
1792,46b18707c8d227291f47dcb0348320ee,['CASA E CONFORTO'],CASA E CONFORTO
1793,46c38e73577fd75b4bbf5d57b18197fb,"['ELETRONICOS,INFORMATICA E AUDIO']","ELETRONICOS,INFORMATICA E AUDIO"
1794,46d2d651f006b9b9440d1aa37d89c894,['MODA E BELEZA'],MODA E BELEZA
1795,46d45c02db0c16939f8f1c45a9c8a344,"['ELETRONICOS,INFORMATICA E AUDIO']","ELETRONICOS,INFORMATICA E AUDIO"
1796,46e986bd2d3cdddfbc642749d67b4777,['ARTES E DECORACAO'],ARTES E DECORACAO
1797,46ebb6001be17983f9f32274dcd0d734,['MOVEIS E ELETRODOMESTICOS'],MOVEIS E ELETRODOMESTICOS
1798,46f4a081ff99f052875639e33bf5d1d5,['BEBES'],BEBES
1799,46f4e160dd884038a8b6c1e6277dd448,['MODA E BELEZA'],MODA E BELEZA
1800,46fa06f347967f46cbaba58808c81eca,['BRINQUEDOS E LAZER'],BRINQUEDOS E LAZER
1801,47073fb1adb2b41ef8bba8c77d8ed86f,['MODA E BELEZA'],MODA E BELEZA
1802,47079aaea155f6682964d23c1b9d0ab2,['CASA E CONFORTO'],CASA E CONFORTO
1803,4725eb9672221e03c250c9a5ff5736e7,['MODA E BELEZA'],MODA E BELEZA
1804,47337df7ad68b2516542cd62e78cec3d,['FERRAMENTAS E CONSTRUCAO'],FERRAMENTAS E CONSTRUCAO
1805,475fa9160e2a29d7eb459744a2b16635,"['ELETRONICOS,INFORMATICA E AUDIO']","ELETRONICOS,INFORMATICA E AUDIO"
1806,4763c95c35b33b41ba1b0ca27bb2fac5,['BRINQUEDOS E LAZER'],BRINQUEDOS E LAZER
1807,477c5227ffdd6b36ff00bbc57f290874,['CASA E CONFORTO'],CASA E CONFORTO
1808,4780df3ccba2421e8403792f2a8a0d67,"['LIVROS, MUSICA E PAPELARIA']","LIVROS, MUSICA E PAPELARIA"
1809,478116017852df9d1ac392abcf28927f,['MODA E BELEZA'],MODA E BELEZA
1810,47892e2502f689c00844f192c73a4d0d,"['ELETRONICOS,INFORMATICA E AUDIO']","ELETRONICOS,INFORMATICA E AUDIO"
1811,4795545b89143ebe101963b017599aae,['CASA E CONFORTO'],CASA E CONFORTO
1812,479c3d9dbad0a2c502fcb73fd59c65b3,['MOVEIS E ELETRODOMESTICOS'],MOVEIS E ELETRODOMESTICOS
1813,479ca7b6834ffb05666e813c9c0dddf8,['CASA E CONFORTO'],CASA E CONFORTO
1814,47a3c04f7387c728c0d69265f9cf04c5,['BRINQUEDOS E LAZER'],BRINQUEDOS E LAZER
1815,47a3f2cb969f3d798bf29b6c5922490a,"['LIVROS, MUSICA E PAPELARIA']","LIVROS, MUSICA E PAPELARIA"
1816,47a59571eaf621fe16f74c18e25fa329,['BRINQUEDOS E LAZER'],BRINQUEDOS E LAZER
1817,47a60b8da8b1f9287e940ef3d33473c0,"['ELETRONICOS,INFORMATICA E AUDIO']","ELETRONICOS,INFORMATICA E AUDIO"
1818,47aa1d8d4f3edcd905a4ec406c3b5ab8,"['ELETRONICOS,INFORMATICA E AUDIO']","ELETRONICOS,INFORMATICA E AUDIO"
1819,47aae990d1ea088fd601ee94fcdfe652,['MODA E BELEZA'],MODA E BELEZA
1820,47b40429ed8cce3aee9199792275433f,['FERRAMENTAS E CONSTRUCAO'],FERRAMENTAS E CONSTRUCAO
1821,47c001ba3d3d57aa11d52c45995d9e11,['CASA E CONFORTO'],CASA E CONFORTO
1822,47c195b6b404c1fa22f04b99a37a0b29,['CASA E CONFORTO'],CASA E CONFORTO
1823,47c9687751ccee4ea76cf6386b30336d,['CASA E CONFORTO'],CASA E CONFORTO
1824,47c99bccd0e7674a94f97d36e8b00dbc,['CASA E CONFORTO'],CASA E CONFORTO
1825,47cfbb8818b5ab3dc290a1ee38d6f0b9,['CASA E CONFORTO'],CASA E CONFORTO
1826,47dc0ac51de82d69a50b926808fa9720,['MODA E BELEZA'],MODA E BELEZA
1827,47e61b8ad8a1bb1dff9371cebc4c0637,['MODA E BELEZA'],MODA E BELEZA
1828,47ea7a7404f3a2bd852026254b803f48,['CASA E CONFORTO'],CASA E CONFORTO
1829,47f0a1c1bead9d28898e70cb26300fc2,['MODA E BELEZA'],MODA E BELEZA
1830,47f353bb28503360d9e3c39a7004a12e,"['ELETRONICOS,INFORMATICA E AUDIO']","ELETRONICOS,INFORMATICA E AUDIO"
1831,47f94daa7c25c51ecaab4744c6025f2d,"['LIVROS, MUSICA E PAPELARIA']","LIVROS, MUSICA E PAPELARIA"
1832,47ff8d381edb0deb837f57d7805f0a56,['ALIMENTOS'],ALIMENTOS
1833,47ffb2ae6aa6178f452d3ca54432f0e6,['BRINQUEDOS E LAZER'],BRINQUEDOS E LAZER
1834,4801b9cf238c2c9098bd66a5f092c2da,['MODA E BELEZA'],MODA E BELEZA
1835,4802922b16a37af8db6fb3df54b07860,['MODA E BELEZA'],MODA E BELEZA
1836,4806c15e687faabdb46ca2643cfcfa6e,"['ELETRONICOS,INFORMATICA E AUDIO']","ELETRONICOS,INFORMATICA E AUDIO"
1837,481108b01977381d1a999e86ca953938,"['ELETRONICOS,INFORMATICA E AUDIO']","ELETRONICOS,INFORMATICA E AUDIO"
1838,481d2cbce45c1d2281aead91bff6dcae,['FERRAMENTAS E CONSTRUCAO'],FERRAMENTAS E CONSTRUCAO
1839,4820438862b5615d0c4b3d7c2ae30855,"['ELETRONICOS,INFORMATICA E AUDIO']","ELETRONICOS,INFORMATICA E AUDIO"
1840,482538374ee64ae910d1c2e2d7d58f28,['CASA E CONFORTO'],CASA E CONFORTO
1841,482b0898624ebab18e90d224126c98a8,['MODA E BELEZA'],MODA E BELEZA
1842,483561c1a64813ba6588d1fab2f90f61,['CASA E CONFORTO'],CASA E CONFORTO
1843,48392c118a56906cb754da6de7a6bf38,['BRINQUEDOS E LAZER'],BRINQUEDOS E LAZER
1844,483f86b7cf498c438e3be9ef583d7548,['AUTOMOTIVO'],AUTOMOTIVO
1845,484e9a27d27ffe9d45ed4469cb357475,['ARTES E DECORACAO'],ARTES E DECORACAO
1846,4857ab4a4500b4de3c4bbf57b2e04789,['MODA E BELEZA'],MODA E BELEZA
1847,4863e15fa53273cc7219c58f5ffda4fb,['MODA E BELEZA'],MODA E BELEZA
1848,487cdbe6d900d62275117d1fd45674bf,['FERRAMENTAS E CONSTRUCAO'],FERRAMENTAS E CONSTRUCAO
1849,4882f3ba2955233931dbfa02945db130,['CASA E CONFORTO'],CASA E CONFORTO
1850,4886c3effdbdd559f0f727957b9af0bc,['CASA E CONFORTO'],CASA E CONFORTO
1851,4888d985060eb4760da7373673343df2,['CASA E CONFORTO'],CASA E CONFORTO
1852,489191dca3848c2c6ddbf667d4935fc3,['ALIMENTOS'],ALIMENTOS
1853,48a964e9ba3ce166150d2980a2f19ed1,['MODA E BELEZA'],MODA E BELEZA
1854,48bc7c3a0885049a0bf2d42d42421de2,['MOVEIS E ELETRODOMESTICOS'],MOVEIS E ELETRODOMESTICOS
1855,48cefe210d7a04f470fd6592ea91ffb9,['CASA E CONFORTO'],CASA E CONFORTO
1856,48cf133bab6e70fec7896820b325dc9b,['BEBES' 'ARTES E DECORACAO'],Misto
1857,48d02bf6678d19dcb9ef11720a946dfc,['CASA E CONFORTO'],CASA E CONFORTO
1858,48d30a78681848a5caa890b0acc9ad72,['BRINQUEDOS E LAZER'],BRINQUEDOS E LAZER
1859,48d6606d196e08050b39ccc0df9ed44a,['MOVEIS E ELETRODOMESTICOS'],MOVEIS E ELETRODOMESTICOS
1860,48db59db0fa80043cb67ca9990c96b4b,['MODA E BELEZA'],MODA E BELEZA
1861,48f5a8fa0f281cf8ab2f7905a11c3c29,['MODA E BELEZA'],MODA E BELEZA
1862,48fed69e8c28ac23a9d7f5631ff45397,"['ELETRONICOS,INFORMATICA E AUDIO']","ELETRONICOS,INFORMATICA E AUDIO"
1863,4906eeadde5f70b308c20c4a8f20be02,['ARTES E DECORACAO'],ARTES E DECORACAO
1864,4908721d56a113679fe934dfce599add,['MODA E BELEZA'],MODA E BELEZA
1865,490f71078caf4a0fdb7145f535995085,['BRINQUEDOS E LAZER'],BRINQUEDOS E LAZER
1866,491208d141876b40c6381fa49e8dff6a,['BRINQUEDOS E LAZER'],BRINQUEDOS E LAZER
1867,491fc1fb624207b2123368e6b0ea4df1,['BRINQUEDOS E LAZER'],BRINQUEDOS E LAZER
1868,49210ebecdbca0d6aeb2a5e23cbfe9b0,['MODA E BELEZA'],MODA E BELEZA
1869,49325c2deee76676f1abd4811847e835,['MODA E BELEZA'],MODA E BELEZA
1870,49339749b24288f34c827ba8f470a1e2,['MODA E BELEZA'],MODA E BELEZA
1871,493ba21a937e956c5e0e4e26c9f1b7f9,"['LIVROS, MUSICA E PAPELARIA']","LIVROS, MUSICA E PAPELARIA"
1872,49584997a9180455c41d4c70ebaac683,['MOVEIS E ELETRODOMESTICOS'],MOVEIS E ELETRODOMESTICOS
1873,4969634a191db1f7ef36954434938327,['ARTES E DECORACAO'],ARTES E DECORACAO
1874,497f97bb280fe07465c3833fdfc04736,['MODA E BELEZA'],MODA E BELEZA
1875,498394cdea303b629a7f66b4ddcd7d50,['AUTOMOTIVO'],AUTOMOTIVO
1876,498461a2f4ef628aa153ee9d3c57eab2,['AUTOMOTIVO'],AUTOMOTIVO
1877,498e066f76ea893807edbcf498e2cac7,"['LIVROS, MUSICA E PAPELARIA']","LIVROS, MUSICA E PAPELARIA"
1878,498ea4c2663176b7cfa758a867a65bc8,['PET SHOP'],PET SHOP
1879,49a4ac17405a0e93eacd89de7e081904,"['ELETRONICOS,INFORMATICA E AUDIO']","ELETRONICOS,INFORMATICA E AUDIO"
1880,49b689eeebb45115d1a871b368692412,['MODA E BELEZA'],MODA E BELEZA
1881,49bb32cab29be3bbe1a0ae27978edb48,['CASA E CONFORTO'],CASA E CONFORTO
1882,49be32fc8ebc94c8e0de530d87883bb4,"['ELETRONICOS,INFORMATICA E AUDIO']","ELETRONICOS,INFORMATICA E AUDIO"
1883,49c4651b7977ce5c9f2d30aa763a8ae2,"['ELETRONICOS,INFORMATICA E AUDIO']","ELETRONICOS,INFORMATICA E AUDIO"
1884,49c9dc330935365ca454ba89a8a20efb,['BRINQUEDOS E LAZER'],BRINQUEDOS E LAZER
1885,49d82571c200aac8b226cae094dc8f0c,['ARTES E DECORACAO'],ARTES E DECORACAO
1886,49ec6dcd0e22a1a2eb4657b5f02046da,"['ELETRONICOS,INFORMATICA E AUDIO']","ELETRONICOS,INFORMATICA E AUDIO"
1887,49f02b4e9f14707b1cb78c09ecb89ed3,['MODA E BELEZA'],MODA E BELEZA
1888,49fd840f83db20dfb9558764aee35a33,['CASA E CONFORTO'],CASA E CONFORTO
1889,4a0f8f97e0cf162aee2d786a0182b3a3,['BRINQUEDOS E LAZER'],BRINQUEDOS E LAZER
1890,4a14e50e1d032b0fa7809a49f285bfae,['MODA E BELEZA'],MODA E BELEZA
1891,4a15263dd8da51ee9b6c6ed9fa843ee9,['MOVEIS E ELETRODOMESTICOS'],MOVEIS E ELETRODOMESTICOS
1892,4a2d2e4b9b76f135b1e266f10d8de0ac,['CASA E CONFORTO'],CASA E CONFORTO
1893,4a34aa679137ec3d1b3ad0c4c8b7a7e5,"['ELETRONICOS,INFORMATICA E AUDIO']","ELETRONICOS,INFORMATICA E AUDIO"
1894,4a3848a973c57b3f244f9a2433b43a0f,['SERVIÇOS'],SERVIÇOS
1895,4a422e8c9f64de121752b33d4571f783,"['ELETRONICOS,INFORMATICA E AUDIO']","ELETRONICOS,INFORMATICA E AUDIO"
1896,4a4bf6614444d2e3a7c20a87106ddc97,['MODA E BELEZA'],MODA E BELEZA
1897,4a4ded48a84c0cee9a190dd22ce96866,['CASA E CONFORTO'],CASA E CONFORTO
1898,4a580bca631a940ffc9e25c96da01773,['BRINQUEDOS E LAZER'],BRINQUEDOS E LAZER
1899,4a58a286f3ac0318f970a271f83c0b6c,['MODA E BELEZA'],MODA E BELEZA
1900,4a5ffb8eac522b1d4e4223394967f25e,['CASA E CONFORTO'],CASA E CONFORTO
1901,4a6591a486da3e568782dd196ea19e41,['MODA E BELEZA'],MODA E BELEZA
1902,4a71c671955d20b872ceb6758387a3e5,['CASA E CONFORTO'],CASA E CONFORTO
1903,4a7cdb3a49afbb2ed402941490694849,['CASA E CONFORTO'],CASA E CONFORTO
1904,4a7e501d52646aa17370e1fab300be67,['MODA E BELEZA'],MODA E BELEZA
1905,4a9abb72c66423766ec1a903dc6c70fb,['BRINQUEDOS E LAZER'],BRINQUEDOS E LAZER
1906,4aae1a10a22651fe5b76379eb4b34d12,"['ELETRONICOS,INFORMATICA E AUDIO']","ELETRONICOS,INFORMATICA E AUDIO"
1907,4aaf9b9778e313ecfcfe11ba5673b136,"['ELETRONICOS,INFORMATICA E AUDIO']","ELETRONICOS,INFORMATICA E AUDIO"
1908,4ab89d9dbd3924ff720ba734b538956e,"['ELETRONICOS,INFORMATICA E AUDIO']","ELETRONICOS,INFORMATICA E AUDIO"
1909,4ac4a782aaf1ef694ffe108de8c7da1c,['FERRAMENTAS E CONSTRUCAO'],FERRAMENTAS E CONSTRUCAO
1910,4ad21bf3605a58ee53dacbad7ddae5b0,['BRINQUEDOS E LAZER'],BRINQUEDOS E LAZER
1911,4adbbb43be305843794e05fc4265f143,['MOVEIS E ELETRODOMESTICOS'],MOVEIS E ELETRODOMESTICOS
1912,4ae0a4ebc7224b287836fc665b499b69,['CASA E CONFORTO'],CASA E CONFORTO
1913,4ae136c7611e6052ec06035442490f24,['CASA E CONFORTO'],CASA E CONFORTO
1914,4af2fb154881f350d8696f7f7a7f80d3,"['ELETRONICOS,INFORMATICA E AUDIO']","ELETRONICOS,INFORMATICA E AUDIO"
1915,4b25b8fa39f9cbf4b728426f6b09b1aa,['CASA E CONFORTO'],CASA E CONFORTO
1916,4b2a739ca7263b2f66f54ebd17cf7337,"['LIVROS, MUSICA E PAPELARIA']","LIVROS, MUSICA E PAPELARIA"
1917,4b2b9a77b0645d1efdf00bc2ac1ba023,['BRINQUEDOS E LAZER'],BRINQUEDOS E LAZER
1918,4b302339bcd1d3aaeb9b3cde326326f2,['FERRAMENTAS E CONSTRUCAO'],FERRAMENTAS E CONSTRUCAO
1919,4b43461ed06d891d8c85531845c7f2ee,['CASA E CONFORTO'],CASA E CONFORTO
1920,4b4b94ef72b5f4fe86ce88a01b54e7a7,['FERRAMENTAS E CONSTRUCAO'],FERRAMENTAS E CONSTRUCAO
1921,4b543d559cb1d860ec4c814807001093,['AUTOMOTIVO'],AUTOMOTIVO
1922,4b69ca00ac2b228704047b621a7f4746,['MOVEIS E ELETRODOMESTICOS'],MOVEIS E ELETRODOMESTICOS
1923,4b6aa78846ad555241cc92ee58c815c6,['CASA E CONFORTO'],CASA E CONFORTO
1924,4b7597bd96f89b605623a55db1471b1d,"['ELETRONICOS,INFORMATICA E AUDIO']","ELETRONICOS,INFORMATICA E AUDIO"
1925,4b80b55b32a3549ec05578e46a0f4021,['MODA E BELEZA'],MODA E BELEZA
1926,4b9240819fa4326d73e1786751d5424f,['MOVEIS E ELETRODOMESTICOS'],MOVEIS E ELETRODOMESTICOS
1927,4b9e3d73bc7731420bb3f45c2cec9ed7,['CASA E CONFORTO'],CASA E CONFORTO
1928,4ba72cb793dc362c1195e6237b2c936f,['ALIMENTOS'],ALIMENTOS
1929,4baeb46418ac44b0f5ab2795772663b3,['MODA E BELEZA'],MODA E BELEZA
1930,4bb092f397e56a28c0207882c135f5bc,['MOVEIS E ELETRODOMESTICOS'],MOVEIS E ELETRODOMESTICOS
1931,4bcb885df76e020744aa9357b997e5ea,"['ELETRONICOS,INFORMATICA E AUDIO']","ELETRONICOS,INFORMATICA E AUDIO"
1932,4bd64e323a8913934e03a501c3f32b71,['AUTOMOTIVO'],AUTOMOTIVO
1933,4bd68cb4a5f7a692f05af3eb298c4039,['BRINQUEDOS E LAZER'],BRINQUEDOS E LAZER
1934,4bdbe1f2d1b360c34d90175e10ec090b,['MOVEIS E ELETRODOMESTICOS'],MOVEIS E ELETRODOMESTICOS
1935,4bea7c11bcf3f690cb3feee7b57a1e98,['AUTOMOTIVO'],AUTOMOTIVO
1936,4c05568a8cbfba6c3502aa38dd34c9c2,['CASA E CONFORTO'],CASA E CONFORTO
1937,4c0a7f1d22a884bf17e3d17c2861f946,"['LIVROS, MUSICA E PAPELARIA']","LIVROS, MUSICA E PAPELARIA"
1938,4c0da64bca225f1212fcade3dad55864,['AUTOMOTIVO'],AUTOMOTIVO
1939,4c1820d7f03f21dc27c9fc40eba8e860,['MODA E BELEZA'],MODA E BELEZA
1940,4c21a19875c8530d3c8e9b28373ff034,['CASA E CONFORTO'],CASA E CONFORTO
1941,4c294948777312118d8f0364dacb18da,['MODA E BELEZA'],MODA E BELEZA
1942,4c2bda2a65cf17bca1d9c00daa0f8790,"['ELETRONICOS,INFORMATICA E AUDIO']","ELETRONICOS,INFORMATICA E AUDIO"
1943,4c3302743a4cdbc7c65bb027ea156c35,['MOVEIS E ELETRODOMESTICOS'],MOVEIS E ELETRODOMESTICOS
1944,4c33f92b62a822db77b38b88bc7ad237,['CASA E CONFORTO'],CASA E CONFORTO
1945,4c3cc41d9fad33476cbf842592458f36,['MODA E BELEZA'],MODA E BELEZA
1946,4c4494279cd0e4c6ebe47ff5191d8fb6,"['ELETRONICOS,INFORMATICA E AUDIO']","ELETRONICOS,INFORMATICA E AUDIO"
1947,4c48c455b847c7a5d291a519e1e42d28,"['ELETRONICOS,INFORMATICA E AUDIO']","ELETRONICOS,INFORMATICA E AUDIO"
1948,4c566742b96f3f068f5058e7919c2842,['CASA E CONFORTO'],CASA E CONFORTO
1949,4c6f0636c0c9ee094350e2ed1884c068,"['ELETRONICOS,INFORMATICA E AUDIO']","ELETRONICOS,INFORMATICA E AUDIO"
1950,4c6f9679175cfb7119be763dd898c8a1,['PET SHOP'],PET SHOP
1951,4c796d310c3e227145d29bb0ae0dd5a5,"['ELETRONICOS,INFORMATICA E AUDIO']","ELETRONICOS,INFORMATICA E AUDIO"
1952,4c7c393fba69ff5ae2565a9065c284b9,['CASA E CONFORTO'],CASA E CONFORTO
1953,4c8c092a897404409eb4858b2c35f100,['CASA E CONFORTO'],CASA E CONFORTO
1954,4c8eac76de32572cebc64aca0f263e2a,['BRINQUEDOS E LAZER'],BRINQUEDOS E LAZER
1955,4c9147aeea82dddeeff09c3a170a4820,['MODA E BELEZA'],MODA E BELEZA
1956,4c9ad1ec8d135d9f6cda60ba64fdc5bf,['CASA E CONFORTO'],CASA E CONFORTO
1957,4ca443133a048c102af4f40afc4efe03,"['ELETRONICOS,INFORMATICA E AUDIO']","ELETRONICOS,INFORMATICA E AUDIO"
1958,4cab646fdec6d36f60c2febb8a595b8e,['MODA E BELEZA'],MODA E BELEZA
1959,4cad7da3634c4f5d4bb0c35b4c056f73,['BRINQUEDOS E LAZER'],BRINQUEDOS E LAZER
1960,4cae9d93ca1f1266e9ddfc79f7ff85db,['FERRAMENTAS E CONSTRUCAO'],FERRAMENTAS E CONSTRUCAO
1961,4cb45a7074870ecb5a1f362fd7043178,['BRINQUEDOS E LAZER'],BRINQUEDOS E LAZER
1962,4cbe925cfb272323db0ca38c5dcd6e6d,['CASA E CONFORTO'],CASA E CONFORTO
1963,4cc00a9ac85dee3a197d788b827da7e8,['MODA E BELEZA'],MODA E BELEZA
1964,4cdae837c07c681dc80adebc6ee90b99,['FERRAMENTAS E CONSTRUCAO'],FERRAMENTAS E CONSTRUCAO
1965,4cdbab26daf6a0dd8c5c0eb2acdd0e96,['MODA E BELEZA'],MODA E BELEZA
1966,4cdf8813fc5f4c3d74041453f606868c,['MOVEIS E ELETRODOMESTICOS'],MOVEIS E ELETRODOMESTICOS
1967,4cf09d9e5ebbe0f91ddd7bf9aae891cd,['MODA E BELEZA'],MODA E BELEZA
1968,4cf27cd829748acdd11dfe19fe746e8b,['BRINQUEDOS E LAZER'],BRINQUEDOS E LAZER
1969,4cf65f650cc60791bfb99bbaa418faf9,['BEBES'],BEBES
1970,4cfe6efc40f9645ef7b88440a1c64149,['MODA E BELEZA'],MODA E BELEZA
1971,4d2280f2d019f91aa6cb3e4e4188d984,['PET SHOP'],PET SHOP
1972,4d2d8a4224215f680cc5221011347401,['BRINQUEDOS E LAZER'],BRINQUEDOS E LAZER
1973,4d2e2634819452adb3313ccb5abd344f,['CASA E CONFORTO'],CASA E CONFORTO
1974,4d348f6d947bef596a6e5e0d3212e8aa,['PET SHOP'],PET SHOP
1975,4d38bf00b95dbf4dcf2820177584ade9,['CASA E CONFORTO'],CASA E CONFORTO
1976,4d670725075298192ec296c1aa5f6eab,"['ELETRONICOS,INFORMATICA E AUDIO']","ELETRONICOS,INFORMATICA E AUDIO"
1977,4d8facc97be05fe7125870fb933e0362,['BRINQUEDOS E LAZER'],BRINQUEDOS E LAZER
1978,4d9974c8797599512e8216eeb315817d,"['ELETRONICOS,INFORMATICA E AUDIO']","ELETRONICOS,INFORMATICA E AUDIO"
1979,4d9bdc2fb2669f62c3f9b40eb1a41c4b,['MODA E BELEZA'],MODA E BELEZA
1980,4da1c4073a1bdbb3968cd681337f254d,"['LIVROS, MUSICA E PAPELARIA']","LIVROS, MUSICA E PAPELARIA"
1981,4db6394e792193904621c7cab3e2120f,['FERRAMENTAS E CONSTRUCAO'],FERRAMENTAS E CONSTRUCAO
1982,4dc5a389009b6cb5c61706d49f229a39,['MOVEIS E ELETRODOMESTICOS'],MOVEIS E ELETRODOMESTICOS
1983,4dcff73972e49b77fcb010749fb5433e,['MOVEIS E ELETRODOMESTICOS'],MOVEIS E ELETRODOMESTICOS
1984,4de5beb49e4389e91971200bacf4e024,['CASA E CONFORTO'],CASA E CONFORTO
1985,4e2d3cbe10946bcaa7579f3de2cca091,['ARTES E DECORACAO'],ARTES E DECORACAO
1986,4e4aa299535ead6fe63a779d539c493d,['MODA E BELEZA'],MODA E BELEZA
1987,4e5eb92b77d7214fc3587113fd8374d7,['MODA E BELEZA'],MODA E BELEZA
1988,4e6d7850a35e8bcc047c20022709484f,['MODA E BELEZA'],MODA E BELEZA
1989,4e74c91d859c944fa7c652b9f05f7fce,['BRINQUEDOS E LAZER'],BRINQUEDOS E LAZER
1990,4e81a6ed1cdc31e84c13a74ec121798c,"['ELETRONICOS,INFORMATICA E AUDIO']","ELETRONICOS,INFORMATICA E AUDIO"
1991,4e89a19cd340e7e72a5ad89b2fdf1642,"['ELETRONICOS,INFORMATICA E AUDIO']","ELETRONICOS,INFORMATICA E AUDIO"
1992,4e8df4f2ecd486fc4854a0c424593079,['BRINQUEDOS E LAZER'],BRINQUEDOS E LAZER
1993,4e8eac5f839b87a8cdbd9847f4fe442d,['MODA E BELEZA'],MODA E BELEZA
1994,4ea741e30080ceba74e43520b2a0a55a,"['ELETRONICOS,INFORMATICA E AUDIO']","ELETRONICOS,INFORMATICA E AUDIO"
1995,4ea7463c339b2551706077cbc666c60a,['BRINQUEDOS E LAZER'],BRINQUEDOS E LAZER
1996,4ea74c10d71348796d3a70970d7977e2,['CASA E CONFORTO'],CASA E CONFORTO
1997,4eb56038347ee86edd66fb4f2abb0aa5,['ARTES E DECORACAO'],ARTES E DECORACAO
1998,4ebed5a2d80995d747c4f4728007b406,['BRINQUEDOS E LAZER'],BRINQUEDOS E LAZER
1999,4ecf494be87ee7b768460fcbcd0389c8,['BEBES'],BEBES
2000,4ecf6661d9cc1c3eceb0a36a53083318,['BEBES'],BEBES
2001,4edca0186e467f58fe99ab648f604ce8,"['AGRO, INDUSTRIA E NEGOCIOS']","AGRO, INDUSTRIA E NEGOCIOS"
2002,4eeb6af486bf2c0e8e600162bdf2e391,"['ELETRONICOS,INFORMATICA E AUDIO']","ELETRONICOS,INFORMATICA E AUDIO"
2003,4eedbea06033407253ea131738b99a5d,['MODA E BELEZA'],MODA E BELEZA
2004,4ef09dfdc36677a4d599a0c1acace4ff,['BRINQUEDOS E LAZER'],BRINQUEDOS E LAZER
2005,4ef50a2c9652e429d7d7591a0712aad0,['MODA E BELEZA'],MODA E BELEZA
2006,4ef546f6f1165d23cd5134e9c5ab83d7,['MOVEIS E ELETRODOMESTICOS'],MOVEIS E ELETRODOMESTICOS
2007,4ef685e6dcade551ce14cb3783ca664d,['MODA E BELEZA'],MODA E BELEZA
2008,4ef8fef15b3a1986d266d349b21ab021,['BRINQUEDOS E LAZER'],BRINQUEDOS E LAZER
2009,4f0695330f3816ef294bf1f4b18f4f2e,['MODA E BELEZA'],MODA E BELEZA
2010,4f0b86c3487e56b6e9594e9dfdb5d70c,"['ELETRONICOS,INFORMATICA E AUDIO']","ELETRONICOS,INFORMATICA E AUDIO"
2011,4f1330720e5aa2d61a474c63620fc42b,['MODA E BELEZA'],MODA E BELEZA
2012,4f1482e926881ff58f7384a6e6bd0771,['MODA E BELEZA'],MODA E BELEZA
2013,4f1583d080fe1eec5e509335d79b17c6,['BRINQUEDOS E LAZER'],BRINQUEDOS E LAZER
2014,4f1eeea688bd0014cf7f81a1f23bb8c4,['BRINQUEDOS E LAZER'],BRINQUEDOS E LAZER
2015,4f2499fee2bfca0fbbf9a76a31da4128,['CASA E CONFORTO'],CASA E CONFORTO
2016,4f2a29346d25613d2e553a8d6381b006,['BEBES'],BEBES
2017,4f3e39331cc2ae23851f526e268a8880,['BRINQUEDOS E LAZER'],BRINQUEDOS E LAZER
2018,4f3f48cbedce0c316c688af6fc7e9c56,['MOVEIS E ELETRODOMESTICOS'],MOVEIS E ELETRODOMESTICOS
2019,4f4830984a832508339321d903174164,"['ELETRONICOS,INFORMATICA E AUDIO']","ELETRONICOS,INFORMATICA E AUDIO"
2020,4f510ee3f8f37d3f09228624a7b72ec8,['MODA E BELEZA'],MODA E BELEZA
2021,4f533b4e7c45ae5248904a961cf710e6,['BRINQUEDOS E LAZER'],BRINQUEDOS E LAZER
2022,4f58570952cc0b543a70a359a1b4a7f4,['BEBES'],BEBES
2023,4f69ffc6c1340dd48ea12040fdb00af4,"['ELETRONICOS,INFORMATICA E AUDIO']","ELETRONICOS,INFORMATICA E AUDIO"
2024,4f7ce3efe568a5e57290a9fa3e45b1f5,['BRINQUEDOS E LAZER'],BRINQUEDOS E LAZER
2025,4f7dbee2068ee41007872df9d2532dfa,['MODA E BELEZA'],MODA E BELEZA
2026,4f88a7f264d48920c4f0762d160212ca,['PET SHOP'],PET SHOP
2027,4f899ca2d40460c7af01f7edb20f9bd7,"['ELETRONICOS,INFORMATICA E AUDIO']","ELETRONICOS,INFORMATICA E AUDIO"
2028,4f9b6a9b3216925859301fc767b0fece,['FERRAMENTAS E CONSTRUCAO'],FERRAMENTAS E CONSTRUCAO
2029,4fa07e91d7b4f8b191e3a6ab40f14f54,['BRINQUEDOS E LAZER'],BRINQUEDOS E LAZER
2030,4fa1f3386053fb83bfcb80df2abb0ed5,['MODA E BELEZA'],MODA E BELEZA
2031,4fac79a44297fdbf2088158540de5b2e,['BRINQUEDOS E LAZER'],BRINQUEDOS E LAZER
2032,4fb22a6181117d7a0532aab46cef0e03,['MODA E BELEZA'],MODA E BELEZA
2033,4fbc8d6f2f4db3e789d5a876fa349b56,['MODA E BELEZA'],MODA E BELEZA
2034,4feee8fcafe1dcf0006704a808e7e02c,['MODA E BELEZA'],MODA E BELEZA
2035,4ff1875e3f8c120cfe6cef2ec1aca104,['MODA E BELEZA'],MODA E BELEZA
2036,4ff3fc0a3d6e628acc27a25e1b6ed687,['MODA E BELEZA'],MODA E BELEZA
2037,5000739c56c2fbfbc0dfb05dafd7ab50,['CASA E CONFORTO'],CASA E CONFORTO
2038,5005f0fff3706e3297c1015ed5e41d18,['BRINQUEDOS E LAZER'],BRINQUEDOS E LAZER
2039,500e6986cb13d87f17d80f2c6bfc2849,"['ELETRONICOS,INFORMATICA E AUDIO']","ELETRONICOS,INFORMATICA E AUDIO"
2040,5012f0f1b371c6d1dffb743758d3c522,['CASA E CONFORTO'],CASA E CONFORTO
2041,50251fd24f9307259b98c5106deb6453,"['ELETRONICOS,INFORMATICA E AUDIO']","ELETRONICOS,INFORMATICA E AUDIO"
2042,502ffac2e1d978a412b48e2b290bfb4d,['BRINQUEDOS E LAZER'],BRINQUEDOS E LAZER
2043,503d1a98081c7307e6e875ba8af189e6,['ARTES E DECORACAO'],ARTES E DECORACAO
2044,5042f28675b7eedd6c772f3c0df075f1,"['ELETRONICOS,INFORMATICA E AUDIO']","ELETRONICOS,INFORMATICA E AUDIO"
2045,50459e4bff96bdc46566472362da2e0d,['CASA E CONFORTO'],CASA E CONFORTO
2046,504eccaee0973a1297b1b3a14bd5c980,['CASA E CONFORTO'],CASA E CONFORTO
2047,505ad05b659736f51f674522b701d9a5,['BEBES'],BEBES
2048,5070ab7aeaa32fade8da1f8d1027ac63,['BEBES'],BEBES
2049,5077287aeb4c2ee7662411de334235ab,['FERRAMENTAS E CONSTRUCAO'],FERRAMENTAS E CONSTRUCAO
2050,507a6db9c4fdc782cddab2d468782a97,['CASA E CONFORTO'],CASA E CONFORTO
2051,508692b097f28d849a080d75cfcc2ef1,['MOVEIS E ELETRODOMESTICOS'],MOVEIS E ELETRODOMESTICOS
2052,50997e4944fb68c2da4386a8dedbd498,['BRINQUEDOS E LAZER'],BRINQUEDOS E LAZER
2053,509f828e4a4b823e3b6d282400e52add,['BRINQUEDOS E LAZER'],BRINQUEDOS E LAZER
2054,50a178ade9e159084ae7b05d937a9922,['BRINQUEDOS E LAZER'],BRINQUEDOS E LAZER
2055,50a635228cdece6885554281ca470d78,"['ELETRONICOS,INFORMATICA E AUDIO']","ELETRONICOS,INFORMATICA E AUDIO"
2056,50ab8a54c2060cccdabcf4ad996be719,['CASA E CONFORTO'],CASA E CONFORTO
2057,50aee6309ac7a0d4fd5c78ac0d4e5404,"['ELETRONICOS,INFORMATICA E AUDIO']","ELETRONICOS,INFORMATICA E AUDIO"
2058,50b3cc3a81862626b3a95451c8928e19,['BEBES'],BEBES
2059,50bbd6f58e1641ea899a67a31871cc73,['MOVEIS E ELETRODOMESTICOS'],MOVEIS E ELETRODOMESTICOS
2060,50cf9a3b5a1afbf90ea3ed1b52469788,['MODA E BELEZA'],MODA E BELEZA
2061,50d6f8533f3af9e65b8f22694ecd96c5,['CASA E CONFORTO'],CASA E CONFORTO
2062,50dfd1d8502e5ef282d85dd49cee6db5,['CASA E CONFORTO'],CASA E CONFORTO
2063,50e46ab38a7ca83546cab50d4bca4835,['BRINQUEDOS E LAZER'],BRINQUEDOS E LAZER
2064,50eeaae0716800e6a5e870e9a05edd41,['MODA E BELEZA'],MODA E BELEZA
2065,50f586b30979f7ff925cbca8376bfe6e,['CASA E CONFORTO'],CASA E CONFORTO
2066,510a16537cf3917d6257795d58073277,['AUTOMOTIVO'],AUTOMOTIVO
2067,510bff1cf06be1143d3b6698df2fd486,['ARTES E DECORACAO'],ARTES E DECORACAO
2068,512485d4e17f424aef2b67cb443172ca,['MODA E BELEZA'],MODA E BELEZA
2069,5127c53ca9cae89a0aafdcc580b27f95,['MODA E BELEZA'],MODA E BELEZA
2070,5128188ca97d5ec2767217149eb8df4f,['CASA E CONFORTO'],CASA E CONFORTO
2071,5128bbf180434cd939884e273629de98,['AUTOMOTIVO'],AUTOMOTIVO
2072,5128c20bdff8d882354c66e58d3e1d92,['MODA E BELEZA'],MODA E BELEZA
2073,512b3b290e4ae81c363cb58e5aa19b6e,['MODA E BELEZA'],MODA E BELEZA
2074,512ba2efae3409f37660ce26199b32aa,"['LIVROS, MUSICA E PAPELARIA']","LIVROS, MUSICA E PAPELARIA"
2075,5137d2621656ff029745600e991f1835,['FERRAMENTAS E CONSTRUCAO'],FERRAMENTAS E CONSTRUCAO
2076,513f45dfe361a2cd8b5627b1414b20ae,['MODA E BELEZA'],MODA E BELEZA
2077,514b4450547a198b2000fe570c522277,['CASA E CONFORTO'],CASA E CONFORTO
2078,514ed457190c903720b7fd33660c486d,['MODA E BELEZA'],MODA E BELEZA
2079,5151e80211e1634ea892b2dbe80d39f2,['MODA E BELEZA'],MODA E BELEZA
2080,516e41e6db63f2092954e07f51890e9e,['BEBES'],BEBES
2081,51759d8321ae577fc2d577b976f8130f,['CASA E CONFORTO'],CASA E CONFORTO
2082,5178acb217f7a75ee85a3dd00eacdad7,['AUTOMOTIVO'],AUTOMOTIVO
2083,5182f75b9ed284e0a569ea4f61e9bfc5,['MODA E BELEZA'],MODA E BELEZA
2084,51879b7474407f56048b6c36cc3e263c,['BEBES'],BEBES
2085,5188f7ae18cdf7538841648a7e49bbbf,['MODA E BELEZA'],MODA E BELEZA
2086,518f635a71b22cd5e588f9ba98f6204a,['MODA E BELEZA'],MODA E BELEZA
2087,519969ff2784ef6b51d1a89f1534c23f,['MODA E BELEZA'],MODA E BELEZA
2088,519ce376ccc4703b7e1335fb7df67694,['MODA E BELEZA'],MODA E BELEZA
2089,51a5a1d89c87180cafd033debbc60f31,['MOVEIS E ELETRODOMESTICOS'],MOVEIS E ELETRODOMESTICOS
2090,51a9b8069f801dc897252c09cd5831ca,['AUTOMOTIVO'],AUTOMOTIVO
2091,51c3d73e0e905225319f9ae8b56837fb,['MODA E BELEZA'],MODA E BELEZA
2092,51c6d2f460589fa7b65f2da51e860206,"['ELETRONICOS,INFORMATICA E AUDIO']","ELETRONICOS,INFORMATICA E AUDIO"
2093,51d52f115820f57bd947308b77f392db,['BEBES'],BEBES
2094,51d7a5256a29ae35eeaa4d7bbf14931a,"['ELETRONICOS,INFORMATICA E AUDIO']","ELETRONICOS,INFORMATICA E AUDIO"
2095,51e3f832063f79a142e48f488f4e880b,['FERRAMENTAS E CONSTRUCAO'],FERRAMENTAS E CONSTRUCAO
2096,51ea7d0bdf670aca325bb99bb45c1500,['MOVEIS E ELETRODOMESTICOS'],MOVEIS E ELETRODOMESTICOS
2097,51ee2d580bfba3ac0ba884a8bb098468,['MODA E BELEZA'],MODA E BELEZA
2098,51f06300798e14c37af5f5ea107db194,"['ELETRONICOS,INFORMATICA E AUDIO']","ELETRONICOS,INFORMATICA E AUDIO"
2099,51f24b9ca5365e89f2dd96de60ee083f,['BRINQUEDOS E LAZER'],BRINQUEDOS E LAZER
2100,5207664bb97d53e5e9cdfd0163380e2f,"['ELETRONICOS,INFORMATICA E AUDIO']","ELETRONICOS,INFORMATICA E AUDIO"
2101,5209e430c4a82e1eb7cd636ecbb573a3,['MODA E BELEZA'],MODA E BELEZA
2102,520abddc927a700feff7540c0299d225,['AUTOMOTIVO'],AUTOMOTIVO
2103,5218c57533d6d16fbff8d6b95330ad9d,"['ELETRONICOS,INFORMATICA E AUDIO']","ELETRONICOS,INFORMATICA E AUDIO"
2104,52255374a680dc42f27d475d23dec0cc,['BRINQUEDOS E LAZER'],BRINQUEDOS E LAZER
2105,522b2777aac040e0393106af251e3a1a,['MOVEIS E ELETRODOMESTICOS'],MOVEIS E ELETRODOMESTICOS
2106,523d7597c0c82db94fd16b4213e2f0ab,"['ELETRONICOS,INFORMATICA E AUDIO']","ELETRONICOS,INFORMATICA E AUDIO"
2107,5245b2a0d8f76eae66a2e6c81528e430,"['ELETRONICOS,INFORMATICA E AUDIO']","ELETRONICOS,INFORMATICA E AUDIO"
2108,52550cee1dda83b2c06260891897dc60,['MODA E BELEZA'],MODA E BELEZA
2109,525649cfb87baa1b132df49d8297901a,['MODA E BELEZA'],MODA E BELEZA
2110,525c4dbcaecd35a5fac2e4053589df08,"['ELETRONICOS,INFORMATICA E AUDIO']","ELETRONICOS,INFORMATICA E AUDIO"
2111,525e11b26fdb7f41471d289897d0f6da,['MODA E BELEZA'],MODA E BELEZA
2112,528588e5accc2b1c808576e68fd1d46c,['MOVEIS E ELETRODOMESTICOS'],MOVEIS E ELETRODOMESTICOS
2113,528ef07892f35406f1e19482c11714a4,['BEBES'],BEBES
2114,5295a4f70cac6082f1f9051409e69010,['CASA E CONFORTO'],CASA E CONFORTO
2115,52980848cc7019752a073e8e889f97e0,['MODA E BELEZA'],MODA E BELEZA
2116,52993856cd387ab5a4dd553e66dbdc6c,['MODA E BELEZA'],MODA E BELEZA
2117,52a33f96555a51b48edfbc76f5158dc2,['MOVEIS E ELETRODOMESTICOS'],MOVEIS E ELETRODOMESTICOS
2118,52ae37876584cb6e2cf3848e834516e9,['FERRAMENTAS E CONSTRUCAO'],FERRAMENTAS E CONSTRUCAO
2119,52c13ebf98c19fe6dc69e69ac09663a1,"['ELETRONICOS,INFORMATICA E AUDIO']","ELETRONICOS,INFORMATICA E AUDIO"
2120,52c470bb7e38c0180705d1339fbc1cc4,['ARTES E DECORACAO'],ARTES E DECORACAO
2121,52cf38023b42cb0b26ced61e1a900c47,['MOVEIS E ELETRODOMESTICOS'],MOVEIS E ELETRODOMESTICOS
2122,531abf2d5cc78f7a49d9ba560cbbfe7a,"['ELETRONICOS,INFORMATICA E AUDIO']","ELETRONICOS,INFORMATICA E AUDIO"
2123,5333db16fe357175d39c82840dd3269d,"['ELETRONICOS,INFORMATICA E AUDIO']","ELETRONICOS,INFORMATICA E AUDIO"
2124,53354e0184a8a43cd9f722bc2af844cb,"['ELETRONICOS,INFORMATICA E AUDIO']","ELETRONICOS,INFORMATICA E AUDIO"
2125,53544829cdc8e89c9fb03d74ba13a4f7,['BRINQUEDOS E LAZER'],BRINQUEDOS E LAZER
2126,535981e0e0cb431bfd3a85a4279f03d9,['CASA E CONFORTO'],CASA E CONFORTO
2127,53619dd8d4a6a651b7e864560eb84fa6,['BRINQUEDOS E LAZER'],BRINQUEDOS E LAZER
2128,537690295b4d85739ba8cbf72ece30b6,['MODA E BELEZA'],MODA E BELEZA
2129,5381e67ea3b6bfda0cad04e569d1e447,['MODA E BELEZA'],MODA E BELEZA
2130,538306d5780984ada0ea3b277ee85059,['CASA E CONFORTO'],CASA E CONFORTO
2131,53854521186b4ceccc013032734f928e,['MOVEIS E ELETRODOMESTICOS'],MOVEIS E ELETRODOMESTICOS
2132,53b788f7cb182a99dbcf654bbdf21933,"['ELETRONICOS,INFORMATICA E AUDIO']","ELETRONICOS,INFORMATICA E AUDIO"
2133,53b8913fe5c632a9aa10069a33aaceb0,['FERRAMENTAS E CONSTRUCAO'],FERRAMENTAS E CONSTRUCAO
2134,53cbc02ffe278ca84b6f4920d9d3ecd5,['MOVEIS E ELETRODOMESTICOS'],MOVEIS E ELETRODOMESTICOS
2135,53d9e9ca11320965aa55056b5439a1c5,['CASA E CONFORTO'],CASA E CONFORTO
2136,53e47f7fef72225bb63f3618e3301f15,"['ELETRONICOS,INFORMATICA E AUDIO']","ELETRONICOS,INFORMATICA E AUDIO"
2137,53ec6e6945a5e805d1d8a58329b8e693,['PET SHOP'],PET SHOP
2138,53f3cb0dcdecd62675e235186f24adcf,['MOVEIS E ELETRODOMESTICOS'],MOVEIS E ELETRODOMESTICOS
2139,53f47eb788d813aec3149697d6501eb5,"['ELETRONICOS,INFORMATICA E AUDIO']","ELETRONICOS,INFORMATICA E AUDIO"
2140,53f8daea6e8c8d787695830a448a3e67,['BRINQUEDOS E LAZER'],BRINQUEDOS E LAZER
2141,5400e2987acb955ee428c73ca8f28a76,['MODA E BELEZA'],MODA E BELEZA
2142,54066aeaaf3ac32e7bb6e45aa3bf65e4,['MODA E BELEZA'],MODA E BELEZA
2143,540f4eaaafc047a407e4b4522bd0fd66,"['ELETRONICOS,INFORMATICA E AUDIO']","ELETRONICOS,INFORMATICA E AUDIO"
2144,5411157481132a0783dbf080096a4c96,['BEBES'],BEBES
2145,54294e5e2e918ef6ac62494144f35b06,"['ELETRONICOS,INFORMATICA E AUDIO']","ELETRONICOS,INFORMATICA E AUDIO"
2146,542f6adc8252efb82f286307de986bc4,['MOVEIS E ELETRODOMESTICOS'],MOVEIS E ELETRODOMESTICOS
2147,543ab3128139efe78bf5e8006ae25087,['MODA E BELEZA'],MODA E BELEZA
2148,54444139e38a74e40f21503caf8d3ef5,['CASA E CONFORTO'],CASA E CONFORTO
2149,544789a536e56050d352f95b48062912,"['ELETRONICOS,INFORMATICA E AUDIO']","ELETRONICOS,INFORMATICA E AUDIO"
2150,5448a97fc343f6f23807effd01938241,['MOVEIS E ELETRODOMESTICOS'],MOVEIS E ELETRODOMESTICOS
2151,544b98cbee1fc6152e5ede26e1ef2986,"['ELETRONICOS,INFORMATICA E AUDIO']","ELETRONICOS,INFORMATICA E AUDIO"
2152,545c329642c609a7e1e3ab759eed9dc5,['CASA E CONFORTO'],CASA E CONFORTO
2153,545c81f766ce4811ebecb78efc1a665a,['MOVEIS E ELETRODOMESTICOS'],MOVEIS E ELETRODOMESTICOS
2154,546c8958ff67b28473cf140ec32a5a91,"['ELETRONICOS,INFORMATICA E AUDIO']","ELETRONICOS,INFORMATICA E AUDIO"
2155,549a57fb0fe960c37b957ad69afeeba1,['MODA E BELEZA'],MODA E BELEZA
2156,54cf02ae7c090640834d4f9d190f3b9d,"['ELETRONICOS,INFORMATICA E AUDIO']","ELETRONICOS,INFORMATICA E AUDIO"
2157,54d6f9d8f56229d3da815add65ec2408,['MOVEIS E ELETRODOMESTICOS'],MOVEIS E ELETRODOMESTICOS
2158,54e1a3c2b97fb0809da548a59f64c813,"['LIVROS, MUSICA E PAPELARIA']","LIVROS, MUSICA E PAPELARIA"
2159,54e9fc9a26833002ae6521780af9dcc6,['MOVEIS E ELETRODOMESTICOS'],MOVEIS E ELETRODOMESTICOS
2160,54fa0e4cca081fc9d0a5c6759cc53adf,['MODA E BELEZA'],MODA E BELEZA
2161,5503b14ddf7853393e5acf02e0128442,"['ELETRONICOS,INFORMATICA E AUDIO']","ELETRONICOS,INFORMATICA E AUDIO"
2162,5506aa9cafae9629ef0a21b3ad199219,['MODA E BELEZA'],MODA E BELEZA
2163,5510c1adb5cc6262d2fd7ce904b6e8f4,['MODA E BELEZA'],MODA E BELEZA
2164,5525c00bfd980bae1cac46f7dcf88224,['CASA E CONFORTO'],CASA E CONFORTO
2165,55552985d5c5d0856ddc230a47932a72,"['ELETRONICOS,INFORMATICA E AUDIO']","ELETRONICOS,INFORMATICA E AUDIO"
2166,555abbd521ea234b5a6b908bb132244b,['CASA E CONFORTO'],CASA E CONFORTO
2167,555bdeeec0ae00faeb547748b9e58ec6,['BRINQUEDOS E LAZER'],BRINQUEDOS E LAZER
2168,5568db9dd4584b73544e077f55db4d78,['MOVEIS E ELETRODOMESTICOS'],MOVEIS E ELETRODOMESTICOS
2169,556a854645a80f5c86ec936469f6903a,['BRINQUEDOS E LAZER'],BRINQUEDOS E LAZER
2170,556eb5d792f623f57e47713c9839100b,['CASA E CONFORTO'],CASA E CONFORTO
2171,55722f117fa81b20ab36bbfc3c8878dd,['CASA E CONFORTO'],CASA E CONFORTO
2172,55779fa8fe072d9f8c92d672154558f2,['CASA E CONFORTO'],CASA E CONFORTO
2173,558b411669d1eaae0ee5ec3186559cce,['ALIMENTOS'],ALIMENTOS
2174,559d6842e0a3468f1941683ca901b582,['MODA E BELEZA'],MODA E BELEZA
2175,55b2ad4123def9f023f3196c460badca,['MODA E BELEZA'],MODA E BELEZA
2176,55b5a2fb966c36bed46f082ad6062914,['MODA E BELEZA'],MODA E BELEZA
2177,55b6cf8649aab7d7ac9452d6b3318c18,"['ELETRONICOS,INFORMATICA E AUDIO']","ELETRONICOS,INFORMATICA E AUDIO"
2178,55c22802abda3dda5ccb0d14c0123915,['MODA E BELEZA'],MODA E BELEZA
2179,55dac85c562ddd9e05ddeaffa7631a0b,['MODA E BELEZA'],MODA E BELEZA
2180,55f58caa1cad1cd636b5775aba8a19f5,['MODA E BELEZA'],MODA E BELEZA
2181,5601efc723d40b097b2c97df55cb8fbe,['ARTES E DECORACAO'],ARTES E DECORACAO
2182,56030114e560e8093abc06e38626e871,['MOVEIS E ELETRODOMESTICOS'],MOVEIS E ELETRODOMESTICOS
2183,56049934681bbcefb4f6707731ba95a8,"['ELETRONICOS,INFORMATICA E AUDIO']","ELETRONICOS,INFORMATICA E AUDIO"
2184,560d3fab356e794f6cae1c03cff6466e,['MODA E BELEZA'],MODA E BELEZA
2185,56137cd32ae890d2f8f4c0b770da009f,"['ELETRONICOS,INFORMATICA E AUDIO']","ELETRONICOS,INFORMATICA E AUDIO"
2186,561e1660c58ab3daf4a9176547f0259a,['MODA E BELEZA'],MODA E BELEZA
2187,56203ab8c919f019d69bac51794e296d,['MODA E BELEZA'],MODA E BELEZA
2188,5622ad01924109b081d3f0f7fdd45f71,['MODA E BELEZA'],MODA E BELEZA
2189,5629fdbbd11b9755743ba8b8f517f8cc,['MOVEIS E ELETRODOMESTICOS'],MOVEIS E ELETRODOMESTICOS
2190,563d79c663703464db20c1c8d6b49b44,"['ELETRONICOS,INFORMATICA E AUDIO']","ELETRONICOS,INFORMATICA E AUDIO"
2191,5640d8d8b0a6c23956f12c8dedfef8e3,"['ELETRONICOS,INFORMATICA E AUDIO']","ELETRONICOS,INFORMATICA E AUDIO"
2192,56417f76b00d347bc97497d3f823cea9,"['ELETRONICOS,INFORMATICA E AUDIO']","ELETRONICOS,INFORMATICA E AUDIO"
2193,5642f00882c2ab59e001778dc483135f,['CASA E CONFORTO'],CASA E CONFORTO
2194,5645645107dea4fb252b5fb68ed75db9,['BRINQUEDOS E LAZER'],BRINQUEDOS E LAZER
2195,565a7bc14e1f825b163c6a51d74f4206,['MODA E BELEZA'],MODA E BELEZA
2196,565ab93665748ea6d06451a9181b9dce,['MODA E BELEZA'],MODA E BELEZA
2197,565c6c5797c586709ed3a67c9abc0223,['MOVEIS E ELETRODOMESTICOS'],MOVEIS E ELETRODOMESTICOS
2198,5667af66694cc07bce46f7af2ed32ed6,"['ELETRONICOS,INFORMATICA E AUDIO']","ELETRONICOS,INFORMATICA E AUDIO"
2199,5667f52833bc78e17073dbcd870b6586,['CASA E CONFORTO'],CASA E CONFORTO
2200,566aa88269ebf1551f8e2da76e215e08,"['ELETRONICOS,INFORMATICA E AUDIO']","ELETRONICOS,INFORMATICA E AUDIO"
2201,5674e908354d328e44e831ee61b6fd85,['CASA E CONFORTO'],CASA E CONFORTO
2202,56773c6296d19876ac496486dcf2d566,['CASA E CONFORTO'],CASA E CONFORTO
2203,567818fc7d9f84b0f5eac47aef90658e,['MODA E BELEZA'],MODA E BELEZA
2204,5687858ec96eba8c66c04d8a08ff4e42,['BRINQUEDOS E LAZER'],BRINQUEDOS E LAZER
2205,56abbae9014467d35f46261ee6f7fa71,"['ELETRONICOS,INFORMATICA E AUDIO']","ELETRONICOS,INFORMATICA E AUDIO"
2206,56af0400ccac703cca01cd9846d29c58,['BRINQUEDOS E LAZER'],BRINQUEDOS E LAZER
2207,56dcfb3b5a29fb9edb862287a6c485a0,['ARTES E DECORACAO'],ARTES E DECORACAO
2208,56ed02af90f688d10a65b08ce598bb21,['MODA E BELEZA'],MODA E BELEZA
2209,56f1d06ce4c0cf8a60c9d1af768f39de,['MODA E BELEZA'],MODA E BELEZA
2210,56f4b702b959eee297b018acdb60c380,"['ELETRONICOS,INFORMATICA E AUDIO']","ELETRONICOS,INFORMATICA E AUDIO"
2211,56f7baee2d1568fbd2dac0ba1a77418e,['CASA E CONFORTO'],CASA E CONFORTO
2212,5705bc62270ffb13ed25996c30d281c6,['CASA E CONFORTO'],CASA E CONFORTO
2213,5707df1e7d1d8445c2969eec209a9433,['CASA E CONFORTO'],CASA E CONFORTO
2214,570a2d92be76532681e5a09ac38c8e78,['MODA E BELEZA'],MODA E BELEZA
2215,5712a9cedf6170bd8cb13ef4090cd1e4,['CASA E CONFORTO'],CASA E CONFORTO
2216,572be93cb31b1fcee2a7fac8071c8208,['ARTES E DECORACAO'],ARTES E DECORACAO
2217,5732c4d32ae81ea346107cb61aa2061b,['MODA E BELEZA'],MODA E BELEZA
2218,5738b1361143b2ba3e59fcb5dffc7114,['CASA E CONFORTO'],CASA E CONFORTO
2219,57471a2ef90bca7af03b3b5800a3346b,['MODA E BELEZA'],MODA E BELEZA
2220,5754566e8ff4366d7b0af3c53e696a7f,['CASA E CONFORTO'],CASA E CONFORTO
2221,576209b9fa58032b16db7d94289dd794,['AUTOMOTIVO'],AUTOMOTIVO
2222,576668497bf1dc1ca572fcf231234444,['AUTOMOTIVO'],AUTOMOTIVO
2223,578de5ff4a91901a3b0150e8b152723a,['BEBES'],BEBES
2224,579b51291793ea3e12416d865e56f8e8,['MOVEIS E ELETRODOMESTICOS'],MOVEIS E ELETRODOMESTICOS
2225,57ac42b13ab9e5c23733ab0911b2e7dd,['FERRAMENTAS E CONSTRUCAO'],FERRAMENTAS E CONSTRUCAO
2226,57bea8e109ecb1711cda36ced17c1b1e,['CASA E CONFORTO'],CASA E CONFORTO
2227,57c8b21903ac8ad8de52488bbb4ada7b,['CASA E CONFORTO'],CASA E CONFORTO
2228,57d9af1de34ab593d3ecb3c06abfc12a,['MODA E BELEZA'],MODA E BELEZA
2229,57db9f1b9ba0b6c4abcb4eb40e83c182,['MODA E BELEZA'],MODA E BELEZA
2230,57de08bdf9af8887e90203f0a8e22cef,['CASA E CONFORTO'],CASA E CONFORTO
2231,57e4399c47c85b49ab7fef194b4e14b7,['CASA E CONFORTO'],CASA E CONFORTO
2232,580ab1120013feff8019dae315cd8c9c,"['LIVROS, MUSICA E PAPELARIA']","LIVROS, MUSICA E PAPELARIA"
2233,580c882a5805c78546ea65ec6d3690e4,['CASA E CONFORTO'],CASA E CONFORTO
2234,580e21d2e46243eca1eb813c5fe6ac7a,['SERVIÇOS'],SERVIÇOS
2235,5814c4efa071d212c5b84498d9ca5809,['MODA E BELEZA'],MODA E BELEZA
2236,58207f7c0efe1d999163cf9f30042830,['AUTOMOTIVO'],AUTOMOTIVO
2237,5820dd9ea37cacf01bfff5a4b9ccfb13,['MOVEIS E ELETRODOMESTICOS'],MOVEIS E ELETRODOMESTICOS
2238,5825f62edda362144cd0c349124fa927,"['ELETRONICOS,INFORMATICA E AUDIO']","ELETRONICOS,INFORMATICA E AUDIO"
2239,58274272cfde0e71c0ee61eaee5a60e1,['MODA E BELEZA'],MODA E BELEZA
2240,58279d6e5966be96c8768b58f9a6f983,['CASA E CONFORTO'],CASA E CONFORTO
2241,5834f2a1c94daee3cda85aa62af0a929,['MODA E BELEZA'],MODA E BELEZA
2242,5837fff4c5c9ea52b2e96674efccbc66,['BEBES'],BEBES
2243,583e624231af818d0ab64b7f4b6a5cdd,"['LIVROS, MUSICA E PAPELARIA']","LIVROS, MUSICA E PAPELARIA"
2244,5849d6026e6ef0340a5e699086dbfbc7,['MODA E BELEZA'],MODA E BELEZA
2245,5850f6bb95a78cd0fd9641e0453a740b,['BRINQUEDOS E LAZER'],BRINQUEDOS E LAZER
2246,585349a68c2e7d50092eb35c60f019da,['MODA E BELEZA'],MODA E BELEZA
2247,586acfc7e057938293e006ece947648c,['FERRAMENTAS E CONSTRUCAO'],FERRAMENTAS E CONSTRUCAO
2248,587e32dd528769d669d539531d32aeb5,['MOVEIS E ELETRODOMESTICOS'],MOVEIS E ELETRODOMESTICOS
2249,588085f388f3dd80c9c56681b47bf588,['CASA E CONFORTO'],CASA E CONFORTO
2250,5883da330a000a37d4929a4a68247c91,"['ELETRONICOS,INFORMATICA E AUDIO']","ELETRONICOS,INFORMATICA E AUDIO"
2251,588650778ae3d824e5ff92a2bc391b9e,"['ELETRONICOS,INFORMATICA E AUDIO']","ELETRONICOS,INFORMATICA E AUDIO"
2252,588c0e3b460d83b9cd8a270edc0f4da0,['FERRAMENTAS E CONSTRUCAO'],FERRAMENTAS E CONSTRUCAO
2253,589208c4bf8d3e9c613ee4b6de49c568,['FERRAMENTAS E CONSTRUCAO'],FERRAMENTAS E CONSTRUCAO
2254,58a2de891c9d6c4e5b5a36320350bfd2,"['ELETRONICOS,INFORMATICA E AUDIO']","ELETRONICOS,INFORMATICA E AUDIO"
2255,58ad8c9795c17d85d9005b42f7c3d14f,['MOVEIS E ELETRODOMESTICOS'],MOVEIS E ELETRODOMESTICOS
2256,58b198357d2b68044f885a370a585ff3,['ARTES E DECORACAO'],ARTES E DECORACAO
2257,58badbf60491cc1d0c4b0a61174a6ccf,['MOVEIS E ELETRODOMESTICOS'],MOVEIS E ELETRODOMESTICOS
2258,58be617c22afd358984d890ce826e0c9,['MODA E BELEZA'],MODA E BELEZA
2259,58c43e59cd24b301789382786fa841f2,['MODA E BELEZA'],MODA E BELEZA
2260,58cd1eb79e3ed5abe07691143092d982,"['ELETRONICOS,INFORMATICA E AUDIO']","ELETRONICOS,INFORMATICA E AUDIO"
2261,58e6526f1ade5070dcfbc31f7eacfe50,['ARTES E DECORACAO'],ARTES E DECORACAO
2262,58f065048108c8f53b8fe8255fab3aac,['FERRAMENTAS E CONSTRUCAO'],FERRAMENTAS E CONSTRUCAO
2263,58f43661df7f4ebc6182ed467729a405,['MODA E BELEZA'],MODA E BELEZA
2264,5911ba3eb3648e7f6f55ebbed69f5daa,['MODA E BELEZA'],MODA E BELEZA
2265,59153dae34968fe90642c6a919d61c09,['CASA E CONFORTO'],CASA E CONFORTO
2266,591d010258be8e3bc48d82503022a507,['MODA E BELEZA'],MODA E BELEZA
2267,591d36e7f544036a8849e508414d2295,['CASA E CONFORTO'],CASA E CONFORTO
2268,592acf1c0b9009209dc5aa920c851eb1,['MODA E BELEZA'],MODA E BELEZA
2269,5933eca8bf39eb9b770be4f92e295796,"['ELETRONICOS,INFORMATICA E AUDIO']","ELETRONICOS,INFORMATICA E AUDIO"
2270,593823b9588a494c8015438b207ee60a,['MODA E BELEZA'],MODA E BELEZA
2271,594c468bf0e84130d7184c7c872d7e11,['CASA E CONFORTO'],CASA E CONFORTO
2272,595ea00662b10b0cfeed71a17c7df49a,"['ELETRONICOS,INFORMATICA E AUDIO']","ELETRONICOS,INFORMATICA E AUDIO"
2273,5981ae276b32c4b5d69ed39efd08d0a8,['BRINQUEDOS E LAZER'],BRINQUEDOS E LAZER
2274,5981f36992c8a99eff941a3d3375b318,['MODA E BELEZA'],MODA E BELEZA
2275,59880d8439b6a1a697727592bdab4b96,['BEBES'],BEBES
2276,598d30ad864328c4254a68e141f9b67f,"['ELETRONICOS,INFORMATICA E AUDIO']","ELETRONICOS,INFORMATICA E AUDIO"
2277,5996322816675c956bf3f370bf0ff4d1,"['ELETRONICOS,INFORMATICA E AUDIO']","ELETRONICOS,INFORMATICA E AUDIO"
2278,599647f3b1e2a0c0f0d2471bf9e9e353,['CASA E CONFORTO'],CASA E CONFORTO
2279,599fbee4cc4b8dabe57ea66e0ecd7031,['MODA E BELEZA'],MODA E BELEZA
2280,59a6a4f84e0e583a39c2f395343d27af,['ARTES E DECORACAO'],ARTES E DECORACAO
2281,59bc7868dd1001b0e0affabebe64b67c,"['LIVROS, MUSICA E PAPELARIA']","LIVROS, MUSICA E PAPELARIA"
2282,59d227c2a7283050197703ca057505d9,['MODA E BELEZA'],MODA E BELEZA
2283,59e94c656aec3cee1b4a97e8324b47d2,['ALIMENTOS'],ALIMENTOS
2284,59ee2fecea61fffb6f6da1adf48df362,['BEBES'],BEBES
2285,5a130e5571bc83bee3bbf7524d83b831,['BRINQUEDOS E LAZER'],BRINQUEDOS E LAZER
2286,5a1b38c5fdab4a0c42553ae02457159d,['CASA E CONFORTO'],CASA E CONFORTO
2287,5a1c2be64df8ac1e3316c96fb1280479,['CASA E CONFORTO'],CASA E CONFORTO
2288,5a34dfccd6fb223c870ad34652d64274,['CASA E CONFORTO'],CASA E CONFORTO
2289,5a5f3655d1d2c0a31d9ad1eee421ce81,['MOVEIS E ELETRODOMESTICOS'],MOVEIS E ELETRODOMESTICOS
2290,5a6bd33ae88e333fe85c52e72c4b3cea,['CASA E CONFORTO'],CASA E CONFORTO
2291,5a72aaf4a78a5e2b0ba132b0e9c21fb1,['CASA E CONFORTO'],CASA E CONFORTO
2292,5a8badb776e5585c274fe19201012249,['MODA E BELEZA'],MODA E BELEZA
2293,5a8f325f70adcaee7b80d649a1f28876,['CASA E CONFORTO'],CASA E CONFORTO
2294,5a909d6376edac123359549cd82341df,['BRINQUEDOS E LAZER'],BRINQUEDOS E LAZER
2295,5a90bdab22ab69f4095415dd55451b66,"['ELETRONICOS,INFORMATICA E AUDIO']","ELETRONICOS,INFORMATICA E AUDIO"
2296,5a9fabac5b438a92c01b25131de9f71c,['MODA E BELEZA'],MODA E BELEZA
2297,5aa65dc27dd9c4e4d81ec84ead95feb2,['MOVEIS E ELETRODOMESTICOS'],MOVEIS E ELETRODOMESTICOS
2298,5ab86968467c65a96b9a6437e9e83164,['CASA E CONFORTO'],CASA E CONFORTO
2299,5abe202b4aa14c9b12e9661641d2f8e0,['MOVEIS E ELETRODOMESTICOS'],MOVEIS E ELETRODOMESTICOS
2300,5ac2db22c3a1a5c7d59208f225e41fef,['FERRAMENTAS E CONSTRUCAO'],FERRAMENTAS E CONSTRUCAO
2301,5ac3fcbc8dcadd9d700bd4dea8aca74d,['MODA E BELEZA'],MODA E BELEZA
2302,5ac4eee743a86a4f0d1b7ee150d1bb34,['PET SHOP'],PET SHOP
2303,5ac65ba68cda958dff42081b70fe905e,['BRINQUEDOS E LAZER'],BRINQUEDOS E LAZER
2304,5acf62946adaf3b74ad395ec44b72688,['FERRAMENTAS E CONSTRUCAO'],FERRAMENTAS E CONSTRUCAO
2305,5ad720f90855a1b905286d8a59dd0aca,['MODA E BELEZA'],MODA E BELEZA
2306,5adb5eb1fe82008e15f6eca420111c7b,['SERVIÇOS'],SERVIÇOS
2307,5adb95fe0aa8a0d29d029194724df6b7,['AUTOMOTIVO'],AUTOMOTIVO
2308,5add1b45cd9bc70f43535f349cfed8ce,['AUTOMOTIVO'],AUTOMOTIVO
2309,5adda4b39b5953dd97a6ddc8fa7aef68,['AUTOMOTIVO'],AUTOMOTIVO
2310,5ade58a49ca9ff81df419eb4ad363c2c,['MODA E BELEZA'],MODA E BELEZA
2311,5ae83f493320d31409a108dfd7aa5c20,"['ELETRONICOS,INFORMATICA E AUDIO']","ELETRONICOS,INFORMATICA E AUDIO"
2312,5b106bcec980345d3c64e1661678639f,['MODA E BELEZA'],MODA E BELEZA
2313,5b11ad967b9d5763b6f2417944c07f57,['MODA E BELEZA'],MODA E BELEZA
2314,5b181a5480a2873bf4689add4630e731,['MODA E BELEZA'],MODA E BELEZA
2315,5b1f569ced504719f147f0f25808358d,['BRINQUEDOS E LAZER'],BRINQUEDOS E LAZER
2316,5b3bc5b8d24159d46b9d4a9ff4383f8f,['MODA E BELEZA'],MODA E BELEZA
2317,5b514a1a40e8cd51a1f35c2df28da032,['MODA E BELEZA'],MODA E BELEZA
2318,5b5494339d3f8ae69e5527c481c75f80,['BRINQUEDOS E LAZER'],BRINQUEDOS E LAZER
2319,5b54eac5a3892162592352ba2d0ee41e,['BRINQUEDOS E LAZER'],BRINQUEDOS E LAZER
2320,5b7359c33f9eac26e1a575430eab31a9,"['ELETRONICOS,INFORMATICA E AUDIO']","ELETRONICOS,INFORMATICA E AUDIO"
2321,5b8b540b5934e4af4790f609af380cf8,"['ELETRONICOS,INFORMATICA E AUDIO']","ELETRONICOS,INFORMATICA E AUDIO"
2322,5b90b7cd9f630bcd19a1c11018344276,['AUTOMOTIVO'],AUTOMOTIVO
2323,5b9e9502eca103a28ea22a94c65e3950,['FERRAMENTAS E CONSTRUCAO'],FERRAMENTAS E CONSTRUCAO
2324,5b9f98f4f7f84913dfb746a86bb11ab1,['ALIMENTOS'],ALIMENTOS
2325,5bab7c4dc62f5bae4f349ceb09639444,['BRINQUEDOS E LAZER'],BRINQUEDOS E LAZER
2326,5bb491640adff4bab2c01c5125e2c8be,['ARTES E DECORACAO'],ARTES E DECORACAO
2327,5bbd189785115bc937623b13f25fcb78,['AUTOMOTIVO'],AUTOMOTIVO
2328,5bdc8e61065c6a340cb4a89376bdac89,"['ELETRONICOS,INFORMATICA E AUDIO']","ELETRONICOS,INFORMATICA E AUDIO"
2329,5bf84aad38881827341f99a74df1b2be,['MODA E BELEZA'],MODA E BELEZA
2330,5bf8cdf4243a8b1c0eda74df41204260,['CASA E CONFORTO'],CASA E CONFORTO
2331,5bfce111a3fc0a622ab552626165ab2f,['MOVEIS E ELETRODOMESTICOS'],MOVEIS E ELETRODOMESTICOS
2332,5c02bbcf8ee00ff276723c431b064505,['ARTES E DECORACAO'],ARTES E DECORACAO
2333,5c092582307d1169e1a475648c90003f,['MOVEIS E ELETRODOMESTICOS'],MOVEIS E ELETRODOMESTICOS
2334,5c11e238c0563cab5491de26eb68f99a,"['LIVROS, MUSICA E PAPELARIA']","LIVROS, MUSICA E PAPELARIA"
2335,5c1995c020e0a3b2b23152b3fcfcda76,['MODA E BELEZA'],MODA E BELEZA
2336,5c1ae73856bf1d09958ec5ae3a64b73a,"['ELETRONICOS,INFORMATICA E AUDIO']","ELETRONICOS,INFORMATICA E AUDIO"
2337,5c2049caca936695cfa43805ebe7d8e3,['MODA E BELEZA'],MODA E BELEZA
2338,5c2c3051e99aa85bb1f2260f51e59f49,['CASA E CONFORTO'],CASA E CONFORTO
2339,5c3478406a9223b2b32d6ab8e0334441,"['ELETRONICOS,INFORMATICA E AUDIO']","ELETRONICOS,INFORMATICA E AUDIO"
2340,5c3ed80bbf87273549529ebc6a45650d,['CASA E CONFORTO'],CASA E CONFORTO
2341,5c468b18e44fe58da9d5584b05fd988f,"['ELETRONICOS,INFORMATICA E AUDIO']","ELETRONICOS,INFORMATICA E AUDIO"
2342,5c4e2e5f4cf06bd28d6020ea2afc884b,['MODA E BELEZA'],MODA E BELEZA
2343,5c673b6f0d8e4e50fabaf4428fd2f944,['PET SHOP'],PET SHOP
2344,5c6d04d4860d065452c6ea2d2c82e114,"['ELETRONICOS,INFORMATICA E AUDIO']","ELETRONICOS,INFORMATICA E AUDIO"
2345,5c7ec55f4ff082a66c4ed58a2634af16,['MOVEIS E ELETRODOMESTICOS'],MOVEIS E ELETRODOMESTICOS
2346,5c7fb4191236c0b1404e9e97af9691c9,['BRINQUEDOS E LAZER'],BRINQUEDOS E LAZER
2347,5c7ffa6a8321eb05f96b3f941cf874e5,['MODA E BELEZA'],MODA E BELEZA
2348,5c8b55fb57c1225d199343bbc1ab6ee0,['MODA E BELEZA'],MODA E BELEZA
2349,5c932e0a181410b67c77daaed30991af,"['ELETRONICOS,INFORMATICA E AUDIO']","ELETRONICOS,INFORMATICA E AUDIO"
2350,5c94ad4e194c0e6794688a9d2b9ea94b,['MODA E BELEZA'],MODA E BELEZA
2351,5c9a09fd2021bf429b060aa68282c87a,"['ELETRONICOS,INFORMATICA E AUDIO']","ELETRONICOS,INFORMATICA E AUDIO"
2352,5c9a7e0865669dc34b4e6a062751d8f4,['MODA E BELEZA'],MODA E BELEZA
2353,5ca67c75fe0b43ebc7ff9e3711b44162,"['ELETRONICOS,INFORMATICA E AUDIO']","ELETRONICOS,INFORMATICA E AUDIO"
2354,5ca70501fc222cd2653be2b9993e4a8d,['MODA E BELEZA'],MODA E BELEZA
2355,5cae141c3dd545d1d08687790cf11e33,['AUTOMOTIVO'],AUTOMOTIVO
2356,5cb6969f0b3cd394de49463c4f4e4017,"['AGRO, INDUSTRIA E NEGOCIOS']","AGRO, INDUSTRIA E NEGOCIOS"
2357,5cc475c7c03290048eb2e742cd64cb5e,"['ELETRONICOS,INFORMATICA E AUDIO']","ELETRONICOS,INFORMATICA E AUDIO"
2358,5cd9d29876c165b99b25582096c9e0cd,['MOVEIS E ELETRODOMESTICOS'],MOVEIS E ELETRODOMESTICOS
2359,5cdad9598ab8686c137c2ad8c24d4803,['MODA E BELEZA'],MODA E BELEZA
2360,5cebddc9f18e00d1cdbc79c8b456a0d1,['CASA E CONFORTO'],CASA E CONFORTO
2361,5cf1acf2432e3672334e331caf413208,['BRINQUEDOS E LAZER'],BRINQUEDOS E LAZER
2362,5d111a2da7b316aa34aadd1fb06b483a,['ARTES E DECORACAO'],ARTES E DECORACAO
2363,5d146abaaa0996f8cabcb5a3fa96bad7,['MODA E BELEZA'],MODA E BELEZA
2364,5d1e025052895991d3f50688be8f626e,['BRINQUEDOS E LAZER'],BRINQUEDOS E LAZER
2365,5d32f74219b2e35ba14aba07eb94c981,['CASA E CONFORTO'],CASA E CONFORTO
2366,5d4217538c698b1f21e5a66cd27b3ef0,['BRINQUEDOS E LAZER'],BRINQUEDOS E LAZER
2367,5d5a92f1288cfea0501ef343c74591a9,['CASA E CONFORTO'],CASA E CONFORTO
2368,5d6e9993ecc20a59e637ce711858d081,"['ELETRONICOS,INFORMATICA E AUDIO']","ELETRONICOS,INFORMATICA E AUDIO"
2369,5d8955bd4f20188cffeee997c68e0244,['CASA E CONFORTO'],CASA E CONFORTO
2370,5daf14428a3c29d9dd22f97b7d5b3230,['BRINQUEDOS E LAZER'],BRINQUEDOS E LAZER
2371,5db3a02e1307a5ee2ee228738a72d4d7,"['ELETRONICOS,INFORMATICA E AUDIO']","ELETRONICOS,INFORMATICA E AUDIO"
2372,5db63df16698f20500f49faaee15c3d0,['BRINQUEDOS E LAZER'],BRINQUEDOS E LAZER
2373,5dbbced030c8556f919a3b392a589b7e,['MOVEIS E ELETRODOMESTICOS'],MOVEIS E ELETRODOMESTICOS
2374,5dc4e4e9a4f28d5bda7879562fece272,"['LIVROS, MUSICA E PAPELARIA']","LIVROS, MUSICA E PAPELARIA"
2375,5dc5e6edeb0fc2cc0b95d21e149d996a,"['ELETRONICOS,INFORMATICA E AUDIO']","ELETRONICOS,INFORMATICA E AUDIO"
2376,5dc70acab84ac4fd4ffb73d38c63cc94,"['ELETRONICOS,INFORMATICA E AUDIO']","ELETRONICOS,INFORMATICA E AUDIO"
2377,5dd868edea4ee3363563534cd18187f1,"['LIVROS, MUSICA E PAPELARIA']","LIVROS, MUSICA E PAPELARIA"
2378,5ddaacb7f41a1651091efd017cf604d7,['BRINQUEDOS E LAZER'],BRINQUEDOS E LAZER
2379,5ddb1f7921a2218a2f21cf9ed9995a5e,['MODA E BELEZA'],MODA E BELEZA
2380,5ddda81bbb82b89fbd28fb0dc68dcb60,['CASA E CONFORTO'],CASA E CONFORTO
2381,5df35b35ce08d3d6f634eccfeb93a143,"['ELETRONICOS,INFORMATICA E AUDIO']","ELETRONICOS,INFORMATICA E AUDIO"
2382,5e0140671ad91ce830fb2b33a3210d1b,"['ELETRONICOS,INFORMATICA E AUDIO']","ELETRONICOS,INFORMATICA E AUDIO"
2383,5e0de5e6b42042ea6e00e3d07d4aef84,['FERRAMENTAS E CONSTRUCAO'],FERRAMENTAS E CONSTRUCAO
2384,5e3f975c4be17dfadd26987a66fd8061,['MOVEIS E ELETRODOMESTICOS'],MOVEIS E ELETRODOMESTICOS
2385,5e41372dfed214a973d082c2ba36e9a1,"['ELETRONICOS,INFORMATICA E AUDIO']","ELETRONICOS,INFORMATICA E AUDIO"
2386,5e4264d346083d24d1dc20b9f656a728,['AUTOMOTIVO'],AUTOMOTIVO
2387,5e42950b6aa90d698e75af4e41641386,['MOVEIS E ELETRODOMESTICOS'],MOVEIS E ELETRODOMESTICOS
2388,5e429d7b3e086bc3af78f2f42b9c5937,['MODA E BELEZA'],MODA E BELEZA
2389,5e4523cabf8f93bbd962cb5a9671f669,"['ELETRONICOS,INFORMATICA E AUDIO']","ELETRONICOS,INFORMATICA E AUDIO"
2390,5e4c365dd3cf7769a88981f408d069d3,['CASA E CONFORTO'],CASA E CONFORTO
2391,5e52347cf930a594b49921ee25d22742,['MODA E BELEZA'],MODA E BELEZA
2392,5e5235e11bea2c86b1255beb1b7e247a,['PET SHOP'],PET SHOP
2393,5e5fed142a552be6d6f1e04a800446d6,['MODA E BELEZA'],MODA E BELEZA
2394,5e682664f3f3651fbaf00a25915ef580,['BRINQUEDOS E LAZER'],BRINQUEDOS E LAZER
2395,5e6bf1bf3a918bd776e4e85f10672d65,['AUTOMOTIVO'],AUTOMOTIVO
2396,5e70bcf826ffb41fbf68e94ba929635e,['MODA E BELEZA'],MODA E BELEZA
2397,5e8d0f2f1e06e715aee3eefe4c175e52,['BRINQUEDOS E LAZER'],BRINQUEDOS E LAZER
2398,5eb9ebc80ba6975ff121215b56cdce26,"['LIVROS, MUSICA E PAPELARIA']","LIVROS, MUSICA E PAPELARIA"
2399,5ecd7af8497c9aeba11b9f0c79c0b466,['MOVEIS E ELETRODOMESTICOS'],MOVEIS E ELETRODOMESTICOS
2400,5ed3ec02627cdee4cc803950b95aaf02,['CASA E CONFORTO'],CASA E CONFORTO
2401,5ed946893f9d36c172fc9bbbf31fcf0d,['FERRAMENTAS E CONSTRUCAO'],FERRAMENTAS E CONSTRUCAO
2402,5ee31cacb02c4f421f938c50e446185b,['CASA E CONFORTO'],CASA E CONFORTO
2403,5f00edb71f6d82f109f0af2b317994e5,['MODA E BELEZA'],MODA E BELEZA
2404,5f064781620790a450c0308f09adfd8d,['BEBES'],BEBES
2405,5f082c0821ef7e1812362878c7268aef,['MOVEIS E ELETRODOMESTICOS'],MOVEIS E ELETRODOMESTICOS
2406,5f0b8b7a4106112072d89904b2d237e1,['CASA E CONFORTO'],CASA E CONFORTO
2407,5f0d1267a27284c0f27b7bfe756b59b4,['FERRAMENTAS E CONSTRUCAO'],FERRAMENTAS E CONSTRUCAO
2408,5f1b02bb30db18d2091666741c05684a,['CASA E CONFORTO'],CASA E CONFORTO
2409,5f2aaf089bdf0d14f2357066f139c2a4,['MODA E BELEZA'],MODA E BELEZA
2410,5f2b11a0394b442df7e5f4419d5f9f2c,['MODA E BELEZA'],MODA E BELEZA
2411,5f2f36a9d5be0e9e97a5b412f4519ba6,"['ELETRONICOS,INFORMATICA E AUDIO']","ELETRONICOS,INFORMATICA E AUDIO"
2412,5f321b4a49def66a561530fce7c03bab,['MOVEIS E ELETRODOMESTICOS'],MOVEIS E ELETRODOMESTICOS
2413,5f3cc66c9f5ac196a1f367c0fa52695f,['ALIMENTOS'],ALIMENTOS
2414,5f48e612805a732c3ebd58c26f2c06ad,"['LIVROS, MUSICA E PAPELARIA']","LIVROS, MUSICA E PAPELARIA"
2415,5f4c10d4bedd746cefe9291035d2f8a4,['FERRAMENTAS E CONSTRUCAO'],FERRAMENTAS E CONSTRUCAO
2416,5f5a937b8e63ac95df2db115354de971,"['ELETRONICOS,INFORMATICA E AUDIO']","ELETRONICOS,INFORMATICA E AUDIO"
2417,5f65d36eda0c674421f691f96da9fdad,['BRINQUEDOS E LAZER'],BRINQUEDOS E LAZER
2418,5f66067164a5ca7adf49a87bfe4cccc1,"['ELETRONICOS,INFORMATICA E AUDIO']","ELETRONICOS,INFORMATICA E AUDIO"
2419,5f79e2da24a52e76bc22897df03a7901,['CASA E CONFORTO'],CASA E CONFORTO
2420,5f862e4fe640e66110b40cced6911038,['CASA E CONFORTO'],CASA E CONFORTO
2421,5f896884b074055bd2e53b9f46fd3d42,['MOVEIS E ELETRODOMESTICOS'],MOVEIS E ELETRODOMESTICOS
2422,5f8f11858f0aa38dd3dac7d851aced95,"['ELETRONICOS,INFORMATICA E AUDIO']","ELETRONICOS,INFORMATICA E AUDIO"
2423,5f9bce13c005ed8b257d26c484455d58,['MODA E BELEZA'],MODA E BELEZA
2424,5f9c46986c8990debd941ac4f936e95d,['MOVEIS E ELETRODOMESTICOS'],MOVEIS E ELETRODOMESTICOS
2425,5fa0fac3ee78bb5d81f63f4e1b2f581e,['BEBES'],BEBES
2426,5fa2c99acd19b1724a6bbce82b7fa3c9,['FERRAMENTAS E CONSTRUCAO'],FERRAMENTAS E CONSTRUCAO
2427,5fa31572cddd9405f1eda482f8106353,['MOVEIS E ELETRODOMESTICOS'],MOVEIS E ELETRODOMESTICOS
2428,5faa7dafdf19e1e0e96dc20cff3a5f6b,['MODA E BELEZA'],MODA E BELEZA
2429,5fbaa35725c08e8527b1bcae123d2490,['BEBES'],BEBES
2430,5fc65d39393a0107a062195fdc96ad34,['MODA E BELEZA'],MODA E BELEZA
2431,5fd0b812a7ad786c02970c4223ef1dff,"['ELETRONICOS,INFORMATICA E AUDIO']","ELETRONICOS,INFORMATICA E AUDIO"
2432,5fd3e686087ab4cd93b354b63771d6aa,['FERRAMENTAS E CONSTRUCAO'],FERRAMENTAS E CONSTRUCAO
2433,5ff4c9b40ca89e41de1f71a26d088921,"['ELETRONICOS,INFORMATICA E AUDIO']","ELETRONICOS,INFORMATICA E AUDIO"
2434,5ff8bece1ba3adcb585b884358bb9917,['AUTOMOTIVO'],AUTOMOTIVO
2435,60064a8ef6cf5a49ed3b7edbc7fd9eb6,"['ELETRONICOS,INFORMATICA E AUDIO']","ELETRONICOS,INFORMATICA E AUDIO"
2436,6007f653ed368c140327fb6e59aa523c,['FERRAMENTAS E CONSTRUCAO'],FERRAMENTAS E CONSTRUCAO
2437,6029993caca02acb59d23ffc0f88604c,['AUTOMOTIVO'],AUTOMOTIVO
2438,60374093aa8d84de08b2c04a3eec89c4,['CASA E CONFORTO'],CASA E CONFORTO
2439,604d4cba9e93715603dd7bef8085766d,['BRINQUEDOS E LAZER'],BRINQUEDOS E LAZER
2440,604e352bcd3bb9d8932aebf18bc2891d,['CASA E CONFORTO'],CASA E CONFORTO
2441,604eadfa781354090d53180d97b11dca,['MODA E BELEZA'],MODA E BELEZA
2442,6054edadd122478439d42520ff966ebb,['MOVEIS E ELETRODOMESTICOS'],MOVEIS E ELETRODOMESTICOS
2443,60566939937556f587e9c32e761f794b,['MODA E BELEZA'],MODA E BELEZA
2444,605dd1e8229892fbac9c08a82693f888,['MODA E BELEZA'],MODA E BELEZA
2445,60648fdf5b85f552e8aed95a6173d6b6,['MODA E BELEZA'],MODA E BELEZA
2446,6066a9bffba977ef146cf6f56ce9bd5b,['AUTOMOTIVO'],AUTOMOTIVO
2447,606a4d197c2fcc7ea1b91a89c0843f1e,"['LIVROS, MUSICA E PAPELARIA']","LIVROS, MUSICA E PAPELARIA"
2448,60725ae38288a737c3c59e0c7f4dd430,['BRINQUEDOS E LAZER'],BRINQUEDOS E LAZER
2449,607a624a0fb32899edc4e3f9c9b24189,['BRINQUEDOS E LAZER'],BRINQUEDOS E LAZER
2450,607eee584aa2eb64b8e9464c5e590efc,['CASA E CONFORTO'],CASA E CONFORTO
2451,609d36dbce43c3ba5232f83d58381f00,['MOVEIS E ELETRODOMESTICOS'],MOVEIS E ELETRODOMESTICOS
2452,60a30f7ea15c14582856b8ae771be976,['MODA E BELEZA'],MODA E BELEZA
2453,60c16c9e17e36ec629293ce7daa6a9c9,['MOVEIS E ELETRODOMESTICOS'],MOVEIS E ELETRODOMESTICOS
2454,60e3a3852eb45dfe8e9cce6c97c1a1b1,['AUTOMOTIVO'],AUTOMOTIVO
2455,60e87cace48a50a9c3524841a75ec0dd,['BRINQUEDOS E LAZER'],BRINQUEDOS E LAZER
2456,60f16b97103e0807b8d60b9c76a95f5f,['MODA E BELEZA'],MODA E BELEZA
2457,60f57fe756bf90250589634133afea3a,"['ELETRONICOS,INFORMATICA E AUDIO']","ELETRONICOS,INFORMATICA E AUDIO"
2458,610b8837e9399ae8047a7050cedb03d1,"['ELETRONICOS,INFORMATICA E AUDIO']","ELETRONICOS,INFORMATICA E AUDIO"
2459,6120d49a9bec789c91d34b553c47573a,['CASA E CONFORTO'],CASA E CONFORTO
2460,6139a798f92b14ad667f3a8fb8f78c4c,['MODA E BELEZA'],MODA E BELEZA
2461,613f6fb8dd1aea00ffe5b742c0f6f95c,['CASA E CONFORTO'],CASA E CONFORTO
2462,6145ff8dca32adeb820e1405c8483bdf,['CASA E CONFORTO'],CASA E CONFORTO
2463,6149381a3f89663b98bdbf7728d37cce,['CASA E CONFORTO'],CASA E CONFORTO
2464,614990b55e705d163e360ad21ed63a30,"['ELETRONICOS,INFORMATICA E AUDIO']","ELETRONICOS,INFORMATICA E AUDIO"
2465,614c5cb06a982f6034ec63bb29030868,['MODA E BELEZA'],MODA E BELEZA
2466,615915458e5cdf8939ae422e043ca879,['ARTES E DECORACAO'],ARTES E DECORACAO
2467,615cf04f32d0e674e960edda73584d42,"['ELETRONICOS,INFORMATICA E AUDIO']","ELETRONICOS,INFORMATICA E AUDIO"
2468,616349dfee9e27679881b25bfc3af335,['MOVEIS E ELETRODOMESTICOS'],MOVEIS E ELETRODOMESTICOS
2469,61722dfb39136f50e4e0d9d150176532,['BEBES'],BEBES
2470,6173d2ac44ef11cfaa9b6cd2b26ba976,['CASA E CONFORTO'],CASA E CONFORTO
2471,618db255ea9978349362f2f0e3ec1aff,"['ELETRONICOS,INFORMATICA E AUDIO']","ELETRONICOS,INFORMATICA E AUDIO"
2472,6196411f3e5ffd34a1a630d44d8396f2,['MODA E BELEZA'],MODA E BELEZA
2473,61c0331f4a2916cc12ae6abe6f4caf41,['CASA E CONFORTO'],CASA E CONFORTO
2474,61c136fddac571834516a52d2e03458d,['CASA E CONFORTO'],CASA E CONFORTO
2475,61c1e3cb15d9537106e729de9d839b6b,"['ELETRONICOS,INFORMATICA E AUDIO']","ELETRONICOS,INFORMATICA E AUDIO"
2476,61cc521d6e411ba1d58a700c828665d6,['CASA E CONFORTO'],CASA E CONFORTO
2477,61d6fb5d839877cf9795ee80fd081935,['BRINQUEDOS E LAZER'],BRINQUEDOS E LAZER
2478,61d9fd654edc5f0ab50b65c6bceed004,['PET SHOP'],PET SHOP
2479,61e21e4b85fafad4710e3431429af0eb,['BRINQUEDOS E LAZER'],BRINQUEDOS E LAZER
2480,61eb36486085131ba4b25409a0366ef3,['BRINQUEDOS E LAZER'],BRINQUEDOS E LAZER
2481,61f38a1759e511f01330f4e69cfbad42,['BEBES'],BEBES
2482,61fcbde43b57103de5c19b26489b46f6,['MODA E BELEZA'],MODA E BELEZA
2483,62062ec33d328897b66c9b74d7401aae,['CASA E CONFORTO'],CASA E CONFORTO
2484,621de62735eae3ffa4affa5e73d860db,"['LIVROS, MUSICA E PAPELARIA']","LIVROS, MUSICA E PAPELARIA"
2485,621e3ac1e934f773b4db54dbaa49edab,"['ELETRONICOS,INFORMATICA E AUDIO']","ELETRONICOS,INFORMATICA E AUDIO"
2486,621f567448cbf2281b22381247c491ca,['BEBES'],BEBES
2487,6225c94031a1e372349fa17f1891317d,['MOVEIS E ELETRODOMESTICOS'],MOVEIS E ELETRODOMESTICOS
2488,6243a6ba7e6150edfa7227f96c72de74,"['ELETRONICOS,INFORMATICA E AUDIO']","ELETRONICOS,INFORMATICA E AUDIO"
2489,625f92d47eee6330318032089c61a90e,['BEBES'],BEBES
2490,626add0c9183e7802564bf732e183dd1,['ARTES E DECORACAO'],ARTES E DECORACAO
2491,626b7b0d7f30837e78fbb5068cc7b94b,['MODA E BELEZA'],MODA E BELEZA
2492,626cc7becd5dfa43b91c241e510efb4c,['MODA E BELEZA'],MODA E BELEZA
2493,6275954c6646fe2a6fcc3b1f7771de04,['FERRAMENTAS E CONSTRUCAO'],FERRAMENTAS E CONSTRUCAO
2494,62793c4368ddb047724a9edc96964287,"['LIVROS, MUSICA E PAPELARIA']","LIVROS, MUSICA E PAPELARIA"
2495,628111ec0fcace16f3112336b1138aef,['MODA E BELEZA'],MODA E BELEZA
2496,6282b84d6c369e1b6058285f860f4da4,['BRINQUEDOS E LAZER'],BRINQUEDOS E LAZER
2497,6283d2cb264f76928dffd1faf0f5ff33,['CASA E CONFORTO'],CASA E CONFORTO
2498,628430cb4db23766c1cc5c9d232cf985,"['ELETRONICOS,INFORMATICA E AUDIO']","ELETRONICOS,INFORMATICA E AUDIO"
2499,6288c084b4b8b9ed59cddc6793eba928,['MODA E BELEZA'],MODA E BELEZA
2500,62a303159c09b65c288433ea06a99600,['BRINQUEDOS E LAZER'],BRINQUEDOS E LAZER
2501,62b59d3fd880df7032e73ddb97f7f00f,['FERRAMENTAS E CONSTRUCAO'],FERRAMENTAS E CONSTRUCAO
2502,62b70e70c218b9d5a4d9b7ee14c286f3,['CASA E CONFORTO'],CASA E CONFORTO
2503,62ba0592ed1ceb90f1f417ef4c3be1d2,['ARTES E DECORACAO'],ARTES E DECORACAO
2504,62bd1bdb09eaee292d99c84bb06ad4af,['CASA E CONFORTO'],CASA E CONFORTO
2505,62bffd187fdcb56c61d7980953e3ceb7,['BEBES'],BEBES
2506,62ce1c9906369b2f38a1d3fb4472c306,['MODA E BELEZA'],MODA E BELEZA
2507,62dfd92a1007e2ed2fa4403fef1363ba,['MODA E BELEZA'],MODA E BELEZA
2508,62e724c4929b9543648a7443b0cecb74,"['ELETRONICOS,INFORMATICA E AUDIO']","ELETRONICOS,INFORMATICA E AUDIO"
2509,62e9c99570efe4131bd3b6676a4fcd00,"['ELETRONICOS,INFORMATICA E AUDIO']","ELETRONICOS,INFORMATICA E AUDIO"
2510,62f22bb8b5c6a5beabbbe1582f4b2dfe,['BRINQUEDOS E LAZER'],BRINQUEDOS E LAZER
2511,62fd709303ada1fdabb94af48092000b,['CASA E CONFORTO'],CASA E CONFORTO
2512,62fe4763f75b8c61cc111e465211c08c,['MODA E BELEZA'],MODA E BELEZA
2513,630740e03f6373612399c5e8cca3c3c3,['BRINQUEDOS E LAZER'],BRINQUEDOS E LAZER
2514,6311e2bf4ff2a50d88a27f8178ed0282,['ARTES E DECORACAO'],ARTES E DECORACAO
2515,6325af88a0611fc357055cb87dcec11e,"['ELETRONICOS,INFORMATICA E AUDIO']","ELETRONICOS,INFORMATICA E AUDIO"
2516,63292a534f138991d0d55e67f7caa9bf,['CASA E CONFORTO'],CASA E CONFORTO
2517,632d5f1544d56eb72ec8566d324f4d06,"['ELETRONICOS,INFORMATICA E AUDIO']","ELETRONICOS,INFORMATICA E AUDIO"
2518,633911754e7d587f10d189b10572c0ae,['MODA E BELEZA'],MODA E BELEZA
2519,633f4fc75774571fccaef584dfce5a7b,['FERRAMENTAS E CONSTRUCAO'],FERRAMENTAS E CONSTRUCAO
2520,634b12cc99145e1398b5f8fc1321c058,['CASA E CONFORTO'],CASA E CONFORTO
2521,6366ce592c90a36450778259cb163cc5,"['ELETRONICOS,INFORMATICA E AUDIO']","ELETRONICOS,INFORMATICA E AUDIO"
2522,6370f4288632ef7c6da3672d12f5ba40,['MODA E BELEZA'],MODA E BELEZA
2523,6376db8b01455ca1b4a1c3d89ad69316,['AUTOMOTIVO'],AUTOMOTIVO
2524,63b560062bb9ccde4a2b9e9d26b39486,['MODA E BELEZA'],MODA E BELEZA
2525,63b5c97d11e1acb173143262a082abea,['MODA E BELEZA'],MODA E BELEZA
2526,63b6bb683b45ebaf42d0979fae65ad35,['MODA E BELEZA'],MODA E BELEZA
2527,63be17dc5497f1941b4d15f7be530387,['BRINQUEDOS E LAZER'],BRINQUEDOS E LAZER
2528,63cd6c93d785b3b54d7955bc5fd74c3d,['MOVEIS E ELETRODOMESTICOS'],MOVEIS E ELETRODOMESTICOS
2529,63d38b040204b98309d72e69123de250,"['ELETRONICOS,INFORMATICA E AUDIO']","ELETRONICOS,INFORMATICA E AUDIO"
2530,63d6a91d52c3051f930506eccaf995ad,['BRINQUEDOS E LAZER'],BRINQUEDOS E LAZER
2531,63e614097c434569e45f77e68b55f48f,['BRINQUEDOS E LAZER'],BRINQUEDOS E LAZER
2532,63f8151f2afc1d5465d47f4c00c029ae,['MODA E BELEZA'],MODA E BELEZA
2533,63fc384c8e172e856d4cde83ce2a5234,['CASA E CONFORTO'],CASA E CONFORTO
2534,63fd40b25ac9dbeea8ec6b26558a1add,['MOVEIS E ELETRODOMESTICOS'],MOVEIS E ELETRODOMESTICOS
2535,6401cfe160d72392195bd6e311a582cd,['MOVEIS E ELETRODOMESTICOS'],MOVEIS E ELETRODOMESTICOS
2536,641682198a3f69b843b8d88fd145b8de,['MODA E BELEZA'],MODA E BELEZA
2537,64397bf4c493c0fa84f413977e87da93,['CASA E CONFORTO'],CASA E CONFORTO
2538,643e340c6c562d108526c36d5a94c027,['BRINQUEDOS E LAZER'],BRINQUEDOS E LAZER
2539,64430a4baf15618795b4b390b9d2a288,['CASA E CONFORTO'],CASA E CONFORTO
2540,64439b9234594e291aa9a30c226f257e,['BRINQUEDOS E LAZER'],BRINQUEDOS E LAZER
2541,64564c30af3f52390a890a66ec0e7a45,['BRINQUEDOS E LAZER'],BRINQUEDOS E LAZER
2542,645a389e60ffe5af0bdc4800a14c36e2,['FERRAMENTAS E CONSTRUCAO'],FERRAMENTAS E CONSTRUCAO
2543,64600db8a4995fc16ae799da1eace4be,['CASA E CONFORTO'],CASA E CONFORTO
2544,646484e2931fb5d965e847f865fbc26a,"['LIVROS, MUSICA E PAPELARIA']","LIVROS, MUSICA E PAPELARIA"
2545,64669840d01cf19228dbb0bcecfc638e,['MODA E BELEZA'],MODA E BELEZA
2546,646a1b93987d2552d842a2f34db266fd,['MODA E BELEZA'],MODA E BELEZA
2547,64958fed45ad3cd3b84be03fd9ac01cd,['AUTOMOTIVO'],AUTOMOTIVO
2548,6496123f97cc047a754312e1de27f81f,['CASA E CONFORTO'],CASA E CONFORTO
2549,6498d67586b0908cad595ae0c3638205,"['LIVROS, MUSICA E PAPELARIA']","LIVROS, MUSICA E PAPELARIA"
2550,649a327bed5a2799967cb9c666ff06c1,['MODA E BELEZA'],MODA E BELEZA
2551,649b01370e30b79f0df619bf8ebc9201,['MODA E BELEZA'],MODA E BELEZA
2552,64ae8cf0e642cc174881a66391200acc,['MODA E BELEZA'],MODA E BELEZA
2553,64aea51c84f7779855364184e8ce95f1,['MOVEIS E ELETRODOMESTICOS'],MOVEIS E ELETRODOMESTICOS
2554,64b5f5bed476f1c9f84b2fddb945ca48,['MODA E BELEZA'],MODA E BELEZA
2555,64bd3c2db3673ba37030ccfcbfce8fe3,['CASA E CONFORTO'],CASA E CONFORTO
2556,64bf74354f2ce35678e99356584d3a2f,"['LIVROS, MUSICA E PAPELARIA']","LIVROS, MUSICA E PAPELARIA"
2557,64c62ba0c1c347994fbc56da00ce2dae,['CASA E CONFORTO' 'MOVEIS E ELETRODOMESTICOS'],Misto
2558,64d23ea3d34bfe1b619e41c2ffef4803,['CASA E CONFORTO'],CASA E CONFORTO
2559,64d6282bba1a1c015acbdcacca391253,['CASA E CONFORTO'],CASA E CONFORTO
2560,64e0ed97e04ee5c08429934ecab18de9,['FERRAMENTAS E CONSTRUCAO'],FERRAMENTAS E CONSTRUCAO
2561,64e3321a3a685e5fc72f768029201519,"['ELETRONICOS,INFORMATICA E AUDIO']","ELETRONICOS,INFORMATICA E AUDIO"
2562,64e7e99b049c3cdd89c7fa89dc162154,['MODA E BELEZA'],MODA E BELEZA
2563,64ea4c51ad1203229ba011693f35da54,"['ELETRONICOS,INFORMATICA E AUDIO']","ELETRONICOS,INFORMATICA E AUDIO"
2564,64ed08a8d552c869c508c5fb48663ece,['MODA E BELEZA'],MODA E BELEZA
2565,64fee01b4774a493de37aafa79a3d434,['CASA E CONFORTO'],CASA E CONFORTO
2566,64ffd968be8339d1911ef7957f314421,['MODA E BELEZA'],MODA E BELEZA
2567,650f5af6e97eb26968ad6397615c3b7d,['AUTOMOTIVO'],AUTOMOTIVO
2568,650f8b4597bac2e03e644e6e6d2a1122,['CASA E CONFORTO'],CASA E CONFORTO
2569,65109cdae10193f20ee3c0f717cb349a,['SERVIÇOS'],SERVIÇOS
2570,651d23074e72bafaefb84f47ace1b9fb,['BRINQUEDOS E LAZER'],BRINQUEDOS E LAZER
2571,6533c16ee10d26ec8e66602b6537496b,['BRINQUEDOS E LAZER'],BRINQUEDOS E LAZER
2572,653a2ccc6028ee6e10f893c52c4201d0,"['ELETRONICOS,INFORMATICA E AUDIO']","ELETRONICOS,INFORMATICA E AUDIO"
2573,6552ae78f1de31bcde1fc2cfcab0d25d,['MODA E BELEZA'],MODA E BELEZA
2574,6561717586fb2d3ae85fce2964f600e1,['BEBES'],BEBES
2575,656ab6b8b05ce120b2411c530bd2d446,['CASA E CONFORTO'],CASA E CONFORTO
2576,656deadecd45f4e75686a2ae1adaaac5,['BRINQUEDOS E LAZER'],BRINQUEDOS E LAZER
2577,65728b4e76bd429d053d9577654076da,['CASA E CONFORTO'],CASA E CONFORTO
2578,657f263221ced6c31242141877e13f66,['ARTES E DECORACAO'],ARTES E DECORACAO
2579,6581c3a6471126317f93733a373b0eaf,['MOVEIS E ELETRODOMESTICOS'],MOVEIS E ELETRODOMESTICOS
2580,65aafdaa712c5cbf87a06041a8606907,['BEBES'],BEBES
2581,65b923f47b964f5e6be363f33a1cd0ed,['FERRAMENTAS E CONSTRUCAO'],FERRAMENTAS E CONSTRUCAO
2582,65c863d90026e9dd4888e28d2135c983,['FERRAMENTAS E CONSTRUCAO'],FERRAMENTAS E CONSTRUCAO
2583,65c96731ae030b052acda14e142e2a3f,['BRINQUEDOS E LAZER'],BRINQUEDOS E LAZER
2584,65cf674e5955bda301bb6619ddc9d7bd,['ARTES E DECORACAO'],ARTES E DECORACAO
2585,65d5ab70320210b215c305db9ff2f1c8,"['LIVROS, MUSICA E PAPELARIA']","LIVROS, MUSICA E PAPELARIA"
2586,65e0e5b714d6228729c256106d12abd4,['CASA E CONFORTO'],CASA E CONFORTO
2587,65f6a8dfb1cacec52fa3c48df189b80d,['MOVEIS E ELETRODOMESTICOS'],MOVEIS E ELETRODOMESTICOS
2588,66057d37308e787052a32828cd007e58,"['ELETRONICOS,INFORMATICA E AUDIO']","ELETRONICOS,INFORMATICA E AUDIO"
2589,661ab45d56f3c1ea4a2798d03710e3c4,['MODA E BELEZA'],MODA E BELEZA
2590,661e77bbf3e487db278f9fdef584550b,['MOVEIS E ELETRODOMESTICOS'],MOVEIS E ELETRODOMESTICOS
2591,6621d32aa07764fa7759c523c9001bb2,['MODA E BELEZA'],MODA E BELEZA
2592,6638eba9b5e3a5a8342e07e8f2d32637,['MODA E BELEZA'],MODA E BELEZA
2593,663d6f01237b7d9d1257bd3ce460af4b,['MOVEIS E ELETRODOMESTICOS'],MOVEIS E ELETRODOMESTICOS
2594,663f5bad78ee236c44c5f31fc8c280cd,['AUTOMOTIVO'],AUTOMOTIVO
2595,664141bb6dcd20117425954f2bae35ca,['MODA E BELEZA'],MODA E BELEZA
2596,665d84d48d4c7c497117465e6f02f92f,['MOVEIS E ELETRODOMESTICOS'],MOVEIS E ELETRODOMESTICOS
2597,665f8239a02c9cc0b3ea7ad51278f05e,['MODA E BELEZA'],MODA E BELEZA
2598,66684ab29bf699746bbe69ca21dcedf5,['BRINQUEDOS E LAZER'],BRINQUEDOS E LAZER
2599,666e488ce51569ca13755283bce0e7f0,['CASA E CONFORTO'],CASA E CONFORTO
2600,667193ac90447ff11c01fa504f18a4b1,['MOVEIS E ELETRODOMESTICOS'],MOVEIS E ELETRODOMESTICOS
2601,6674020dce60ac29b7de0ffa6d2c34e6,['MOVEIS E ELETRODOMESTICOS'],MOVEIS E ELETRODOMESTICOS
2602,667e11eca18e4b0a93611781f8b18302,['CASA E CONFORTO'],CASA E CONFORTO
2603,66866953330f81976a2adcd51f603560,['MODA E BELEZA'],MODA E BELEZA
2604,6694b68ebe1f4dff3b22fbbfff33d80a,['BEBES'],BEBES
2605,66ad5fe73a0c03a1d689ebd75dd74ebd,['MODA E BELEZA'],MODA E BELEZA
2606,66b2aa2de6027471ff9406d7667fa94a,['MOVEIS E ELETRODOMESTICOS'],MOVEIS E ELETRODOMESTICOS
2607,66bc1623ea6b06835dc37b5ec1c95a75,"['LIVROS, MUSICA E PAPELARIA']","LIVROS, MUSICA E PAPELARIA"
2608,66bc614bb924869b79b65d7f8077a385,['MODA E BELEZA'],MODA E BELEZA
2609,66bd5293331e02863f2054bf659ed2be,['SERVIÇOS'],SERVIÇOS
2610,66d8a3a22419ac03fa5c0219f3db61a0,['CASA E CONFORTO'],CASA E CONFORTO
2611,66e4624ae69e7dc89bd50222b59f581f,"['ELETRONICOS,INFORMATICA E AUDIO']","ELETRONICOS,INFORMATICA E AUDIO"
2612,66e7b21711a5ac0d6b6a5f60e4c79a75,"['ELETRONICOS,INFORMATICA E AUDIO']","ELETRONICOS,INFORMATICA E AUDIO"
2613,66f3359b47e8264aac9b1ab1f7bec4d3,['ARTES E DECORACAO'],ARTES E DECORACAO
2614,66fda4a54fb43b9ec8ef4e032eaa7e54,['BRINQUEDOS E LAZER'],BRINQUEDOS E LAZER
2615,670c2c5576afd689e7694569bd7a16fc,['AUTOMOTIVO'],AUTOMOTIVO
2616,67204cd665c7418b36623b21584dc92c,"['LIVROS, MUSICA E PAPELARIA']","LIVROS, MUSICA E PAPELARIA"
2617,6720f247b0f2c3d495cc9da6001abdd7,['CASA E CONFORTO'],CASA E CONFORTO
2618,672171439e56578d2c9370fe77345a50,['AUTOMOTIVO'],AUTOMOTIVO
2619,67228d3b35b57e5bf9c1437f95652f2c,['FERRAMENTAS E CONSTRUCAO'],FERRAMENTAS E CONSTRUCAO
2620,67228f8fd24ee1eaa3f42b406c2339e7,['CASA E CONFORTO'],CASA E CONFORTO
2621,674e1f5ca0441058cc7fa110cb4f49eb,['CASA E CONFORTO'],CASA E CONFORTO
2622,67519e1fe10bb3e4a5b416a24f846f8e,['BEBES'],BEBES
2623,6779036ed0ba358b53a569a733f3e408,['MOVEIS E ELETRODOMESTICOS'],MOVEIS E ELETRODOMESTICOS
2624,678ec27e8a4c8d92384bd0834f21b308,['CASA E CONFORTO'],CASA E CONFORTO
2625,67a41e5f40c8ee15e8d00b64b363dfd0,['MODA E BELEZA'],MODA E BELEZA
2626,67b161a02da45b7148b386cd8e8a668f,['BRINQUEDOS E LAZER'],BRINQUEDOS E LAZER
2627,67b5c82e01dc9ea4d82fbd3d51e41bae,['MOVEIS E ELETRODOMESTICOS'],MOVEIS E ELETRODOMESTICOS
2628,67bc13a75930f4cf503a251f12328045,['BRINQUEDOS E LAZER'],BRINQUEDOS E LAZER
2629,67bc7ff7cf5396dc164d5d3c3d251760,['MODA E BELEZA'],MODA E BELEZA
2630,67c03c278fad216ed9ab5573e8cc551e,['CASA E CONFORTO'],CASA E CONFORTO
2631,67c78c07a98cbe27b5acebd87a164192,['CASA E CONFORTO'],CASA E CONFORTO
2632,67ca959c49356f3b0b6ec2b340cabccf,"['ELETRONICOS,INFORMATICA E AUDIO']","ELETRONICOS,INFORMATICA E AUDIO"
2633,67df019d84e04f3b626f8ede2dce4517,['CASA E CONFORTO'],CASA E CONFORTO
2634,67e9625c39f8c6e529f81ad4c28acc5e,['AUTOMOTIVO'],AUTOMOTIVO
2635,67ec1ff2fc90decdce72e2299a384ee1,['BEBES'],BEBES
2636,6814dd9f19453f44a2e1bdd19b963708,"['ELETRONICOS,INFORMATICA E AUDIO']","ELETRONICOS,INFORMATICA E AUDIO"
2637,681b8fe190dea1a0fcb73637796862c5,['CASA E CONFORTO'],CASA E CONFORTO
2638,68233f255c4f267082b2fc19f6449977,"['ELETRONICOS,INFORMATICA E AUDIO']","ELETRONICOS,INFORMATICA E AUDIO"
2639,68517b95130ed0ea1dbcc575b88d6a9c,['CASA E CONFORTO'],CASA E CONFORTO
2640,68536e12a3cd7f62b4a5946d541ff083,"['ELETRONICOS,INFORMATICA E AUDIO']","ELETRONICOS,INFORMATICA E AUDIO"
2641,6854558dc4979ad704ccd9ff6a90e628,"['ELETRONICOS,INFORMATICA E AUDIO']","ELETRONICOS,INFORMATICA E AUDIO"
2642,68619ce8e1d093c01359eb9d2dd22120,"['ELETRONICOS,INFORMATICA E AUDIO']","ELETRONICOS,INFORMATICA E AUDIO"
2643,686809116cd16f0b805804aefb0102a4,['CASA E CONFORTO'],CASA E CONFORTO
2644,686fb1c21e29924074b592b5c2ebf96b,"['ELETRONICOS,INFORMATICA E AUDIO']","ELETRONICOS,INFORMATICA E AUDIO"
2645,6887345eddee5fcf98e3f730b4db9c47,['CASA E CONFORTO'],CASA E CONFORTO
2646,688e9b5d6542594aa59ed0fad8be557f,['MOVEIS E ELETRODOMESTICOS'],MOVEIS E ELETRODOMESTICOS
2647,688fb7e7c929bfa4711317fb51d8820c,"['ELETRONICOS,INFORMATICA E AUDIO']","ELETRONICOS,INFORMATICA E AUDIO"
2648,6895a2cb864a4bdb6ae98c2328666108,['BEBES'],BEBES
2649,68a08e0bf6b9dd35f0bb977acd0f1358,['BRINQUEDOS E LAZER'],BRINQUEDOS E LAZER
2650,68a78b552ddca86cb9bb2725c390b28c,['MODA E BELEZA'],MODA E BELEZA
2651,68abcdb32d1d556523e070ecf312b7d4,['AUTOMOTIVO'],AUTOMOTIVO
2652,68bdebfec71378badc0a09b44e8344cd,['CASA E CONFORTO'],CASA E CONFORTO
2653,68c76c01adcebe5c1bd51c0aa817bb76,"['ELETRONICOS,INFORMATICA E AUDIO']","ELETRONICOS,INFORMATICA E AUDIO"
2654,68cf1c197f0444a28730011879182f7a,['CASA E CONFORTO'],CASA E CONFORTO
2655,68e55ca79d04a79f20d4bfc0146f4b66,['MODA E BELEZA'],MODA E BELEZA
2656,68f730bca7855a941b075dfde3e84ab9,['FERRAMENTAS E CONSTRUCAO'],FERRAMENTAS E CONSTRUCAO
2657,690199d6a2c51ff57c6b392d7680cbfd,['MODA E BELEZA'],MODA E BELEZA
2658,6902f0d9d7309f56f50b8713c3b6a4de,['ALIMENTOS'],ALIMENTOS
2659,6925362849d6fe4c2f5ffe3845b09b98,['MODA E BELEZA'],MODA E BELEZA
2660,692e004e31546b86abbd93c0661bfb67,['MODA E BELEZA'],MODA E BELEZA
2661,6936f7b18afc012d79d4f8ad93db7903,"['ELETRONICOS,INFORMATICA E AUDIO']","ELETRONICOS,INFORMATICA E AUDIO"
2662,6937859dba684e88640f04b2fd471d7c,['CASA E CONFORTO'],CASA E CONFORTO
2663,69379af9891c9ba98d3262eb100ea809,['MODA E BELEZA'],MODA E BELEZA
2664,6939929750f1b79c68d653a9402d14a3,"['LIVROS, MUSICA E PAPELARIA']","LIVROS, MUSICA E PAPELARIA"
2665,694197f98148ec200eaeea667995bb35,"['ELETRONICOS,INFORMATICA E AUDIO']","ELETRONICOS,INFORMATICA E AUDIO"
2666,6942ea6db4b222852aa2e7efcf95bc06,['BRINQUEDOS E LAZER'],BRINQUEDOS E LAZER
2667,6954f8261ff8147d4f4570c7d65990bd,['CASA E CONFORTO'],CASA E CONFORTO
2668,695eed4f6656d10f32a49760523169de,['MOVEIS E ELETRODOMESTICOS'],MOVEIS E ELETRODOMESTICOS
2669,6966b21d5a0ca10f795dc14508c1b7bf,"['ELETRONICOS,INFORMATICA E AUDIO']","ELETRONICOS,INFORMATICA E AUDIO"
2670,69697763300040978b1c88f1bb60ad24,"['ELETRONICOS,INFORMATICA E AUDIO']","ELETRONICOS,INFORMATICA E AUDIO"
2671,69741f6be661e32356395ea391cdca5d,['MODA E BELEZA'],MODA E BELEZA
2672,69796e4e03edbf9c0f49c76d4ebadb77,"['ELETRONICOS,INFORMATICA E AUDIO']","ELETRONICOS,INFORMATICA E AUDIO"
2673,698b8ecdaf8c15fe44343352cff74210,['MODA E BELEZA'],MODA E BELEZA
2674,69a4d311a122356e1eadee79beca43e0,['ARTES E DECORACAO'],ARTES E DECORACAO
2675,69a94e2d31f0198e63979f367def14a4,['MODA E BELEZA'],MODA E BELEZA
2676,69aa7c6140efd63150254b0fb1340fc9,"['ELETRONICOS,INFORMATICA E AUDIO']","ELETRONICOS,INFORMATICA E AUDIO"
2677,69ab938f05d407e090b2620357ad4103,['BEBES'],BEBES
2678,69b018bee00243bd10c2f8634e068f78,['AUTOMOTIVO'],AUTOMOTIVO
2679,69c7a1e070c1759e15f7a5fd24c36e5b,['BRINQUEDOS E LAZER'],BRINQUEDOS E LAZER
2680,69d4b792fad7f4acff2e38e426f5e3ea,['MODA E BELEZA'],MODA E BELEZA
2681,69d7b0fd0e1539d95821f334b42cdfe7,"['ELETRONICOS,INFORMATICA E AUDIO']","ELETRONICOS,INFORMATICA E AUDIO"
2682,69f2cc4a16bc2b523813a8ceaef17891,"['ELETRONICOS,INFORMATICA E AUDIO']","ELETRONICOS,INFORMATICA E AUDIO"
2683,69f7357c456d8072ad6671becb0f55a5,"['LIVROS, MUSICA E PAPELARIA']","LIVROS, MUSICA E PAPELARIA"
2684,69fe57ea54b1926c309bb133b16f9501,['CASA E CONFORTO'],CASA E CONFORTO
2685,6a022aedc6fb8597eddd4b1ed70d14f7,['AUTOMOTIVO'],AUTOMOTIVO
2686,6a03d0d3197b58dac687046338e114db,['FERRAMENTAS E CONSTRUCAO'],FERRAMENTAS E CONSTRUCAO
2687,6a07231081720ded5c208be252bdc004,['ARTES E DECORACAO'],ARTES E DECORACAO
2688,6a0a8bfbbe700284feb0845d95e0867f,['MOVEIS E ELETRODOMESTICOS'],MOVEIS E ELETRODOMESTICOS
2689,6a0ac163171ef70a5386eae45e6a799e,['MODA E BELEZA'],MODA E BELEZA
2690,6a13517381ec12deba06f6a117428702,['BRINQUEDOS E LAZER'],BRINQUEDOS E LAZER
2691,6a23f8ca5022ad529871bbb66776be73,['MOVEIS E ELETRODOMESTICOS'],MOVEIS E ELETRODOMESTICOS
2692,6a2726fdb7d200560870b229000f73db,['MOVEIS E ELETRODOMESTICOS'],MOVEIS E ELETRODOMESTICOS
2693,6a2c6de79569cdd1082c827a4684ffa8,"['ELETRONICOS,INFORMATICA E AUDIO']","ELETRONICOS,INFORMATICA E AUDIO"
2694,6a3c03b4d8dd9b6cf04b7c09c5cf6627,['PET SHOP'],PET SHOP
2695,6a43d3b2cbb42f4e417faa5566a65469,['CASA E CONFORTO'],CASA E CONFORTO
2696,6a5771a7c4b156a321263b020bd7e3f2,"['ELETRONICOS,INFORMATICA E AUDIO']","ELETRONICOS,INFORMATICA E AUDIO"
2697,6a5a302850fcda00dc96d742bcb810f2,['ALIMENTOS'],ALIMENTOS
2698,6a729d9b8d092428e08072ed4eff6899,['BRINQUEDOS E LAZER'],BRINQUEDOS E LAZER
2699,6a7a2caec1c515a203d22bfdd390da63,"['ELETRONICOS,INFORMATICA E AUDIO']","ELETRONICOS,INFORMATICA E AUDIO"
2700,6a8068cb2233e4e303e48efa7628d7ce,"['ELETRONICOS,INFORMATICA E AUDIO']","ELETRONICOS,INFORMATICA E AUDIO"
2701,6a8074244958b34abe3e949b948bb9f9,['MOVEIS E ELETRODOMESTICOS'],MOVEIS E ELETRODOMESTICOS
2702,6a83e5c040d9fc9d14c1035925ecee1f,['BEBES'],BEBES
2703,6a8e811c00442dbe2725f7a4edefd6c9,['BRINQUEDOS E LAZER'],BRINQUEDOS E LAZER
2704,6a9a4c2b15294a31288a5fabc2427807,['FERRAMENTAS E CONSTRUCAO'],FERRAMENTAS E CONSTRUCAO
2705,6a9bf0121b718a84449bc75bb129ed6c,['MOVEIS E ELETRODOMESTICOS'],MOVEIS E ELETRODOMESTICOS
2706,6a9c9e93c5bcd0e6b308ce42094a569f,['BRINQUEDOS E LAZER'],BRINQUEDOS E LAZER
2707,6aa2fc0ec99ae145158d9f9f790ada82,['BRINQUEDOS E LAZER'],BRINQUEDOS E LAZER
2708,6abfbfca6fe988d700c523b016c31838,['FERRAMENTAS E CONSTRUCAO'],FERRAMENTAS E CONSTRUCAO
2709,6ac28bc08c8053bb1c00241b19daea2b,['BRINQUEDOS E LAZER'],BRINQUEDOS E LAZER
2710,6ad40910813e5836d9698b103b222e65,['BRINQUEDOS E LAZER'],BRINQUEDOS E LAZER
2711,6ae532533e1496cc176aa74fee5aa9bf,['MODA E BELEZA'],MODA E BELEZA
2712,6afcda277482fc479e9abc6f6bbdd355,['MOVEIS E ELETRODOMESTICOS'],MOVEIS E ELETRODOMESTICOS
2713,6b08ff5328e55bd0396c0ffb9df586ca,"['LIVROS, MUSICA E PAPELARIA']","LIVROS, MUSICA E PAPELARIA"
2714,6b1506319e933481532aba2b6de29d12,['MODA E BELEZA'],MODA E BELEZA
2715,6b1e15c6a0e45c136eb1b2474ca126e9,['CASA E CONFORTO'],CASA E CONFORTO
2716,6b20cc3647e96150f914350d12208e9d,['MOVEIS E ELETRODOMESTICOS'],MOVEIS E ELETRODOMESTICOS
2717,6b2b0edb95053b55efeb09177b6510c3,['BRINQUEDOS E LAZER'],BRINQUEDOS E LAZER
2718,6b5c5552303cda9591b62780e16f6cbf,['BRINQUEDOS E LAZER'],BRINQUEDOS E LAZER
2719,6b6291ce14ed6c6cd2df883635e6c704,['MOVEIS E ELETRODOMESTICOS'],MOVEIS E ELETRODOMESTICOS
2720,6b63433212c602eeba6a683bdc5e6b4b,['MOVEIS E ELETRODOMESTICOS'],MOVEIS E ELETRODOMESTICOS
2721,6b8986012d61963295ffa3ea869aff86,['CASA E CONFORTO'],CASA E CONFORTO
2722,6b99ff92735c747557e84a5f5cd7a560,['CASA E CONFORTO'],CASA E CONFORTO
2723,6bc3888289830fea0d2ed7c54501fbea,['MODA E BELEZA'],MODA E BELEZA
2724,6bc3c767bc73e1e4e1ba0670c3d90397,['AUTOMOTIVO'],AUTOMOTIVO
2725,6bdd13c1e2758ecdfa89cf84fef532bd,['CASA E CONFORTO'],CASA E CONFORTO
2726,6be743a80035d24c59907106942ee7f5,['BRINQUEDOS E LAZER'],BRINQUEDOS E LAZER
2727,6be7ed9af3a3acaea3b1385c7bb83221,"['ELETRONICOS,INFORMATICA E AUDIO']","ELETRONICOS,INFORMATICA E AUDIO"
2728,6bf14ce96e0c6026fe21f80a498bb446,['AUTOMOTIVO'],AUTOMOTIVO
2729,6c04e18419b0d30c6ba8401b3edd95a3,['CASA E CONFORTO'],CASA E CONFORTO
2730,6c1798a95735e69db81fe92f8c40bdb4,['MOVEIS E ELETRODOMESTICOS'],MOVEIS E ELETRODOMESTICOS
2731,6c187a778a170f2bc6beac3979e3a81c,['MODA E BELEZA'],MODA E BELEZA
2732,6c1d10d32b895709c06d162678e6bac6,['MODA E BELEZA'],MODA E BELEZA
2733,6c2208178d59f2c0518261028373f5fd,['FERRAMENTAS E CONSTRUCAO'],FERRAMENTAS E CONSTRUCAO
2734,6c2af5efcf8e3d632c9b27ea8b422d2f,['MODA E BELEZA'],MODA E BELEZA
2735,6c2d7d5f598317a20719a7e5f5487ece,['MODA E BELEZA'],MODA E BELEZA
2736,6c2df403c867a6aa913b387d92999d43,"['ELETRONICOS,INFORMATICA E AUDIO']","ELETRONICOS,INFORMATICA E AUDIO"
2737,6c34149971656b37763f96b5827de8dd,['MOVEIS E ELETRODOMESTICOS'],MOVEIS E ELETRODOMESTICOS
2738,6c353b764e0d5e28cb2852e8e8603def,['MODA E BELEZA'],MODA E BELEZA
2739,6c42561edb555b388b19e7bd2abb27b5,['AUTOMOTIVO'],AUTOMOTIVO
2740,6c5139dc6f51884e3aef7c8359d820c5,"['ELETRONICOS,INFORMATICA E AUDIO']","ELETRONICOS,INFORMATICA E AUDIO"
2741,6c5560ced6024f245a79e10108dee769,['PET SHOP'],PET SHOP
2742,6c5d1e03493316b72304f07834a03325,['FERRAMENTAS E CONSTRUCAO'],FERRAMENTAS E CONSTRUCAO
2743,6c5d2796918878bf21ba842f8df0b57a,['CASA E CONFORTO'],CASA E CONFORTO
2744,6c5df19e668b79ccf854d8fd72a105ae,['MODA E BELEZA'],MODA E BELEZA
2745,6c5eb0920626d3ff5588d03d6f2d4936,['MOVEIS E ELETRODOMESTICOS'],MOVEIS E ELETRODOMESTICOS
2746,6c60fad7f5361149be76272428814d7e,['BRINQUEDOS E LAZER'],BRINQUEDOS E LAZER
2747,6c636e8cee90bf0aac0ec71c90f873e3,['ALIMENTOS'],ALIMENTOS
2748,6c690f3acecd6d2c000b1a67a1a699c3,['AUTOMOTIVO'],AUTOMOTIVO
2749,6c6dad92bd68fb80a8f11e4befd41d36,['AUTOMOTIVO'],AUTOMOTIVO
2750,6c6f13dc40d95be45c76aad771245a15,['MOVEIS E ELETRODOMESTICOS'],MOVEIS E ELETRODOMESTICOS
2751,6c6fb863836061fb0284ba91069f6200,['CASA E CONFORTO'],CASA E CONFORTO
2752,6c7378154382f7378b82fa860f68c758,"['LIVROS, MUSICA E PAPELARIA']","LIVROS, MUSICA E PAPELARIA"
2753,6c895a26a7b113a890c888e46f106907,['BEBES'],BEBES
2754,6cbad422849c13ec8f4517ee01a6c02b,['MOVEIS E ELETRODOMESTICOS'],MOVEIS E ELETRODOMESTICOS
2755,6cbe4707ae0b201a8d5a8b16dea28800,"['ELETRONICOS,INFORMATICA E AUDIO']","ELETRONICOS,INFORMATICA E AUDIO"
2756,6cd6b68f7a9798a25f718d069608419f,['BEBES'],BEBES
2757,6cedba94f8e590847115a3beec40a4a9,['MODA E BELEZA'],MODA E BELEZA
2758,6cf9278559172d523d1fbcf08988418c,['CASA E CONFORTO'],CASA E CONFORTO
2759,6cfe2a252e18997b4a5b5a0a612e7a0d,['MOVEIS E ELETRODOMESTICOS'],MOVEIS E ELETRODOMESTICOS
2760,6d03ab0713a35b9475f6c5ed0d989976,"['LIVROS, MUSICA E PAPELARIA']","LIVROS, MUSICA E PAPELARIA"
2761,6d05d2deb6a51438e65741cc19d715d8,['ARTES E DECORACAO'],ARTES E DECORACAO
2762,6d0940a8f5fba47562bb14cd97dfd6da,['MOVEIS E ELETRODOMESTICOS'],MOVEIS E ELETRODOMESTICOS
2763,6d1143ee8f5c735af54e03b051445d38,['CASA E CONFORTO'],CASA E CONFORTO
2764,6d23c62a64505799abe7e3195e81aa73,['BEBES'],BEBES
2765,6d324f7246184ff9ac91728e4ade6ec1,['CASA E CONFORTO'],CASA E CONFORTO
2766,6d335a14529f4ffa4219793d5b5a9772,"['ELETRONICOS,INFORMATICA E AUDIO']","ELETRONICOS,INFORMATICA E AUDIO"
2767,6d33da353d1319cf0f6c982b71edf354,['MODA E BELEZA'],MODA E BELEZA
2768,6d46be495109b4798339bb7ac0bfaa9e,['MODA E BELEZA'],MODA E BELEZA
2769,6d47b47d25de405d24f3f4c9378e09e1,['ARTES E DECORACAO'],ARTES E DECORACAO
2770,6d4dd79bee1e2a93f09c9501c2ff87e7,['CASA E CONFORTO'],CASA E CONFORTO
2771,6d56dcd34118baee5c013a25cd6caa97,['BRINQUEDOS E LAZER'],BRINQUEDOS E LAZER
2772,6d631e55b551b20a81767e9685b7afb9,['MOVEIS E ELETRODOMESTICOS'],MOVEIS E ELETRODOMESTICOS
2773,6d634ac1e01a120c22e27efcba0a97dd,['MODA E BELEZA'],MODA E BELEZA
2774,6d73ecf533649a9f6e32b3c803c76e57,['MOVEIS E ELETRODOMESTICOS'],MOVEIS E ELETRODOMESTICOS
2775,6d81c04e1888cf43b0ec0f83b5efe746,['CASA E CONFORTO'],CASA E CONFORTO
2776,6d82fb84caeb4867e10314d00ee91ca1,['CASA E CONFORTO'],CASA E CONFORTO
2777,6d8d761e59ad4c88b15467b203d3367e,['CASA E CONFORTO'],CASA E CONFORTO
2778,6d953888a914b67350d5bc4d48f2acab,['BRINQUEDOS E LAZER'],BRINQUEDOS E LAZER
2779,6da4587a1165373a6932574c423a0791,['MOVEIS E ELETRODOMESTICOS'],MOVEIS E ELETRODOMESTICOS
2780,6dac2e713f40b14ce9f85b719fb91a2a,['AUTOMOTIVO'],AUTOMOTIVO
2781,6dbf90ca92c05262ffcf5a7988ec31b6,"['ELETRONICOS,INFORMATICA E AUDIO']","ELETRONICOS,INFORMATICA E AUDIO"
2782,6dccad8ec71dc70dd2387523396a93e6,['MODA E BELEZA'],MODA E BELEZA
2783,6dce05516fc9a1e16b7a70e49ab656c2,['MODA E BELEZA'],MODA E BELEZA
2784,6dcf745ce57950a1212195d3559b1a85,['BRINQUEDOS E LAZER'],BRINQUEDOS E LAZER
2785,6deb36cf66e9099e0a5896a34db6c7c2,"['ELETRONICOS,INFORMATICA E AUDIO']","ELETRONICOS,INFORMATICA E AUDIO"
2786,6debbd8568d730f4959d1fac74ed0315,['AUTOMOTIVO'],AUTOMOTIVO
2787,6dedf40fe422e8f0ae38641d2ed11f22,['MODA E BELEZA'],MODA E BELEZA
2788,6dee7bb4c1d9e2bd0d4870b297de74ef,"['ELETRONICOS,INFORMATICA E AUDIO']","ELETRONICOS,INFORMATICA E AUDIO"
2789,6defcba2f5df4f21c16be676addd3ce7,['AUTOMOTIVO'],AUTOMOTIVO
2790,6e005ed6792ec5ba81274fcf6ca4ec74,"['ELETRONICOS,INFORMATICA E AUDIO']","ELETRONICOS,INFORMATICA E AUDIO"
2791,6e0cccf352909a9f784049b8e9005e82,['MODA E BELEZA'],MODA E BELEZA
2792,6e0eaecee9bbc83b77b4632e6c592963,['BRINQUEDOS E LAZER'],BRINQUEDOS E LAZER
2793,6e1af4e0d4cf82af38671a14b609634c,['MOVEIS E ELETRODOMESTICOS'],MOVEIS E ELETRODOMESTICOS
2794,6e23f1780ea332cff417e817aea1336d,['AUTOMOTIVO'],AUTOMOTIVO
2795,6e3083ad9ca7d53cf66f1cd74bb3d67d,['CASA E CONFORTO'],CASA E CONFORTO
2796,6e3a1f3ec46461756c3f620e267aa1b8,['MOVEIS E ELETRODOMESTICOS'],MOVEIS E ELETRODOMESTICOS
2797,6e3febfbf4c5231d475e996a192c7076,['CASA E CONFORTO'],CASA E CONFORTO
2798,6e49598a67a4161d3fe1299418fe5d43,['MODA E BELEZA'],MODA E BELEZA
2799,6e49a3d8325755bd3e9d84d84bd8dbf2,['CASA E CONFORTO'],CASA E CONFORTO
2800,6e6242aabab7596add1baa594d4e7208,['FERRAMENTAS E CONSTRUCAO'],FERRAMENTAS E CONSTRUCAO
2801,6e6527028de694ccade37f5a15a6d84a,['FERRAMENTAS E CONSTRUCAO'],FERRAMENTAS E CONSTRUCAO
2802,6e6bacc052a79d14a6e7d015188bef50,['BEBES'],BEBES
2803,6e82dcfb5eada6283dba34f164e636f5,"['ELETRONICOS,INFORMATICA E AUDIO']","ELETRONICOS,INFORMATICA E AUDIO"
2804,6e869d1907ce294ac97ad48718569c68,['MOVEIS E ELETRODOMESTICOS'],MOVEIS E ELETRODOMESTICOS
2805,6e8b784db4941b3dbd08146464f9f628,"['ELETRONICOS,INFORMATICA E AUDIO']","ELETRONICOS,INFORMATICA E AUDIO"
2806,6e8c8d566d0f92d9ac1a6e72bba1a34d,['CASA E CONFORTO'],CASA E CONFORTO
2807,6e913f64d31f551cbbc72e703744e52f,['MOVEIS E ELETRODOMESTICOS'],MOVEIS E ELETRODOMESTICOS
2808,6e92a04973cb201200ecb4d6f82bb5bd,"['ELETRONICOS,INFORMATICA E AUDIO']","ELETRONICOS,INFORMATICA E AUDIO"
2809,6e9afd04e254b0327d16cc95cfe3270c,"['ELETRONICOS,INFORMATICA E AUDIO']","ELETRONICOS,INFORMATICA E AUDIO"
2810,6ea2f835b4556291ffdc53fa0b3b95e8,['CASA E CONFORTO'],CASA E CONFORTO
2811,6ea5512a5c86fbad911fe650286caa81,['MODA E BELEZA'],MODA E BELEZA
2812,6eadf3654aee7c1c335e7f0ca86d69fa,['MODA E BELEZA'],MODA E BELEZA
2813,6ebc232b5e255e922b876735d4cbbb31,['BRINQUEDOS E LAZER'],BRINQUEDOS E LAZER
2814,6ec283e06546387eaab356a4764d8298,"['LIVROS, MUSICA E PAPELARIA']","LIVROS, MUSICA E PAPELARIA"
2815,6edd4570c3544a2b8a02f66a84d0e58f,['MOVEIS E ELETRODOMESTICOS'],MOVEIS E ELETRODOMESTICOS
2816,6ee722cd81ebe249b83c6351f725bbb5,"['LIVROS, MUSICA E PAPELARIA']","LIVROS, MUSICA E PAPELARIA"
2817,6ef662a8188539a6881080ef916fddf0,['MODA E BELEZA'],MODA E BELEZA
2818,6f0702d35ad394946ff1052b0c9f9667,['FERRAMENTAS E CONSTRUCAO'],FERRAMENTAS E CONSTRUCAO
2819,6f192285411fe2465d2c701cddafb6d9,['ARTES E DECORACAO'],ARTES E DECORACAO
2820,6f1ea17aaf0660f7eea41df1f6fc9e27,['CASA E CONFORTO'],CASA E CONFORTO
2821,6f36c999f8ef8d1a3a999079a5b637aa,['CASA E CONFORTO'],CASA E CONFORTO
2822,6f4f578dc1619bddcbc6c56c9502eb74,['BRINQUEDOS E LAZER'],BRINQUEDOS E LAZER
2823,6f516d489f56fd8bc9d89e9e62c00d2c,['CASA E CONFORTO'],CASA E CONFORTO
2824,6f52898ca671b45edbfd101358850658,['BRINQUEDOS E LAZER'],BRINQUEDOS E LAZER
2825,6f56d701fdaa7fc3575ddda3bed5fbbb,['CASA E CONFORTO'],CASA E CONFORTO
2826,6f70c9c5361a39744c5259adbec283e0,['ARTES E DECORACAO'],ARTES E DECORACAO
2827,6f7cd7fe9082def530646e04996eb8a7,['CASA E CONFORTO'],CASA E CONFORTO
2828,6f7ea3cb9fdeb4cb0d48e1933d792a56,"['ELETRONICOS,INFORMATICA E AUDIO']","ELETRONICOS,INFORMATICA E AUDIO"
2829,6f834f2bc49204574e674eaefec43d14,['ARTES E DECORACAO'],ARTES E DECORACAO
2830,6f847f9ac6e3766bd689f8761043795a,['MODA E BELEZA'],MODA E BELEZA
2831,6f8f0e3ba6fb99d979b8db8728b6a385,['SERVIÇOS'],SERVIÇOS
2832,6f93d4fc5b38d5862f6fb366cd9afd01,['MODA E BELEZA'],MODA E BELEZA
2833,6f95997d009a6c89f18029f779a6de56,['BRINQUEDOS E LAZER'],BRINQUEDOS E LAZER
2834,6f9c246060baeb33b04a02da9b66baca,['CASA E CONFORTO'],CASA E CONFORTO
2835,6fa03e78d9524fd63e7b9ab5618eff3c,['CASA E CONFORTO'],CASA E CONFORTO
2836,6fa1b046e2e8e336c8350c7e1600bb32,"['LIVROS, MUSICA E PAPELARIA']","LIVROS, MUSICA E PAPELARIA"
2837,6fae9a0c40ff98d96a5ce24aed7ad0c7,"['ELETRONICOS,INFORMATICA E AUDIO']","ELETRONICOS,INFORMATICA E AUDIO"
2838,6fb5acfdfed5a1951fa898d45b5b0f1a,"['AGRO, INDUSTRIA E NEGOCIOS']","AGRO, INDUSTRIA E NEGOCIOS"
2839,6fc43344397e467b002e0255391ffc12,"['ELETRONICOS,INFORMATICA E AUDIO']","ELETRONICOS,INFORMATICA E AUDIO"
2840,6fd33c34a877e5a474ed190b5738ab58,['MODA E BELEZA'],MODA E BELEZA
2841,6fe1a563bdf47496b8bba2d6c5149468,['BEBES'],BEBES
2842,6fe3cca762774a4e0e4e75467b4651e6,['AUTOMOTIVO'],AUTOMOTIVO
2843,6fe83a0f5551774802340c3114c589c7,['CASA E CONFORTO'],CASA E CONFORTO
2844,6fea02b03afef8797df7b9fd8efb3f5f,['MOVEIS E ELETRODOMESTICOS'],MOVEIS E ELETRODOMESTICOS
2845,6ffc78c9003aa616f58b4de610bcce29,['MODA E BELEZA'],MODA E BELEZA
2846,6ffcafc5934324a01c7758dde8a28513,['FERRAMENTAS E CONSTRUCAO'],FERRAMENTAS E CONSTRUCAO
2847,70337534367fb81be994632264ee8f9e,['MODA E BELEZA'],MODA E BELEZA
2848,7033853f56455c1b2c26f0d135c8abd4,['MODA E BELEZA'],MODA E BELEZA
2849,703c8b76142240a2a16990e449124e2b,"['ELETRONICOS,INFORMATICA E AUDIO']","ELETRONICOS,INFORMATICA E AUDIO"
2850,70537c8a3dfbbe79f0d078a43a815d97,['BRINQUEDOS E LAZER'],BRINQUEDOS E LAZER
2851,705402bc1d956067338873d414158d09,['CASA E CONFORTO'],CASA E CONFORTO
2852,707977c86502593ef9aa22201fbcbde5,"['ELETRONICOS,INFORMATICA E AUDIO']","ELETRONICOS,INFORMATICA E AUDIO"
2853,707b1eade17fb8a0c67c686946879f54,['CASA E CONFORTO'],CASA E CONFORTO
2854,707c5f99c91cb848fec1431b02073446,"['LIVROS, MUSICA E PAPELARIA']","LIVROS, MUSICA E PAPELARIA"
2855,707d2b5688f10de45e680e1bec5d83ad,['BRINQUEDOS E LAZER'],BRINQUEDOS E LAZER
2856,70809734fe201ea6db6d4577b84a3022,"['ELETRONICOS,INFORMATICA E AUDIO']","ELETRONICOS,INFORMATICA E AUDIO"
2857,70828ad0ee27db08d57b1437374b15e3,['BRINQUEDOS E LAZER'],BRINQUEDOS E LAZER
2858,70851db1e13131d3bf4bf7f71cb333b6,['CASA E CONFORTO'],CASA E CONFORTO
2859,7085eaa515a6aed1d7f7e9f86080db97,['CASA E CONFORTO'],CASA E CONFORTO
2860,708d3d7c0c996a92a48a8cf501f6fd8b,['BEBES'],BEBES
2861,70a8d39e13049156f1ac16e59a18bf37,['MODA E BELEZA'],MODA E BELEZA
2862,70be4f36c3ba5f5c95734da20d4c34a7,['CASA E CONFORTO'],CASA E CONFORTO
2863,70c77e51e0f179d75a64a614135afb6a,['MOVEIS E ELETRODOMESTICOS'],MOVEIS E ELETRODOMESTICOS
2864,70dc122cb381c36bb405197904788449,['FERRAMENTAS E CONSTRUCAO'],FERRAMENTAS E CONSTRUCAO
2865,70dd6272528235d8324f3d154b94861f,['AUTOMOTIVO'],AUTOMOTIVO
2866,70e1e65e23050b71f1357ebf72506b73,['CASA E CONFORTO'],CASA E CONFORTO
2867,70e7a11b175c444133b3b4e8e655fa52,['FERRAMENTAS E CONSTRUCAO'],FERRAMENTAS E CONSTRUCAO
2868,70e8eaadec664295db4ed418ccdd3d4c,"['ELETRONICOS,INFORMATICA E AUDIO']","ELETRONICOS,INFORMATICA E AUDIO"
2869,70f90f55c4238d2d8b77e1e2b8ee8416,['ARTES E DECORACAO'],ARTES E DECORACAO
2870,71081f5935795063b2da072531dcd1ae,['BEBES'],BEBES
2871,710ad9913c5b4fc7c5d5a890082b1029,['BRINQUEDOS E LAZER'],BRINQUEDOS E LAZER
2872,710f0ad82f53b85ba2348698d18c89db,['CASA E CONFORTO'],CASA E CONFORTO
2873,711231d01dea504ad47e0d6b7a229592,['ARTES E DECORACAO'],ARTES E DECORACAO
2874,71145a0b672202052255b5463b5ae691,['AUTOMOTIVO'],AUTOMOTIVO
2875,7122be37b1b21797619ed0a6cf64f043,['MOVEIS E ELETRODOMESTICOS'],MOVEIS E ELETRODOMESTICOS
2876,7123f52d364ee0592e24743d2714f05d,['MOVEIS E ELETRODOMESTICOS'],MOVEIS E ELETRODOMESTICOS
2877,713638fce61820946eea7e0773d1df84,['MODA E BELEZA'],MODA E BELEZA
2878,7141a7eee8944cb711fa1fd4f76300bc,['CASA E CONFORTO'],CASA E CONFORTO
2879,714f94b6231908bda17ea75f8f9e7c11,['MODA E BELEZA'],MODA E BELEZA
2880,71717b68820ab37f844d6799422804d7,['CASA E CONFORTO'],CASA E CONFORTO
2881,718cb93721e3506215a31dae8d73074a,"['LIVROS, MUSICA E PAPELARIA']","LIVROS, MUSICA E PAPELARIA"
2882,71932b1adae11f63e4a454bb85d4235a,['BRINQUEDOS E LAZER'],BRINQUEDOS E LAZER
2883,719a2a4825d52ce82cbc8698a71495ba,"['ELETRONICOS,INFORMATICA E AUDIO']","ELETRONICOS,INFORMATICA E AUDIO"
2884,719c10497f396e92d2343b6a1c70240a,['BRINQUEDOS E LAZER'],BRINQUEDOS E LAZER
2885,71a3bbb7bb68719130815744e76b32e7,"['ELETRONICOS,INFORMATICA E AUDIO']","ELETRONICOS,INFORMATICA E AUDIO"
2886,71ae442d46d1764c665ba4c9e3073864,['ARTES E DECORACAO'],ARTES E DECORACAO
2887,71b27805083cffce474f1bd4263a3b02,['ARTES E DECORACAO'],ARTES E DECORACAO
2888,71bbd7731c71cbe0218ebf8e079efc2e,['BRINQUEDOS E LAZER'],BRINQUEDOS E LAZER
2889,71bd50400074bcb6afdacdccb82a5478,['BRINQUEDOS E LAZER'],BRINQUEDOS E LAZER
2890,71ca30b49c5b34847a66dd05c3a9f8e4,['MODA E BELEZA'],MODA E BELEZA
2891,71e297393a1e63537a76e338c10dbff8,"['ELETRONICOS,INFORMATICA E AUDIO']","ELETRONICOS,INFORMATICA E AUDIO"
2892,72074725a693246f2057f0d9e1c4398e,['BEBES'],BEBES
2893,72356c7f42069d35de8cdab7e6ec6b6f,"['ELETRONICOS,INFORMATICA E AUDIO']","ELETRONICOS,INFORMATICA E AUDIO"
2894,72366f977e624d8ec1d8cbaadbbf3c7a,['PET SHOP'],PET SHOP
2895,723941d77928846a4b2ec4612303bd25,"['ELETRONICOS,INFORMATICA E AUDIO']","ELETRONICOS,INFORMATICA E AUDIO"
2896,7249180b70badb4081586e4964f2c675,['MODA E BELEZA'],MODA E BELEZA
2897,7256c798273af7d120d1f9e274e914f7,"['ELETRONICOS,INFORMATICA E AUDIO']","ELETRONICOS,INFORMATICA E AUDIO"
2898,725d5b45e6010a8d3da5106833e22bd0,['BRINQUEDOS E LAZER'],BRINQUEDOS E LAZER
2899,72652c482c51119a0a338edba23e0027,['BRINQUEDOS E LAZER'],BRINQUEDOS E LAZER
2900,72716d752663ddcb65277a2a9af7420f,['BRINQUEDOS E LAZER'],BRINQUEDOS E LAZER
2901,727e04adb6e6b609138af7ad254da0ad,['CASA E CONFORTO'],CASA E CONFORTO
2902,727f1697a6e0fd3018c8ad97fb33be71,['AUTOMOTIVO'],AUTOMOTIVO
2903,7284ecc4524ff324863b12456e842055,['MODA E BELEZA'],MODA E BELEZA
2904,72864e9930b12da6e7ebc3cae431f226,['BRINQUEDOS E LAZER'],BRINQUEDOS E LAZER
2905,728e45f5c577ad0806b4de7f9034200f,['CASA E CONFORTO'],CASA E CONFORTO
2906,7296ad758e6c852b351261c5eb31bf51,['CASA E CONFORTO'],CASA E CONFORTO
2907,7297f6bfea2a33ef176cff30f467aa41,"['ELETRONICOS,INFORMATICA E AUDIO']","ELETRONICOS,INFORMATICA E AUDIO"
2908,72a055afec5322997eace70e9f743482,['MODA E BELEZA'],MODA E BELEZA
2909,72aae4d8091260674fd5abd94479abc3,"['ELETRONICOS,INFORMATICA E AUDIO']","ELETRONICOS,INFORMATICA E AUDIO"
2910,72ac5a7945d55c3fd45160f365353fae,['CASA E CONFORTO'],CASA E CONFORTO
2911,72ba48327f234ed87176344f71101b68,"['ELETRONICOS,INFORMATICA E AUDIO']","ELETRONICOS,INFORMATICA E AUDIO"
2912,72de948f7d91e80fb80be59dce8f9322,['CASA E CONFORTO'],CASA E CONFORTO
2913,72e4ee7d458b36222813e2b9707d9d25,['BRINQUEDOS E LAZER'],BRINQUEDOS E LAZER
2914,72e879557ec303f7f0e457cac42648c1,['AUTOMOTIVO'],AUTOMOTIVO
2915,72ec38baa39449f9ab884a84c5c8f4ef,['ARTES E DECORACAO'],ARTES E DECORACAO
2916,72fb560d115ecf3b15de9b853c02e505,['MODA E BELEZA'],MODA E BELEZA
2917,7307b10c1d2a536f3f07f18be33d9de7,"['ELETRONICOS,INFORMATICA E AUDIO']","ELETRONICOS,INFORMATICA E AUDIO"
2918,730e2dc2bec23dbf9b0594dc01b26ec3,['FERRAMENTAS E CONSTRUCAO'],FERRAMENTAS E CONSTRUCAO
2919,7311b63eb976756358a62bb49eac4c30,['FERRAMENTAS E CONSTRUCAO'],FERRAMENTAS E CONSTRUCAO
2920,731739da258b5bf19d913f4c7dc53a3f,['MOVEIS E ELETRODOMESTICOS'],MOVEIS E ELETRODOMESTICOS
2921,732016d12d4c4281c465b63da4e2ca8b,['ALIMENTOS'],ALIMENTOS
2922,732d14176b86ff078b82fa071d56f74c,['FERRAMENTAS E CONSTRUCAO'],FERRAMENTAS E CONSTRUCAO
2923,733a9dcebb673d6b1730af81ab1fa6a2,['CASA E CONFORTO'],CASA E CONFORTO
2924,73458aad836a51a5e37323b7cefc54fc,['FERRAMENTAS E CONSTRUCAO'],FERRAMENTAS E CONSTRUCAO
2925,734e66350ff1d845ab707409554c76c4,['BRINQUEDOS E LAZER'],BRINQUEDOS E LAZER
2926,73573871323db760fe4f1b0c508ecff0,['BEBES'],BEBES
2927,7369d714f77dd4e4bced33385c245828,['MODA E BELEZA'],MODA E BELEZA
2928,737d1628b4fc7ee47b3380c9f1f41991,['FERRAMENTAS E CONSTRUCAO'],FERRAMENTAS E CONSTRUCAO
2929,738129d32fe1f1ed56c7078789ebe85a,"['ELETRONICOS,INFORMATICA E AUDIO']","ELETRONICOS,INFORMATICA E AUDIO"
2930,738a743a02fd55d22839341f0d696e4b,['CASA E CONFORTO'],CASA E CONFORTO
2931,739554bca7c0f1d20cf28779b6e37aa4,['MOVEIS E ELETRODOMESTICOS'],MOVEIS E ELETRODOMESTICOS
2932,739e19153280cbc1a87c1a84be1ec4f6,['MODA E BELEZA'],MODA E BELEZA
2933,73ab3121732a6b5bd3e8ad44c1d81c57,['BRINQUEDOS E LAZER'],BRINQUEDOS E LAZER
2934,73cafc0c127f9cee457b39b5c0e3fc16,"['ELETRONICOS,INFORMATICA E AUDIO']","ELETRONICOS,INFORMATICA E AUDIO"
2935,73cc50f6da428df1584e69d6e07c7884,['MODA E BELEZA'],MODA E BELEZA
2936,73d8cba28b2c49e0bcde53f23fc6218a,['MODA E BELEZA'],MODA E BELEZA
2937,73de1db8eb6e493c5a6ed60c856a2076,['MODA E BELEZA'],MODA E BELEZA
2938,73e675969b9e5495c9d1c8d4b3b21e1e,['MODA E BELEZA'],MODA E BELEZA
2939,73e85a295c3028a2283eb8182a8ac56b,['MODA E BELEZA'],MODA E BELEZA
2940,73f38e238737fb52c78ba2002c2e9213,"['ELETRONICOS,INFORMATICA E AUDIO']","ELETRONICOS,INFORMATICA E AUDIO"
2941,73f41c25f81a3fc68fefa0cdb0c73d97,['BEBES'],BEBES
2942,73f8be4d47a3eca8b9b1ab39e9894b27,['MODA E BELEZA'],MODA E BELEZA
2943,73fe3ec6e789782281c550a9349e0edd,['BEBES'],BEBES
2944,7400bc8ee7d289b54690fd540a3cdb8b,['PET SHOP'],PET SHOP
2945,740d8c42d095b801a185f7b8aeb4f9b1,['ALIMENTOS'],ALIMENTOS
2946,7410535fe6a922518e4f862208c066bf,['MOVEIS E ELETRODOMESTICOS'],MOVEIS E ELETRODOMESTICOS
2947,7416fee595e25348b79a5d82a55c725d,['MOVEIS E ELETRODOMESTICOS'],MOVEIS E ELETRODOMESTICOS
2948,7423b365e39a6b080541c58ce5978e0c,['BRINQUEDOS E LAZER'],BRINQUEDOS E LAZER
2949,7428195653ad7e05d37c801977ea152b,['MOVEIS E ELETRODOMESTICOS'],MOVEIS E ELETRODOMESTICOS
2950,742cbcd370fd2e637bf3f2570ac5ed2a,['MOVEIS E ELETRODOMESTICOS'],MOVEIS E ELETRODOMESTICOS
2951,743419ee64432e471c306434e29245b6,['CASA E CONFORTO'],CASA E CONFORTO
2952,7437b218b9af11255c89b0043905192e,['FERRAMENTAS E CONSTRUCAO'],FERRAMENTAS E CONSTRUCAO
2953,746abc8ae9eb8c8f21a6c916527ff5ba,['BEBES'],BEBES
2954,7482f12f16a862671e5e3951ef33d2c1,"['ELETRONICOS,INFORMATICA E AUDIO']","ELETRONICOS,INFORMATICA E AUDIO"
2955,7488261a98cd6d7cf4407a8d6ed81095,"['ELETRONICOS,INFORMATICA E AUDIO']","ELETRONICOS,INFORMATICA E AUDIO"
2956,749238696f501c747fe013b2a5fa014c,['BEBES'],BEBES
2957,7497a05fc173872d55f1e764de3c3a5f,['CASA E CONFORTO'],CASA E CONFORTO
2958,74ad3397d84521ee94f326aad1a35d14,['MOVEIS E ELETRODOMESTICOS'],MOVEIS E ELETRODOMESTICOS
2959,74d882fe8bdccca5952fbe23321ecfa7,['AUTOMOTIVO'],AUTOMOTIVO
2960,74d9e9683c40581c6efb5d3ef994c902,"['ELETRONICOS,INFORMATICA E AUDIO']","ELETRONICOS,INFORMATICA E AUDIO"
2961,74dc1c443804373ca86896a9b26a02c2,"['ELETRONICOS,INFORMATICA E AUDIO']","ELETRONICOS,INFORMATICA E AUDIO"
2962,74df7f96ed0e23d9290b02f3534eb597,['MODA E BELEZA'],MODA E BELEZA
2963,74fb5413e6636d0aa1aa883054198a3d,['MODA E BELEZA'],MODA E BELEZA
2964,7520a4f97d875cef28e46e627eaaf336,['MOVEIS E ELETRODOMESTICOS'],MOVEIS E ELETRODOMESTICOS
2965,75317b0ece497c2c9f9e9ed06889a90b,['BEBES'],BEBES
2966,753ee7a9d729f6973ec8d4ceda33b77c,['AUTOMOTIVO'],AUTOMOTIVO
2967,754e0ef304d14ac589b026c5442c12bd,['MODA E BELEZA'],MODA E BELEZA
2968,75559e14f308f4ff08427c567ae0a370,['BRINQUEDOS E LAZER'],BRINQUEDOS E LAZER
2969,7559c7831fdca6cc63431fcd9c1fc3e8,['MOVEIS E ELETRODOMESTICOS'],MOVEIS E ELETRODOMESTICOS
2970,755f8f33280efbcfdfc8fe696de7ab9a,['CASA E CONFORTO'],CASA E CONFORTO
2971,755fdf89024021c6324864182b6657b5,['MODA E BELEZA'],MODA E BELEZA
2972,756893c5dc2102b9555b660dffb03813,['CASA E CONFORTO'],CASA E CONFORTO
2973,757a2790de00320b5025c522b180baf2,['MOVEIS E ELETRODOMESTICOS'],MOVEIS E ELETRODOMESTICOS
2974,758480e19da5e5b47ceb7318a5ca77fe,['MODA E BELEZA'],MODA E BELEZA
2975,7593ea1c0af8d1c0915e186ec81d236a,['FERRAMENTAS E CONSTRUCAO'],FERRAMENTAS E CONSTRUCAO
2976,7597acfdc4c37d290f854bba148c0e4f,['MODA E BELEZA'],MODA E BELEZA
2977,7597c07056d24fa2ffe6ce4625e6d416,['MOVEIS E ELETRODOMESTICOS'],MOVEIS E ELETRODOMESTICOS
2978,75ad3bc2c20ac416220546b2268066dc,['MOVEIS E ELETRODOMESTICOS'],MOVEIS E ELETRODOMESTICOS
2979,75b6094b344868fa3b2cd9cdd9fe9ff6,['MODA E BELEZA'],MODA E BELEZA
2980,75c493c31566f1a5d15fb9d248d5e4a4,"['LIVROS, MUSICA E PAPELARIA']","LIVROS, MUSICA E PAPELARIA"
2981,75f1f96566e2fbecc5fe22dd4f16f8e8,['MOVEIS E ELETRODOMESTICOS'],MOVEIS E ELETRODOMESTICOS
2982,75f6ded14ff770cff5dab61532421db4,"['ELETRONICOS,INFORMATICA E AUDIO']","ELETRONICOS,INFORMATICA E AUDIO"
2983,75f6fc813634864d90b8460cb0133b7c,['BRINQUEDOS E LAZER'],BRINQUEDOS E LAZER
2984,76098ff18bad7555c2d85340e82b8941,['CASA E CONFORTO'],CASA E CONFORTO
2985,761d2a6c3fc081b13c3cbfa01c4a8c37,['BRINQUEDOS E LAZER'],BRINQUEDOS E LAZER
2986,7621329c02f78d02a8a6d51e4b10ee85,['BEBES'],BEBES
2987,76279ee78a4924f44a3a83ef23b169b8,['MOVEIS E ELETRODOMESTICOS'],MOVEIS E ELETRODOMESTICOS
2988,762955db358210db24103ff9ce1ddda7,['BRINQUEDOS E LAZER'],BRINQUEDOS E LAZER
2989,762f2fa4b2d95d9b9d1f8ad0dfaf6ef8,['CASA E CONFORTO'],CASA E CONFORTO
2990,763dda5df4bf87b05540c4fb0888b346,['CASA E CONFORTO'],CASA E CONFORTO
2991,7646f2fa9419a132d8ff5528846a48d3,['FERRAMENTAS E CONSTRUCAO'],FERRAMENTAS E CONSTRUCAO
2992,76488d1a3fac0eda31bb3e5f9a31cc3a,['MODA E BELEZA'],MODA E BELEZA
2993,765388e7b3d416ffe810ade706854872,['MOVEIS E ELETRODOMESTICOS'],MOVEIS E ELETRODOMESTICOS
2994,76575700bd0fef8974ff82601ad505bb,"['ELETRONICOS,INFORMATICA E AUDIO']","ELETRONICOS,INFORMATICA E AUDIO"
2995,7667f0eac9b433b02f42a902df87ebe7,"['ELETRONICOS,INFORMATICA E AUDIO']","ELETRONICOS,INFORMATICA E AUDIO"
2996,766a7aafdf6f237885465c7487a30eb7,['CASA E CONFORTO'],CASA E CONFORTO
2997,7678a9ec36abfc35527725816936da8e,['BEBES'],BEBES
2998,768e55f3434ea3cf830ceceaf074257c,['MOVEIS E ELETRODOMESTICOS'],MOVEIS E ELETRODOMESTICOS
2999,76a6cde2f1431bc0834cad44ad2f472f,"['ELETRONICOS,INFORMATICA E AUDIO']","ELETRONICOS,INFORMATICA E AUDIO"
3000,76a948cd55bf22799753720d4545dd2d,"['ELETRONICOS,INFORMATICA E AUDIO']","ELETRONICOS,INFORMATICA E AUDIO"
3001,76b23067a9ab8343b34607f1be84ca6c,['MODA E BELEZA'],MODA E BELEZA
3002,76c3c8013bea9128879c13688ea5ff32,['AUTOMOTIVO'],AUTOMOTIVO
3003,76de219e02a69e67c85ab229f27eee44,['BRINQUEDOS E LAZER'],BRINQUEDOS E LAZER
3004,76df43658d302b7e5418f9c5b366b4bd,['MODA E BELEZA'],MODA E BELEZA
3005,7701ecd93e987006334fba168c936f20,['AUTOMOTIVO'],AUTOMOTIVO
3006,7713ab7b0cf6f5db39f126a99108de93,['MOVEIS E ELETRODOMESTICOS'],MOVEIS E ELETRODOMESTICOS
3007,771b546bcdc6a4a0e6e4702ea7e0dd5a,['FERRAMENTAS E CONSTRUCAO'],FERRAMENTAS E CONSTRUCAO
3008,772014e90d68acfafda19b12094adfc8,['FERRAMENTAS E CONSTRUCAO'],FERRAMENTAS E CONSTRUCAO
3009,772bb5d1c259f2731fb87d079c3808f0,['MODA E BELEZA'],MODA E BELEZA
3010,7730b36921bb0194af950d724e330914,"['LIVROS, MUSICA E PAPELARIA']","LIVROS, MUSICA E PAPELARIA"
3011,7730eaa5fa3eb4915f5cee586504ced9,"['ELETRONICOS,INFORMATICA E AUDIO']","ELETRONICOS,INFORMATICA E AUDIO"
3012,773f048245dc975a5f7c67c2415c88a0,['FERRAMENTAS E CONSTRUCAO'],FERRAMENTAS E CONSTRUCAO
3013,773f515d33d86f596ef646f6864670c0,['MODA E BELEZA'],MODA E BELEZA
3014,774189d7c5cbddd496b190c3c0f9de56,['MODA E BELEZA'],MODA E BELEZA
3015,774b8c52e2dda4cae042a9175258ab1b,['MODA E BELEZA'],MODA E BELEZA
3016,7753606fb1d0067848f8a1a7ae5abefa,['MODA E BELEZA'],MODA E BELEZA
3017,775747dc325485aedc9970fb0eda8b86,['PET SHOP'],PET SHOP
3018,775bebf68a82c7b530c362d8fccb5ccd,['CASA E CONFORTO'],CASA E CONFORTO
3019,77647c811d173d4d74674fd37c098c17,['BRINQUEDOS E LAZER'],BRINQUEDOS E LAZER
3020,7781f29a6de6cb94622ec8cb927dded0,['MODA E BELEZA'],MODA E BELEZA
3021,7786642062339870927e5c0dd845985c,['MOVEIS E ELETRODOMESTICOS'],MOVEIS E ELETRODOMESTICOS
3022,778b33a6ecdeb14d0fc40bdd972787bb,['CASA E CONFORTO'],CASA E CONFORTO
3023,778c4b126dadc4564077343c319a97e7,['MODA E BELEZA'],MODA E BELEZA
3024,778d6f8f92b218606a82dc5d2f5221e2,['CASA E CONFORTO'],CASA E CONFORTO
3025,77941f056519e1f7a848840651b359b2,"['ELETRONICOS,INFORMATICA E AUDIO']","ELETRONICOS,INFORMATICA E AUDIO"
3026,7797e37c568b84182c813b9b2492b384,['ARTES E DECORACAO'],ARTES E DECORACAO
3027,779894f35a3337987b2d76170506c25d,['CASA E CONFORTO'],CASA E CONFORTO
3028,77a3f6f5260c3255e7171093cc549851,['MODA E BELEZA'],MODA E BELEZA
3029,77b08f3ea310719320856c7ff77da30a,['BRINQUEDOS E LAZER'],BRINQUEDOS E LAZER
3030,77bf14a61d9efbddff1e34f655e5ded6,['BRINQUEDOS E LAZER'],BRINQUEDOS E LAZER
3031,77ca435b03fbf991e5027e3776e37885,['MODA E BELEZA'],MODA E BELEZA
3032,77e8385bf150ad151fe3fac0f5acfe8d,"['ELETRONICOS,INFORMATICA E AUDIO']","ELETRONICOS,INFORMATICA E AUDIO"
3033,77f1ce3b8d86fff49b9c811f00f4dc13,['FERRAMENTAS E CONSTRUCAO'],FERRAMENTAS E CONSTRUCAO
3034,7806db2eb65970f1f79cf179a640a2ee,['ARTES E DECORACAO'],ARTES E DECORACAO
3035,7811343e37a3cbe3fd4755f1a448c765,['FERRAMENTAS E CONSTRUCAO'],FERRAMENTAS E CONSTRUCAO
3036,781deb650ad035019d532569f8ab3072,['FERRAMENTAS E CONSTRUCAO'],FERRAMENTAS E CONSTRUCAO
3037,782aa8c8856a043fdd997f8b869fe76c,"['ELETRONICOS,INFORMATICA E AUDIO']","ELETRONICOS,INFORMATICA E AUDIO"
3038,784b0448b2075a95afcf2a55310b7238,['BRINQUEDOS E LAZER'],BRINQUEDOS E LAZER
3039,78613b7496cc589e1f192e4438f959aa,['MODA E BELEZA'],MODA E BELEZA
3040,787668255fbf3cfd994f9498dc30f5fd,"['ELETRONICOS,INFORMATICA E AUDIO']","ELETRONICOS,INFORMATICA E AUDIO"
3041,787ae1110521f3a8bc19a7ac93b8c914,['MODA E BELEZA'],MODA E BELEZA
3042,7892a566b076a8f7248d0c39b1a62768,"['LIVROS, MUSICA E PAPELARIA']","LIVROS, MUSICA E PAPELARIA"
3043,7898dee2ff48e01ffb2b651e56d8b504,['ARTES E DECORACAO'],ARTES E DECORACAO
3044,78a024dc0bcb7155089055e2d2facae9,['MODA E BELEZA'],MODA E BELEZA
3045,78c2bc594a0e2c77b9319a281f7bb7af,['MODA E BELEZA'],MODA E BELEZA
3046,78cdcb172d0131f82c621d36e496db8d,"['LIVROS, MUSICA E PAPELARIA']","LIVROS, MUSICA E PAPELARIA"
3047,78d34f6fb322f5b7ad7d165edf5f7b84,['CASA E CONFORTO'],CASA E CONFORTO
3048,78f62098f3fbba55d5a6fc9b2e072cc2,['BRINQUEDOS E LAZER'],BRINQUEDOS E LAZER
3049,78f74e94c8a2cebb5d569f483d54e8be,['FERRAMENTAS E CONSTRUCAO'],FERRAMENTAS E CONSTRUCAO
3050,790512cc033ced5f8fe1f9158eb8f2fe,['CASA E CONFORTO'],CASA E CONFORTO
3051,79149e16c4017cc512c938cbd445cdc3,['BRINQUEDOS E LAZER'],BRINQUEDOS E LAZER
3052,79310e415e87a7c31dde5926215d3469,['BRINQUEDOS E LAZER'],BRINQUEDOS E LAZER
3053,793600b6f83c44827bd1d480fbde321f,['MODA E BELEZA'],MODA E BELEZA
3054,79366f316d691e60b576d0a9b45b4ba6,['ARTES E DECORACAO'],ARTES E DECORACAO
3055,793a100cf28df6888d0a77ae91032263,"['LIVROS, MUSICA E PAPELARIA']","LIVROS, MUSICA E PAPELARIA"
3056,793d395a896de12a846ed4f345bce550,['MODA E BELEZA'],MODA E BELEZA
3057,7954e34924fab98d2e26924451086ad6,"['ELETRONICOS,INFORMATICA E AUDIO']","ELETRONICOS,INFORMATICA E AUDIO"
3058,7955a52aeb9d87cd04d970f6cc22c98e,['MODA E BELEZA'],MODA E BELEZA
3059,796d7e38e13c7f6c4f227fb178fd58dc,['CASA E CONFORTO'],CASA E CONFORTO
3060,79782533a7f3400f4ec7ab41028b40f7,['CASA E CONFORTO'],CASA E CONFORTO
3061,7989e2c3bb311324f824d365b87fa0cf,"['ELETRONICOS,INFORMATICA E AUDIO']","ELETRONICOS,INFORMATICA E AUDIO"
3062,799934ebdaf707f09223f71cb9e34305,['AUTOMOTIVO'],AUTOMOTIVO
3063,79a29a6cac0403ad0d0b5390f5bbf1fa,['MODA E BELEZA'],MODA E BELEZA
3064,79b0101fa56acf957666dd3d2fe39a61,['CASA E CONFORTO'],CASA E CONFORTO
3065,79c8c817d8876952db086059ef7f522d,['ARTES E DECORACAO'],ARTES E DECORACAO
3066,79d717fa467e6102ca28ef5a22785982,"['ELETRONICOS,INFORMATICA E AUDIO']","ELETRONICOS,INFORMATICA E AUDIO"
3067,79e449c1c0d89c880cb601cd5856976c,['FERRAMENTAS E CONSTRUCAO'],FERRAMENTAS E CONSTRUCAO
3068,79ec99878595baada166992ed3b31ff9,['BRINQUEDOS E LAZER'],BRINQUEDOS E LAZER
3069,79f921d80b92e48b9ed5c549c94b745f,['AUTOMOTIVO'],AUTOMOTIVO
3070,7a268da1c6173cf3d0847a89afdaf84e,['MODA E BELEZA'],MODA E BELEZA
3071,7a278d560ec8ffedc0f4e11836858a6f,['MODA E BELEZA'],MODA E BELEZA
3072,7a301f27a543e77e6176456966c66e2c,['AUTOMOTIVO'],AUTOMOTIVO
3073,7a32a414f59caff4a7f5e9710a9c32e7,['AUTOMOTIVO'],AUTOMOTIVO
3074,7a3db786a9251bc1603dea2c4970e448,['MODA E BELEZA'],MODA E BELEZA
3075,7a411701d358d7be1e457ec66ceb4731,"['ELETRONICOS,INFORMATICA E AUDIO']","ELETRONICOS,INFORMATICA E AUDIO"
3076,7a53fed7f9006ef9325efa365e6a1992,['PET SHOP'],PET SHOP
3077,7a6c48037234cbc7887f82848bf4d4cf,['MODA E BELEZA'],MODA E BELEZA
3078,7a728c0fe2dd475aabd244294168bc39,['BRINQUEDOS E LAZER'],BRINQUEDOS E LAZER
3079,7a7375f58149053d599aae579288fd96,['CASA E CONFORTO'],CASA E CONFORTO
3080,7a78a9a8b6fbd55b017d8d8da0e035ff,['MODA E BELEZA'],MODA E BELEZA
3081,7a8b9a4ee163fa0b06377953101c8085,['ARTES E DECORACAO'],ARTES E DECORACAO
3082,7aa4279cc25c67bbcf033b0ffa8e5587,"['ELETRONICOS,INFORMATICA E AUDIO']","ELETRONICOS,INFORMATICA E AUDIO"
3083,7ab2b693aebb8e032fc16f9c75051fdc,['BEBES'],BEBES
3084,7abe0cad12e4aec0091551e7153275d3,['CASA E CONFORTO'],CASA E CONFORTO
3085,7ac519af67a90b42fb3e296a8998f7c9,['BRINQUEDOS E LAZER'],BRINQUEDOS E LAZER
3086,7ac8109e735f29d8982f4503586fe59f,"['ELETRONICOS,INFORMATICA E AUDIO']","ELETRONICOS,INFORMATICA E AUDIO"
3087,7ad5c9f8e625c28f5669d0a5aef80a50,['MOVEIS E ELETRODOMESTICOS'],MOVEIS E ELETRODOMESTICOS
3088,7aec0be67a2ae4e49ebf19b44bd43b51,['MODA E BELEZA'],MODA E BELEZA
3089,7af014956ed06246005b5e0740fd891c,['ARTES E DECORACAO'],ARTES E DECORACAO
3090,7b072cb297a1526bf0dcd28d61c6004d,['MODA E BELEZA'],MODA E BELEZA
3091,7b103f0841bda2b0b9e208b7840a762c,['MOVEIS E ELETRODOMESTICOS'],MOVEIS E ELETRODOMESTICOS
3092,7b13c77c64a9a956500cbf1a9a23798d,['MODA E BELEZA'],MODA E BELEZA
3093,7b146a6eac41426787d8f35a3df4a700,['CASA E CONFORTO'],CASA E CONFORTO
3094,7b2e128ff26556462b7d217f1b67600b,['CASA E CONFORTO'],CASA E CONFORTO
3095,7b2f3756c235e93b2ad6330c54805401,['PET SHOP'],PET SHOP
3096,7b53b1cf65f789e7dd9e71e8129c31a5,['MODA E BELEZA'],MODA E BELEZA
3097,7b58fca3faf09217a36d5febee5739a5,['MODA E BELEZA'],MODA E BELEZA
3098,7b5d37ba26248e70f9b6c863d1964ed2,"['ELETRONICOS,INFORMATICA E AUDIO']","ELETRONICOS,INFORMATICA E AUDIO"
3099,7b636347d9f87d9b9a48755fd8495709,['CASA E CONFORTO'],CASA E CONFORTO
3100,7b6f8f9952e11aa804c472ee11a298f2,['BRINQUEDOS E LAZER'],BRINQUEDOS E LAZER
3101,7b74647ef95b9578401bd8a4f723b301,['FERRAMENTAS E CONSTRUCAO'],FERRAMENTAS E CONSTRUCAO
3102,7b8ad11294a3f23e9695000ab5f07a42,"['ELETRONICOS,INFORMATICA E AUDIO']","ELETRONICOS,INFORMATICA E AUDIO"
3103,7b994fc7c7528d2098eebcb19d18ce7e,['CASA E CONFORTO'],CASA E CONFORTO
3104,7b9969738a7e690d13867eedd1fef01a,"['ELETRONICOS,INFORMATICA E AUDIO']","ELETRONICOS,INFORMATICA E AUDIO"
3105,7b99b84868d16899bd87924ba93f32bf,['MOVEIS E ELETRODOMESTICOS'],MOVEIS E ELETRODOMESTICOS
3106,7bb05074b041c44496d524b3ee0af913,['MOVEIS E ELETRODOMESTICOS'],MOVEIS E ELETRODOMESTICOS
3107,7bb854599c1f0c6bc0fc1dfd8a49e244,['AUTOMOTIVO'],AUTOMOTIVO
3108,7bba749eac1bb22b7afe577fa772f2c5,['MODA E BELEZA'],MODA E BELEZA
3109,7bbc66a921e0671f689e2bb419d3cf09,['MODA E BELEZA'],MODA E BELEZA
3110,7bcd0046dcddeefcc87ed07ba748966b,['BRINQUEDOS E LAZER'],BRINQUEDOS E LAZER
3111,7bda7fb1e596f90f607376af2ca647cd,"['LIVROS, MUSICA E PAPELARIA']","LIVROS, MUSICA E PAPELARIA"
3112,7bec0ef2b65e6c75fc082d823d0a59ca,['FERRAMENTAS E CONSTRUCAO'],FERRAMENTAS E CONSTRUCAO
3113,7c0010171d4d583d7f4d87894d7b6973,['CASA E CONFORTO'],CASA E CONFORTO
3114,7c0b9b2385b65bd8c7aa778a843155e9,['BEBES'],BEBES
3115,7c363fbfb4e41c26246ea6097cd275bf,['BRINQUEDOS E LAZER'],BRINQUEDOS E LAZER
3116,7c43fe101fb4d918fdde27a9d5c1a55d,['CASA E CONFORTO'],CASA E CONFORTO
3117,7c55b41468cbcfb21c9dcd304257b718,['MOVEIS E ELETRODOMESTICOS'],MOVEIS E ELETRODOMESTICOS
3118,7c59d327d267a2ce386f84038c0035c5,['FERRAMENTAS E CONSTRUCAO'],FERRAMENTAS E CONSTRUCAO
3119,7c65caaf993acf13ce6a8c0aba410801,"['ELETRONICOS,INFORMATICA E AUDIO']","ELETRONICOS,INFORMATICA E AUDIO"
3120,7c6a400b3bbaff6cff070e8c6cdd17aa,['MODA E BELEZA'],MODA E BELEZA
3121,7c71c859e83e35ab16a4bd8c418a5cb8,['MODA E BELEZA'],MODA E BELEZA
3122,7c7b51735653e5eabc93b37b0f454428,['BRINQUEDOS E LAZER'],BRINQUEDOS E LAZER
3123,7c94a691cda1b50778849a3e52d45dfc,['CASA E CONFORTO'],CASA E CONFORTO
3124,7c9c41b594f953926e7f525c62f69ee9,['MODA E BELEZA'],MODA E BELEZA
3125,7cb430e983dbba3559fa0f62ec454d5a,"['LIVROS, MUSICA E PAPELARIA']","LIVROS, MUSICA E PAPELARIA"
3126,7cb72e0bbd081c1483fb0b200266b7d3,['MODA E BELEZA'],MODA E BELEZA
3127,7cc3506c6d4d61a98dc64418c1026d0e,['CASA E CONFORTO'],CASA E CONFORTO
3128,7ccdf2db4cb80263b5535a6cfad598e8,"['ELETRONICOS,INFORMATICA E AUDIO']","ELETRONICOS,INFORMATICA E AUDIO"
3129,7cce12147e61d695697db09de514a27f,['BEBES'],BEBES
3130,7cefff4bf786909dba88110841d3b39c,['MOVEIS E ELETRODOMESTICOS'],MOVEIS E ELETRODOMESTICOS
3131,7cf83f7bc784d9fe6e59f25a3a303011,"['ELETRONICOS,INFORMATICA E AUDIO']","ELETRONICOS,INFORMATICA E AUDIO"
3132,7d0408fa5d2829c175c99499e5aeb226,"['LIVROS, MUSICA E PAPELARIA']","LIVROS, MUSICA E PAPELARIA"
3133,7d09831e67caa193da82cfea3bee7aa5,['MODA E BELEZA'],MODA E BELEZA
3134,7d0a7957897551b77224fc297e8f6046,['ARTES E DECORACAO'],ARTES E DECORACAO
3135,7d10fbd6419baac0e13a8e73d3c69e38,['PET SHOP'],PET SHOP
3136,7d1368ef7cac9199c5f7372a8e356651,['MOVEIS E ELETRODOMESTICOS'],MOVEIS E ELETRODOMESTICOS
3137,7d2d231c0b3abb985ed020ffa3acf300,['ALIMENTOS'],ALIMENTOS
3138,7d3636cf3c3e12cd619c2ba47773c24f,"['ELETRONICOS,INFORMATICA E AUDIO']","ELETRONICOS,INFORMATICA E AUDIO"
3139,7d48e6b043ed5dac29ca0e41d3e3b584,"['ELETRONICOS,INFORMATICA E AUDIO']","ELETRONICOS,INFORMATICA E AUDIO"
3140,7d49a1c0abbfb267942abc717ed81422,['BRINQUEDOS E LAZER'],BRINQUEDOS E LAZER
3141,7d51427ec940da2e27bc824dd56a2300,"['LIVROS, MUSICA E PAPELARIA']","LIVROS, MUSICA E PAPELARIA"
3142,7d593cfb475e1e80058d84bbba5aef55,"['ELETRONICOS,INFORMATICA E AUDIO']","ELETRONICOS,INFORMATICA E AUDIO"
3143,7d70cb0ac6f54fed6851b5179404450f,['MOVEIS E ELETRODOMESTICOS'],MOVEIS E ELETRODOMESTICOS
3144,7d7db898e5eaa10aac6c7fb616d9d7dc,"['ELETRONICOS,INFORMATICA E AUDIO']","ELETRONICOS,INFORMATICA E AUDIO"
3145,7d86c4aa9e59504b23f16c7ca68954a7,['CASA E CONFORTO'],CASA E CONFORTO
3146,7d9bb415ee7bea63cedc5efacddb02d0,['MOVEIS E ELETRODOMESTICOS'],MOVEIS E ELETRODOMESTICOS
3147,7d9bff34ab96999cbb7b18cfe622c731,['MODA E BELEZA'],MODA E BELEZA
3148,7dbad9087d339419eb06d86950842742,['FERRAMENTAS E CONSTRUCAO'],FERRAMENTAS E CONSTRUCAO
3149,7dbe7b520d00d04a3f695cd91e904980,['SERVIÇOS'],SERVIÇOS
3150,7df0be89ace3eb8776cd96ef3df0f12e,['MOVEIS E ELETRODOMESTICOS'],MOVEIS E ELETRODOMESTICOS
3151,7df3717b5a5609af21ee9e719b68cef8,['MODA E BELEZA'],MODA E BELEZA
3152,7dfc0c4ee8e0efa633fe97c0409da2ea,['MODA E BELEZA'],MODA E BELEZA
3153,7e0f8681296df43a561897448828f476,"['ELETRONICOS,INFORMATICA E AUDIO']","ELETRONICOS,INFORMATICA E AUDIO"
3154,7e131886d59cb8a02c847ed61228fd8c,['BEBES'],BEBES
3155,7e257955fd806152344c4d9a66ac631d,['BRINQUEDOS E LAZER'],BRINQUEDOS E LAZER
3156,7e2f198c10c1ac5ad206ebcdb1f18861,['FERRAMENTAS E CONSTRUCAO'],FERRAMENTAS E CONSTRUCAO
3157,7e486325a643ff4ed591ad4fd1b80d16,['MOVEIS E ELETRODOMESTICOS'],MOVEIS E ELETRODOMESTICOS
3158,7e4c1200b2e12309b1fadca938e61c4a,"['ELETRONICOS,INFORMATICA E AUDIO']","ELETRONICOS,INFORMATICA E AUDIO"
3159,7e601e1373744c3c2572bb0877caac87,['MOVEIS E ELETRODOMESTICOS'],MOVEIS E ELETRODOMESTICOS
3160,7e708aed151d6a8601ce8f2eaa712bf4,['CASA E CONFORTO'],CASA E CONFORTO
3161,7e7ce1bc81b9dfd761f11ce02aa3b5c6,['MODA E BELEZA'],MODA E BELEZA
3162,7e80537703a1b61bf60fbc4d67e0d641,['MODA E BELEZA'],MODA E BELEZA
3163,7e8641c6ba8f77235152dd1c3356f814,"['ELETRONICOS,INFORMATICA E AUDIO']","ELETRONICOS,INFORMATICA E AUDIO"
3164,7e9e110e4c60c9d33dabbc33133db636,['BRINQUEDOS E LAZER'],BRINQUEDOS E LAZER
3165,7ea04d381a2ba7d7f14be55b878830a5,"['ELETRONICOS,INFORMATICA E AUDIO']","ELETRONICOS,INFORMATICA E AUDIO"
3166,7ecd374aaadf068b768dd0552a8b5b0d,['PET SHOP'],PET SHOP
3167,7ed96ba7a198e5f00ff7c88f85ee2c17,['BRINQUEDOS E LAZER'],BRINQUEDOS E LAZER
3168,7eddb5687b87b586fd0b69083ad64b43,['BRINQUEDOS E LAZER'],BRINQUEDOS E LAZER
3169,7ede9e815cd2aac7e60071e67117f176,['MODA E BELEZA'],MODA E BELEZA
3170,7edf656fde82d2902cc1a19596cdf422,['MOVEIS E ELETRODOMESTICOS'],MOVEIS E ELETRODOMESTICOS
3171,7ee39ad7cefae28934df87c631928f88,['BRINQUEDOS E LAZER'],BRINQUEDOS E LAZER
3172,7eee039d49ee815e69350a021cae95fc,['MOVEIS E ELETRODOMESTICOS'],MOVEIS E ELETRODOMESTICOS
3173,7eee54ba457fae7999f42b79f623fd66,['BRINQUEDOS E LAZER'],BRINQUEDOS E LAZER
3174,7eff82e591eb71184b50c3dfbfc7fd45,['MODA E BELEZA'],MODA E BELEZA
3175,7f1308d4daa38317363931054a0358f3,"['ELETRONICOS,INFORMATICA E AUDIO']","ELETRONICOS,INFORMATICA E AUDIO"
3176,7f2b0346e93196f248181eccd7cba58d,"['ELETRONICOS,INFORMATICA E AUDIO']","ELETRONICOS,INFORMATICA E AUDIO"
3177,7f4419f7c94db80e542d82717e3c6528,"['LIVROS, MUSICA E PAPELARIA']","LIVROS, MUSICA E PAPELARIA"
3178,7f579e203c931f3e8410103359c6d523,['MODA E BELEZA'],MODA E BELEZA
3179,7f705121bca62ce0b864357f8f09fbdc,['MODA E BELEZA'],MODA E BELEZA
3180,7f73f6d23431719381a2b967e70556a5,['MODA E BELEZA'],MODA E BELEZA
3181,7f7459900662af489ef7c24c730e4dde,['MOVEIS E ELETRODOMESTICOS'],MOVEIS E ELETRODOMESTICOS
3182,7f81a8a172eddc4f7afaf02eb94ab824,"['LIVROS, MUSICA E PAPELARIA']","LIVROS, MUSICA E PAPELARIA"
3183,7f8b38a8af20de6f906cfd9a585dae13,['BRINQUEDOS E LAZER'],BRINQUEDOS E LAZER
3184,7f94f1618e029449c3041113289cc240,['CASA E CONFORTO'],CASA E CONFORTO
3185,7f96bf9d2b7643f96bcb99c0a616a5ba,['BRINQUEDOS E LAZER'],BRINQUEDOS E LAZER
3186,7fb6586ab530ed69383ddde20ef388f9,['MODA E BELEZA'],MODA E BELEZA
3187,7fc930983a4062abd3407e7d6a0141a5,"['ELETRONICOS,INFORMATICA E AUDIO']","ELETRONICOS,INFORMATICA E AUDIO"
3188,7ff0a233ca71abe5b19f93af5b8f3440,['BRINQUEDOS E LAZER'],BRINQUEDOS E LAZER
3189,7ff63764a6de6e9a5fde1c76cf5650a7,['CASA E CONFORTO'],CASA E CONFORTO
3190,7ff9b10e71f943448ffa7bcb62acd1aa,"['ELETRONICOS,INFORMATICA E AUDIO']","ELETRONICOS,INFORMATICA E AUDIO"
3191,7ffed19d85558d51da23bf236eb944fc,['MOVEIS E ELETRODOMESTICOS'],MOVEIS E ELETRODOMESTICOS
3192,8009d1f487beabd126e7a33797c5f3fc,['MODA E BELEZA'],MODA E BELEZA
3193,8031adfac87d3fb5ff7b41a0342aae74,['MODA E BELEZA'],MODA E BELEZA
3194,804e0b86e8fe8f4b319d850c87dd79bd,['MODA E BELEZA'],MODA E BELEZA
3195,8051026f0cea5b93df6bf42cdf1aaa74,['FERRAMENTAS E CONSTRUCAO'],FERRAMENTAS E CONSTRUCAO
3196,8055e039e3e86f6328082ea948230520,"['LIVROS, MUSICA E PAPELARIA']","LIVROS, MUSICA E PAPELARIA"
3197,80700def3189230fc60069139112527d,['MODA E BELEZA'],MODA E BELEZA
3198,807a4c5f5dab3090fbad1dd16140f706,['MODA E BELEZA'],MODA E BELEZA
3199,807af8ed74954311649aa47a52ff3061,['BRINQUEDOS E LAZER'],BRINQUEDOS E LAZER
3200,807bd7d79398132db47a02f8d49c60f8,['AUTOMOTIVO'],AUTOMOTIVO
3201,807d374126669a84b2391ebcda50821e,"['ELETRONICOS,INFORMATICA E AUDIO']","ELETRONICOS,INFORMATICA E AUDIO"
3202,80897d5d4e8f07edd515daa585302e6b,"['ELETRONICOS,INFORMATICA E AUDIO']","ELETRONICOS,INFORMATICA E AUDIO"
3203,808c4b75909ba91f23c1ef928f396822,['CASA E CONFORTO'],CASA E CONFORTO
3204,808f2ddcd5a1575c6a0210437f589570,['MODA E BELEZA'],MODA E BELEZA
3205,809e0909a53d03c3c8a6a193b66796c4,['BEBES'],BEBES
3206,80a26b4ee1a6aff31f37986403491366,['MOVEIS E ELETRODOMESTICOS'],MOVEIS E ELETRODOMESTICOS
3207,80a65b64ff5b2a3d831d8764ec4b17f0,['MODA E BELEZA'],MODA E BELEZA
3208,80aa51679b1fef5a66ee92a688e44fa3,['MODA E BELEZA'],MODA E BELEZA
3209,80b0f4fc350532f6e0ce9aa81ccde91c,['MODA E BELEZA'],MODA E BELEZA
3210,80c3447167bed567a8646b0802408d48,['MODA E BELEZA'],MODA E BELEZA
3211,80c4a8fcf4e47aff10048cb8bdd0bee5,['MODA E BELEZA'],MODA E BELEZA
3212,80d272bb80e9d81f0868fae8f7848081,"['ELETRONICOS,INFORMATICA E AUDIO']","ELETRONICOS,INFORMATICA E AUDIO"
3213,80eae376fddb50c28eb0e4857691de4f,['BEBES'],BEBES
3214,80ff8e4db69c66d000da0845f52408f5,['CASA E CONFORTO'],CASA E CONFORTO
3215,810233b1d86cfaff1b46b1458f7d0a41,['ARTES E DECORACAO'],ARTES E DECORACAO
3216,81101f8021e6efa35db428bbaf886a29,['BEBES'],BEBES
3217,81194be55fc90582cc03fab5c592f817,['MODA E BELEZA'],MODA E BELEZA
3218,811b70e43e686c9cc60da34db3f4176d,['MODA E BELEZA'],MODA E BELEZA
3219,812086848825c140a1472472a845a774,['MODA E BELEZA'],MODA E BELEZA
3220,8125fe0b0c7e59423a24402d9cb3ad85,['CASA E CONFORTO'],CASA E CONFORTO
3221,81278969652e49f0c09910275f10fdba,['BEBES'],BEBES
3222,81279a15416799e6580df60f66760a7b,['BRINQUEDOS E LAZER'],BRINQUEDOS E LAZER
3223,812f070ac6102e758e95be181e29403f,['BRINQUEDOS E LAZER'],BRINQUEDOS E LAZER
3224,81349623c14fed4e8943c5ad1f3ed4fe,"['LIVROS, MUSICA E PAPELARIA']","LIVROS, MUSICA E PAPELARIA"
3225,8138944aa954bbc7c286a30839130583,['BRINQUEDOS E LAZER'],BRINQUEDOS E LAZER
3226,814ea040061a40f0e1c8e5decbc2f507,"['ELETRONICOS,INFORMATICA E AUDIO']","ELETRONICOS,INFORMATICA E AUDIO"
3227,814fe5df303b0c72aeddb331dbfe9802,"['LIVROS, MUSICA E PAPELARIA']","LIVROS, MUSICA E PAPELARIA"
3228,815b68de0bc7fa6c117e4bcf855734ef,['CASA E CONFORTO'],CASA E CONFORTO
3229,815f08745d6a759deb919c5e1bce8301,['BRINQUEDOS E LAZER'],BRINQUEDOS E LAZER
3230,8164479321ad8dee50301cba9250bf42,['BRINQUEDOS E LAZER'],BRINQUEDOS E LAZER
3231,817bba98b2dc8942fccbdaf7cd5c63b1,['MODA E BELEZA'],MODA E BELEZA
3232,8187896518689722d7c05bfbaeed0933,"['ELETRONICOS,INFORMATICA E AUDIO']","ELETRONICOS,INFORMATICA E AUDIO"
3233,818961050c379d7725bfa37c6f6c40ce,['BRINQUEDOS E LAZER'],BRINQUEDOS E LAZER
3234,81896eba4fe92a3bb71bcf392296f77f,['ARTES E DECORACAO'],ARTES E DECORACAO
3235,818ea45f3cef61b3f0f71a0491c1b636,['BRINQUEDOS E LAZER'],BRINQUEDOS E LAZER
3236,81935e523702224d87bc6b915f51649e,['BEBES'],BEBES
3237,81bfdf6a2390123c48c5632de6413e2a,['MOVEIS E ELETRODOMESTICOS'],MOVEIS E ELETRODOMESTICOS
3238,81d9549a0a8197c72b338f870174f397,['MOVEIS E ELETRODOMESTICOS'],MOVEIS E ELETRODOMESTICOS
3239,81f2ee7669eee05b13906d24d43ebc69,['CASA E CONFORTO'],CASA E CONFORTO
3240,81f667f73efffe2771ab8b77d326f1ee,['BRINQUEDOS E LAZER'],BRINQUEDOS E LAZER
3241,81fdc868fd0f5c56b9ebea53765e4bbc,['BRINQUEDOS E LAZER'],BRINQUEDOS E LAZER
3242,8206925809548e33715f60acff73aff8,"['LIVROS, MUSICA E PAPELARIA']","LIVROS, MUSICA E PAPELARIA"
3243,8215a74877c8a3e1f91c07745859f88f,['MODA E BELEZA'],MODA E BELEZA
3244,8225d8c9d91972ec1fbddf159ec4cd7c,['CASA E CONFORTO'],CASA E CONFORTO
3245,82261ff3dcd4a370acb65149a5507506,['CASA E CONFORTO'],CASA E CONFORTO
3246,822f778d1cd09285df832ee2cf65b83c,"['ELETRONICOS,INFORMATICA E AUDIO']","ELETRONICOS,INFORMATICA E AUDIO"
3247,8238976658bee9703e39aad674ee1fab,"['ELETRONICOS,INFORMATICA E AUDIO']","ELETRONICOS,INFORMATICA E AUDIO"
3248,82559a560833ecfeecaa790d65fd2272,['BRINQUEDOS E LAZER'],BRINQUEDOS E LAZER
3249,8256729fe396aa16538e1790e33851f9,['MODA E BELEZA'],MODA E BELEZA
3250,82598d1412ae8a6ab0939b8d0d12e16d,['FERRAMENTAS E CONSTRUCAO'],FERRAMENTAS E CONSTRUCAO
3251,826781a83e7fab9989e0882180d2adc2,['MODA E BELEZA'],MODA E BELEZA
3252,826e1b7aa6166bdd99e1a6873b3e0c6e,['BRINQUEDOS E LAZER'],BRINQUEDOS E LAZER
3253,8272b63d03f5f79c56e9e4120aec44ef,['MODA E BELEZA'],MODA E BELEZA
3254,8279b5df6e66fb0dfddfc8a4cd10471b,['MODA E BELEZA'],MODA E BELEZA
3255,828999d80d891785ff88623835515884,['MODA E BELEZA'],MODA E BELEZA
3256,828c3114b783f896fba059433600c471,['FERRAMENTAS E CONSTRUCAO'],FERRAMENTAS E CONSTRUCAO
3257,828c70c1568ca1b635a1b59baa592bb8,"['ELETRONICOS,INFORMATICA E AUDIO']","ELETRONICOS,INFORMATICA E AUDIO"
3258,8293af079b19a6349d758b3c16ecd6dc,['MODA E BELEZA'],MODA E BELEZA
3259,82a6e2f5082bd48943674373f6a0fc9a,"['ELETRONICOS,INFORMATICA E AUDIO']","ELETRONICOS,INFORMATICA E AUDIO"
3260,82ae1c851b481c7c7f6fbfdfb05e5131,['FERRAMENTAS E CONSTRUCAO'],FERRAMENTAS E CONSTRUCAO
3261,82bffc58899b3f43ae84cbcb157a2ac1,"['ELETRONICOS,INFORMATICA E AUDIO']","ELETRONICOS,INFORMATICA E AUDIO"
3262,82c25f5fe611fe504eca8e2ded507842,"['ELETRONICOS,INFORMATICA E AUDIO']","ELETRONICOS,INFORMATICA E AUDIO"
3263,82c4a1e90ae81031b8bbd68f32130787,['MOVEIS E ELETRODOMESTICOS'],MOVEIS E ELETRODOMESTICOS
3264,82c5ef9af05ba4775bcabac8b9520c3e,['MODA E BELEZA'],MODA E BELEZA
3265,82cb5727dfc9854c228dd5246c17b877,['CASA E CONFORTO'],CASA E CONFORTO
3266,82e098e90be56ba3b67aca2e1ba26fdb,['MODA E BELEZA'],MODA E BELEZA
3267,82e3732828be8d714ff18ca961250f57,"['ELETRONICOS,INFORMATICA E AUDIO']","ELETRONICOS,INFORMATICA E AUDIO"
3268,82ef901bddb0b3a57a8f2639cba398c2,['MOVEIS E ELETRODOMESTICOS'],MOVEIS E ELETRODOMESTICOS
3269,82f66e51ca6c291960fa27c3308f25e9,['CASA E CONFORTO'],CASA E CONFORTO
3270,8311aa3b9c474639d7f344868c3fe150,['CASA E CONFORTO'],CASA E CONFORTO
3271,83278a865f8f9c152f76597d22446aa2,['AUTOMOTIVO'],AUTOMOTIVO
3272,83329d0539a9b3f087f05db119bee0d6,['CASA E CONFORTO'],CASA E CONFORTO
3273,83359e7a49758eeed73d55e437b87341,"['AGRO, INDUSTRIA E NEGOCIOS']","AGRO, INDUSTRIA E NEGOCIOS"
3274,836e4cb15d850d5cb77cda4c3c387665,['BEBES'],BEBES
3275,8375044308874af1c50719ecaee3786d,['AUTOMOTIVO'],AUTOMOTIVO
3276,837b75362f8a7c08c85182dfd16cb72d,['CASA E CONFORTO'],CASA E CONFORTO
3277,8394de68d323384a331279fd8a60462e,['ARTES E DECORACAO'],ARTES E DECORACAO
3278,8394f8f42f1b8e51e88bc1901c0ea3b2,['MODA E BELEZA'],MODA E BELEZA
3279,839bec66b5e8a01223b48fdcd7499682,['BRINQUEDOS E LAZER'],BRINQUEDOS E LAZER
3280,83bdd2499feae1bac3b451293f37ebf6,"['LIVROS, MUSICA E PAPELARIA']","LIVROS, MUSICA E PAPELARIA"
3281,83c72ea1f298ffb69588da1e76ad9bcc,['MOVEIS E ELETRODOMESTICOS'],MOVEIS E ELETRODOMESTICOS
3282,83ce097e3397deaca1b9af25b0e0b469,['MODA E BELEZA'],MODA E BELEZA
3283,83ce5e6768db49face91c92a88888ea1,['ARTES E DECORACAO'],ARTES E DECORACAO
3284,83d8eb18982d706a86805eb80e12e88f,['MODA E BELEZA'],MODA E BELEZA
3285,83d918d0715c6c4700e6d841e36f30a0,['MODA E BELEZA'],MODA E BELEZA
3286,83df1c60b1394882b9a376fa1ddd152c,['BRINQUEDOS E LAZER'],BRINQUEDOS E LAZER
3287,83e1eaa798d40149e009b6b70835e330,['FERRAMENTAS E CONSTRUCAO'],FERRAMENTAS E CONSTRUCAO
3288,83eeee55d222c6e3b10f716700517529,"['ELETRONICOS,INFORMATICA E AUDIO']","ELETRONICOS,INFORMATICA E AUDIO"
3289,8407285337c080fb6f204a76ed3a5c83,['AUTOMOTIVO'],AUTOMOTIVO
3290,840d7cc10efae8ba460cc8ea84f1b6db,"['ELETRONICOS,INFORMATICA E AUDIO']","ELETRONICOS,INFORMATICA E AUDIO"
3291,841155000418a8a525b16b90fac1dcd3,['ARTES E DECORACAO'],ARTES E DECORACAO
3292,841a1c15177c6184088d268bc0f263f4,['MOVEIS E ELETRODOMESTICOS'],MOVEIS E ELETRODOMESTICOS
3293,843987ad16fdca324fc74eb57896cee2,"['ELETRONICOS,INFORMATICA E AUDIO']","ELETRONICOS,INFORMATICA E AUDIO"
3294,844826697082ff384c2cbc98384dd70e,['MOVEIS E ELETRODOMESTICOS'],MOVEIS E ELETRODOMESTICOS
3295,845ac06e0873e12e221a7f8a5ad06477,['MOVEIS E ELETRODOMESTICOS'],MOVEIS E ELETRODOMESTICOS
3296,847a065b23a7d02398792f10f38a9b12,['AUTOMOTIVO'],AUTOMOTIVO
3297,84869ba3df14629b57ca40c491a842e6,['MODA E BELEZA'],MODA E BELEZA
3298,8489131c7dcc42a6d6d7df1be6802643,['BRINQUEDOS E LAZER'],BRINQUEDOS E LAZER
3299,848ab881c02107858764faed825d804b,['BRINQUEDOS E LAZER'],BRINQUEDOS E LAZER
3300,848b99752538e17e5a48212d76416846,['CASA E CONFORTO'],CASA E CONFORTO
3301,84960d31af78367051a7134bf7b64f29,['MODA E BELEZA'],MODA E BELEZA
3302,84a4e538df041790d785fef8def30d62,['CASA E CONFORTO'],CASA E CONFORTO
3303,84b3b056e8c005f680939ef08864292d,['CASA E CONFORTO'],CASA E CONFORTO
3304,84b9c4e0d6fa518c27bacb0b602b028c,['ARTES E DECORACAO'],ARTES E DECORACAO
3305,84c1ef4f5624b36f93862b353cd6fef0,['FERRAMENTAS E CONSTRUCAO'],FERRAMENTAS E CONSTRUCAO
3306,84c6aab1664b33eb5607e118dc4bced8,"['ELETRONICOS,INFORMATICA E AUDIO']","ELETRONICOS,INFORMATICA E AUDIO"
3307,84cd555d3d1f2b32fb392b1dff57a851,['MODA E BELEZA'],MODA E BELEZA
3308,84db939b1ab9686533e9a06a0354beb6,"['ELETRONICOS,INFORMATICA E AUDIO']","ELETRONICOS,INFORMATICA E AUDIO"
3309,84dd66bcbf849a7cbc4f484e83152ec5,['MODA E BELEZA'],MODA E BELEZA
3310,84e18f4b5b541150af97e94f3cc0b2a7,"['ELETRONICOS,INFORMATICA E AUDIO']","ELETRONICOS,INFORMATICA E AUDIO"
3311,84e898dd83ad8b720859ce93c97509ba,['ALIMENTOS'],ALIMENTOS
3312,84ea561a36501265e6a147837868f416,['BRINQUEDOS E LAZER'],BRINQUEDOS E LAZER
3313,8506571faf231af2bd4e43d1ba47dce8,['MODA E BELEZA'],MODA E BELEZA
3314,850a1a50b15538e71f05dab30ce0099d,['CASA E CONFORTO'],CASA E CONFORTO
3315,851ca56d98d52355e12410122fe07fa6,['MODA E BELEZA'],MODA E BELEZA
3316,852fdd7b9e0ba140e88ebb71a0ff0094,['ARTES E DECORACAO'],ARTES E DECORACAO
3317,853fdd4f5504e5f2c286e302f0047f4f,"['ELETRONICOS,INFORMATICA E AUDIO']","ELETRONICOS,INFORMATICA E AUDIO"
3318,853fea10132fd987a6c350565818ba11,['BRINQUEDOS E LAZER'],BRINQUEDOS E LAZER
3319,854d9f86041d38857c38795f8c133494,"['ELETRONICOS,INFORMATICA E AUDIO']","ELETRONICOS,INFORMATICA E AUDIO"
3320,855ae4582654ba4a199f982c721df826,['MOVEIS E ELETRODOMESTICOS'],MOVEIS E ELETRODOMESTICOS
3321,855c2d10e8d3135c6cd5af5dd14d080e,['AUTOMOTIVO'],AUTOMOTIVO
3322,8564eda5247ce8353cdf36e0ccd2f2c7,['MODA E BELEZA'],MODA E BELEZA
3323,857699cd8c2658e12a5870b9b54eadfb,"['LIVROS, MUSICA E PAPELARIA']","LIVROS, MUSICA E PAPELARIA"
3324,85924005925accc8a231a9d98c6d0fea,['MODA E BELEZA'],MODA E BELEZA
3325,8599e76adf580692cddfebfcea8042f0,['MODA E BELEZA'],MODA E BELEZA
3326,85a00341850d3ac099340d190e2ec046,['CASA E CONFORTO'],CASA E CONFORTO
3327,85a0f4063a60774bca35eb38ffccd86c,['MODA E BELEZA'],MODA E BELEZA
3328,85a539b344a1fc574ec18a1196acfb75,"['LIVROS, MUSICA E PAPELARIA']","LIVROS, MUSICA E PAPELARIA"
3329,85a543ebc5aa8bcbbf7974c03ed49ca2,['MODA E BELEZA'],MODA E BELEZA
3330,85b65cf0a36d51265b279d78117ea65e,['MODA E BELEZA'],MODA E BELEZA
3331,85cc29ec13537a45485f0008fd8c1e0e,['CASA E CONFORTO'],CASA E CONFORTO
3332,85d32072051813056a0a92fdef601cbb,['BRINQUEDOS E LAZER'],BRINQUEDOS E LAZER
3333,85d42749c9d00c658c40e73f8e4d667b,['MODA E BELEZA'],MODA E BELEZA
3334,85dbef7e8d4c780110b5900a73b43556,['MODA E BELEZA'],MODA E BELEZA
3335,85dd1b320b4d8dcb8e905abbc53f8ed0,['CASA E CONFORTO'],CASA E CONFORTO
3336,85e82878a7121ee2d2018b2299b7915e,"['LIVROS, MUSICA E PAPELARIA']","LIVROS, MUSICA E PAPELARIA"
3337,85ee0b549c2d6696190c17f5b9be6991,['MODA E BELEZA'],MODA E BELEZA
3338,85ff97380814f8f14c1dea2f514b5fc8,"['ELETRONICOS,INFORMATICA E AUDIO']","ELETRONICOS,INFORMATICA E AUDIO"
3339,860a775a4c01146f0dac9eebe2ac8461,['BEBES'],BEBES
3340,860f0c4fdcb1c4c50661ee588b03254e,"['ELETRONICOS,INFORMATICA E AUDIO']","ELETRONICOS,INFORMATICA E AUDIO"
3341,861135e965db93780ab935ee79c6a68a,['CASA E CONFORTO'],CASA E CONFORTO
3342,86142baa5539c0e7ff98213f50d10b75,['BEBES'],BEBES
3343,861e8aba5f5eb922e650b5b186beb7a4,['MOVEIS E ELETRODOMESTICOS'],MOVEIS E ELETRODOMESTICOS
3344,8624511aa767a83ed91a47c158320964,['MODA E BELEZA'],MODA E BELEZA
3345,862d51a2b8b8a73b22b22b1502c6335b,['MOVEIS E ELETRODOMESTICOS'],MOVEIS E ELETRODOMESTICOS
3346,863e04a33f87d879ee00bf50cf65c5e2,['MODA E BELEZA'],MODA E BELEZA
3347,8653f85aa59de4b89435d4b44c8da67c,['ARTES E DECORACAO'],ARTES E DECORACAO
3348,866314550f6d7a55c82917d9b4463e1f,"['ELETRONICOS,INFORMATICA E AUDIO']","ELETRONICOS,INFORMATICA E AUDIO"
3349,866854be801db6f81ba03727c03615ed,"['ELETRONICOS,INFORMATICA E AUDIO']","ELETRONICOS,INFORMATICA E AUDIO"
3350,866aba819ecb20582614f90f9889da26,['CASA E CONFORTO'],CASA E CONFORTO
3351,866f5476165c062d96e0db0aed03c96a,['CASA E CONFORTO'],CASA E CONFORTO
3352,867b39e996af1e8e8a013206d83c98a4,['MODA E BELEZA'],MODA E BELEZA
3353,8681115ee9073763981721e9e4cadbe3,['FERRAMENTAS E CONSTRUCAO'],FERRAMENTAS E CONSTRUCAO
3354,868848b4871ab271d735d67e64584f81,['MOVEIS E ELETRODOMESTICOS'],MOVEIS E ELETRODOMESTICOS
3355,8690e66d045afe5a5bd8b559cacd335a,['MOVEIS E ELETRODOMESTICOS'],MOVEIS E ELETRODOMESTICOS
3356,86a0962f08397e9524a60256d2bce32d,"['ELETRONICOS,INFORMATICA E AUDIO']","ELETRONICOS,INFORMATICA E AUDIO"
3357,86a159c4f6b1da57e4f8d286a16e9c9f,['CASA E CONFORTO'],CASA E CONFORTO
3358,86af1e4b328bff98d4fc63ca4ce8e94f,['CASA E CONFORTO'],CASA E CONFORTO
3359,86b9ee478e155bf4e222854556559a7f,['BRINQUEDOS E LAZER'],BRINQUEDOS E LAZER
3360,86bf271e1a69a73159db69b6b820d8e2,"['ELETRONICOS,INFORMATICA E AUDIO']","ELETRONICOS,INFORMATICA E AUDIO"
3361,86c25bbc1d16736365d6e747e71695f0,['CASA E CONFORTO'],CASA E CONFORTO
3362,86c533ce44691f0e2aacdbba0442170a,['MODA E BELEZA'],MODA E BELEZA
3363,86c81a5199aa303d0b44657a790f73bd,['BRINQUEDOS E LAZER'],BRINQUEDOS E LAZER
3364,86e45b4f54438145ef4e56aafe0314d6,['FERRAMENTAS E CONSTRUCAO'],FERRAMENTAS E CONSTRUCAO
3365,86e808220bf5a6f24b942ef7108644be,['MOVEIS E ELETRODOMESTICOS'],MOVEIS E ELETRODOMESTICOS
3366,86f338c63b1a96a85a977708315c90a0,['MODA E BELEZA'],MODA E BELEZA
3367,86fc1ff8e36ed9aa98ba49bca26d44c3,['MODA E BELEZA'],MODA E BELEZA
3368,8711e162ef4e4e3a2e036a5ea880b844,['MODA E BELEZA'],MODA E BELEZA
3369,8715451d749566a538774eab286a64cd,['BEBES'],BEBES
3370,871ea4c791e2d977d094700806eef385,['CASA E CONFORTO'],CASA E CONFORTO
3371,87230abed36d9ec9a1dafd369948b4df,['MODA E BELEZA'],MODA E BELEZA
3372,8734071c7bfc4d453e59546b22c5ce0e,['MODA E BELEZA'],MODA E BELEZA
3373,87466e583daa1445bfc03e595265cdcb,['BEBES'],BEBES
3374,8747a928f786c8b31e0afb1b815886bc,['FERRAMENTAS E CONSTRUCAO'],FERRAMENTAS E CONSTRUCAO
3375,874a7690bc049bd4ce210d195bdfff7b,['BEBES'],BEBES
3376,874ebca0220c7586ef0eaf166bb83ea5,['MOVEIS E ELETRODOMESTICOS'],MOVEIS E ELETRODOMESTICOS
3377,87500eb4c129524a989447f3fb4d5c8d,['CASA E CONFORTO'],CASA E CONFORTO
3378,875011f2f7c12ea43db55297e2a29d82,"['ELETRONICOS,INFORMATICA E AUDIO']","ELETRONICOS,INFORMATICA E AUDIO"
3379,8750169950344f2a94fa7d156daa3097,['CASA E CONFORTO'],CASA E CONFORTO
3380,8757dc05fefc469b988804e017319c10,['MODA E BELEZA'],MODA E BELEZA
3381,875c175eb6577637f9001b99dc54a7e1,['MOVEIS E ELETRODOMESTICOS'],MOVEIS E ELETRODOMESTICOS
3382,8772e0a97847589e126a8fc3d6e05782,['CASA E CONFORTO'],CASA E CONFORTO
3383,878d8b6c3b9905f2eb5fe9d390c4c7db,"['ELETRONICOS,INFORMATICA E AUDIO']","ELETRONICOS,INFORMATICA E AUDIO"
3384,8791e495e7f1b8d77696f42ff295d945,['MODA E BELEZA'],MODA E BELEZA
3385,87999cc2deff757e5f5db42eb840675f,"['AGRO, INDUSTRIA E NEGOCIOS']","AGRO, INDUSTRIA E NEGOCIOS"
3386,879ed1a79b3970f510fdb4b4aa3f86e1,['BRINQUEDOS E LAZER'],BRINQUEDOS E LAZER
3387,87a330a52c9e677f1252f2f17e54cf65,"['ELETRONICOS,INFORMATICA E AUDIO']","ELETRONICOS,INFORMATICA E AUDIO"
3388,87b476f53da12dbaf8b42ba931985c93,['BRINQUEDOS E LAZER'],BRINQUEDOS E LAZER
3389,87bad102fdebff40d7f35773874f5c5d,['BEBES'],BEBES
3390,87c10d50798c3cb5476f246e91921a0b,"['ELETRONICOS,INFORMATICA E AUDIO']","ELETRONICOS,INFORMATICA E AUDIO"
3391,87ec13ef07cdf6f1e35508ad1057947e,['MODA E BELEZA'],MODA E BELEZA
3392,87ec7a9f029ae04e1e43ffc7bba7bfa5,['CASA E CONFORTO'],CASA E CONFORTO
3393,87ef9c6a3db3017348305df0c36ba7e8,['CASA E CONFORTO'],CASA E CONFORTO
3394,87f795f6abd4bbe786854091a9c6e651,['MOVEIS E ELETRODOMESTICOS'],MOVEIS E ELETRODOMESTICOS
3395,87fbaf80a5baf8a4b61821115117f999,"['ELETRONICOS,INFORMATICA E AUDIO']","ELETRONICOS,INFORMATICA E AUDIO"
3396,87fc097f0342e12e5eeb4e772b40a96a,['AUTOMOTIVO'],AUTOMOTIVO
3397,87fdbf51d1ca05cd443a8cbc44c1f5ee,['FERRAMENTAS E CONSTRUCAO'],FERRAMENTAS E CONSTRUCAO
3398,8800d14eb6eb6031624538ca8750b921,"['ELETRONICOS,INFORMATICA E AUDIO']","ELETRONICOS,INFORMATICA E AUDIO"
3399,8803010b50c509475d4e35905172b800,['MODA E BELEZA'],MODA E BELEZA
3400,88096595631e8d26b658306256e3ce34,['BEBES'],BEBES
3401,880a2443009447fa88b518da4806fc93,['MODA E BELEZA'],MODA E BELEZA
3402,8811b551e13f7f1be237272ebb8c30cb,['MODA E BELEZA'],MODA E BELEZA
3403,8814f631c904625a3d275d23f5e3c45f,['BRINQUEDOS E LAZER'],BRINQUEDOS E LAZER
3404,88298d252bed01a2c1f80676edc1d2b9,['ARTES E DECORACAO'],ARTES E DECORACAO
3405,8832a55faa17956aab37de69db1f357e,['CASA E CONFORTO'],CASA E CONFORTO
3406,88498659c4bfb68808d6b49a57a6ed17,['AUTOMOTIVO'],AUTOMOTIVO
3407,884b42885f11cac2abce880659eb1b0b,['MODA E BELEZA'],MODA E BELEZA
3408,88533cdc749b41efefe8dac52721572a,['MOVEIS E ELETRODOMESTICOS'],MOVEIS E ELETRODOMESTICOS
3409,88596e84592cd67e51c4727732dddde0,['MOVEIS E ELETRODOMESTICOS'],MOVEIS E ELETRODOMESTICOS
3410,885ae5d5896b9a5f3bd2a626876ace12,['MODA E BELEZA'],MODA E BELEZA
3411,8863958cd300b0b2cfb1b8db3326dd38,['MODA E BELEZA'],MODA E BELEZA
3412,8866ae65c875985acc6fd5772fa8e4a9,['PET SHOP'],PET SHOP
3413,887c5d8c7e26394fd67b1ba6f1c72c7a,['AUTOMOTIVO'],AUTOMOTIVO
3414,888145bee8f63a354c8b421852577b73,['BRINQUEDOS E LAZER'],BRINQUEDOS E LAZER
3415,88879beae0f0296595d49325ad667489,['CASA E CONFORTO'],CASA E CONFORTO
3416,888dc2fb617ecbaa3f82d5ba4294a0d6,"['ELETRONICOS,INFORMATICA E AUDIO']","ELETRONICOS,INFORMATICA E AUDIO"
3417,88986b613097da641340bc366a2d91d4,"['ELETRONICOS,INFORMATICA E AUDIO']","ELETRONICOS,INFORMATICA E AUDIO"
3418,889f4a91a6dd40de2cff5139cf2da1e6,['BRINQUEDOS E LAZER'],BRINQUEDOS E LAZER
3419,88aa3c3fb095aabfed68ad9cfe82c151,['CASA E CONFORTO'],CASA E CONFORTO
3420,88abc7f56b29139888abe397ab368518,"['LIVROS, MUSICA E PAPELARIA']","LIVROS, MUSICA E PAPELARIA"
3421,88ae9b9dc65aa9f22722800a34d865c3,"['ELETRONICOS,INFORMATICA E AUDIO']","ELETRONICOS,INFORMATICA E AUDIO"
3422,88b67ddbb7527017f796c80b3bb38051,['MODA E BELEZA'],MODA E BELEZA
3423,88bdc1b450547cf9abf79d07f2aedbac,['CASA E CONFORTO'],CASA E CONFORTO
3424,88bf5b4aa46a6a1db2d81f68b8983a42,['CASA E CONFORTO'],CASA E CONFORTO
3425,88bfffb703ac4ca796838e203eb033b2,['CASA E CONFORTO'],CASA E CONFORTO
3426,88c1796abf705db4504c5e18914edfce,"['ELETRONICOS,INFORMATICA E AUDIO']","ELETRONICOS,INFORMATICA E AUDIO"
3427,88c1da223617b94fe4a238ab01b8a541,['CASA E CONFORTO'],CASA E CONFORTO
3428,88c588c116fd06fb8e48dd83af88ec4a,['FERRAMENTAS E CONSTRUCAO'],FERRAMENTAS E CONSTRUCAO
3429,88c73414c84d0729fdfc26ad5442963e,['BRINQUEDOS E LAZER'],BRINQUEDOS E LAZER
3430,88ce73cc24548143016810f81a9e53d4,['AUTOMOTIVO'],AUTOMOTIVO
3431,88d0690c4598321b6166f806c2da7034,"['ELETRONICOS,INFORMATICA E AUDIO']","ELETRONICOS,INFORMATICA E AUDIO"
3432,88d845f17b3dbf8c5d642a0ffcea2e48,['PET SHOP'],PET SHOP
3433,88e06e052985636ec90e5e7337150b62,['MODA E BELEZA'],MODA E BELEZA
3434,88f162df555c1ba5f45becb23b9e521b,['BRINQUEDOS E LAZER'],BRINQUEDOS E LAZER
3435,88fb1f364095174f013123c8a3781c31,['MODA E BELEZA'],MODA E BELEZA
3436,8907bb9eea50481b73734c7aa8fd2e16,['MOVEIS E ELETRODOMESTICOS'],MOVEIS E ELETRODOMESTICOS
3437,891331814ee1cbcb8f77a53b2b136099,['BRINQUEDOS E LAZER'],BRINQUEDOS E LAZER
3438,891f571079436f35901706c6abe82ab0,['CASA E CONFORTO'],CASA E CONFORTO
3439,89243c8b1f29ba7a225bdad8061fb473,['MOVEIS E ELETRODOMESTICOS'],MOVEIS E ELETRODOMESTICOS
3440,893586a39118c946cd346581dd2d2d6b,['MODA E BELEZA'],MODA E BELEZA
3441,893898b048df9dfeafedf2c86eb5037c,['MODA E BELEZA'],MODA E BELEZA
3442,89459df51caaa029d2494f4b36f1b96a,['FERRAMENTAS E CONSTRUCAO'],FERRAMENTAS E CONSTRUCAO
3443,89561bab2f540ec47002eb8e0fbec2a8,['BRINQUEDOS E LAZER'],BRINQUEDOS E LAZER
3444,8962562ed377c8bcf6f9854a016989f1,['AUTOMOTIVO'],AUTOMOTIVO
3445,89739437b72ddcc97ca62d9ce338d0fd,"['AGRO, INDUSTRIA E NEGOCIOS']","AGRO, INDUSTRIA E NEGOCIOS"
3446,8973a53fcad22a79e0ff315e7f9a0fd9,['PET SHOP'],PET SHOP
3447,89875b3e82ac7361593b7c13d1ea5a02,"['ELETRONICOS,INFORMATICA E AUDIO']","ELETRONICOS,INFORMATICA E AUDIO"
3448,89898719573722b59b173f76fb213501,['MOVEIS E ELETRODOMESTICOS'],MOVEIS E ELETRODOMESTICOS
3449,8994132130033d9e2bdc70f74f3d4819,['MOVEIS E ELETRODOMESTICOS'],MOVEIS E ELETRODOMESTICOS
3450,89a0a77e08de8ab75948884f114d9cbf,['MODA E BELEZA'],MODA E BELEZA
3451,89aaf44e5c7771fbdeacb9baa428988b,"['ELETRONICOS,INFORMATICA E AUDIO']","ELETRONICOS,INFORMATICA E AUDIO"
3452,89ab5609dfc901cc9824e0a62cbefe59,['ARTES E DECORACAO'],ARTES E DECORACAO
3453,89bd46bd027ae866a59a72810b4adc95,['AUTOMOTIVO'],AUTOMOTIVO
3454,89ca1c6fae0e21f0395c0e3b1d89914e,"['LIVROS, MUSICA E PAPELARIA']","LIVROS, MUSICA E PAPELARIA"
3455,89cbe85970695c78a58dd5f1d0e0fd35,"['ELETRONICOS,INFORMATICA E AUDIO']","ELETRONICOS,INFORMATICA E AUDIO"
3456,89d168052a4a2101c7fde7f4e82c3ef8,['FERRAMENTAS E CONSTRUCAO'],FERRAMENTAS E CONSTRUCAO
3457,89ddf23f8fe73ace16b54d219a527277,['MOVEIS E ELETRODOMESTICOS'],MOVEIS E ELETRODOMESTICOS
3458,89e02379eee525e09813dc8e5ba99213,['AUTOMOTIVO'],AUTOMOTIVO
3459,89e4480fbd3d9e4798dc09b84ec53334,"['ELETRONICOS,INFORMATICA E AUDIO']","ELETRONICOS,INFORMATICA E AUDIO"
3460,89e7c89d4642d0f6de33b1314a209e96,['MODA E BELEZA'],MODA E BELEZA
3461,89e97436eb773d674dff53e707784585,['ALIMENTOS'],ALIMENTOS
3462,89ebd79ad71b2c262053c712c9b32312,"['ELETRONICOS,INFORMATICA E AUDIO']","ELETRONICOS,INFORMATICA E AUDIO"
3463,89f8602d413491ac3de45d5b5ea6406d,"['ELETRONICOS,INFORMATICA E AUDIO']","ELETRONICOS,INFORMATICA E AUDIO"
3464,8a0b2bc5c7a1c524635f4de8bae9dffe,['ARTES E DECORACAO'],ARTES E DECORACAO
3465,8a2e7843f87846d9318900e87497574e,['PET SHOP'],PET SHOP
3466,8a5752db160f5853a435772f9c862b14,['CASA E CONFORTO'],CASA E CONFORTO
3467,8a5c6f8c338d3e4804bd969ba46d5d0c,['CASA E CONFORTO'],CASA E CONFORTO
3468,8a5dedf23891883d88a7f6e28b880c8f,['CASA E CONFORTO'],CASA E CONFORTO
3469,8a73d5c259820a920b0a1bdd8dbaa6af,['MODA E BELEZA'],MODA E BELEZA
3470,8a75ced6f19cc287863a3444fd11f74c,['BEBES'],BEBES
3471,8a7679380ddbbbe7495aa2d1cafd515b,['ALIMENTOS'],ALIMENTOS
3472,8a795486f112df15565463862960aa40,['AUTOMOTIVO'],AUTOMOTIVO
3473,8a81337c086e3ab740913c061cf6c2d4,['PET SHOP'],PET SHOP
3474,8a88cd510147b16da3ff773025a39430,['ALIMENTOS'],ALIMENTOS
3475,8a8d67749f79cb235dfa50f5f4a809de,['CASA E CONFORTO'],CASA E CONFORTO
3476,8a900546a08c4b2d69804b4746a67e88,['MODA E BELEZA'],MODA E BELEZA
3477,8a978fd62dcc5d4c42fe95a394f718bb,['MODA E BELEZA'],MODA E BELEZA
3478,8a9da308d726841021141d81dea615b1,['PET SHOP'],PET SHOP
3479,8aa9548fa899cb3509257727e76fbfad,['MODA E BELEZA'],MODA E BELEZA
3480,8ab08a832f16966f270a9bbffe395cfa,['FERRAMENTAS E CONSTRUCAO'],FERRAMENTAS E CONSTRUCAO
3481,8ac5066a163c60c1ae9bf17200df3dd1,"['ELETRONICOS,INFORMATICA E AUDIO']","ELETRONICOS,INFORMATICA E AUDIO"
3482,8ac618028633e98678ec484cb98a073a,"['ELETRONICOS,INFORMATICA E AUDIO']","ELETRONICOS,INFORMATICA E AUDIO"
3483,8ac76b2c458e279fd79101768998c836,['CASA E CONFORTO'],CASA E CONFORTO
3484,8ad14ad7dd26465b377d99c9e26eb76f,['CASA E CONFORTO'],CASA E CONFORTO
3485,8ad3f1d0f96992e43566c4c82c9f6c58,['AUTOMOTIVO'],AUTOMOTIVO
3486,8adc2cd3ee5e7b81b1d476e6878714fa,['FERRAMENTAS E CONSTRUCAO'],FERRAMENTAS E CONSTRUCAO
3487,8ae0da24fb052b94dbf0d5c1527cda13,['BRINQUEDOS E LAZER'],BRINQUEDOS E LAZER
3488,8ae758e9dfba42257dd89e48380b3d1e,['CASA E CONFORTO'],CASA E CONFORTO
3489,8ae7bca1e289e5b580b39a20f9454900,['MODA E BELEZA'],MODA E BELEZA
3490,8af8d03ef1d18e7e6c062eb26d9cb36e,"['LIVROS, MUSICA E PAPELARIA']","LIVROS, MUSICA E PAPELARIA"
3491,8afd15d26436c60441bf3ee71d2a91a8,['CASA E CONFORTO'],CASA E CONFORTO
3492,8b01dbab48de4c2a6edcca84a1798df0,['AUTOMOTIVO'],AUTOMOTIVO
3493,8b0c41cf775bc5fd52a29c39f9a40537,['MOVEIS E ELETRODOMESTICOS'],MOVEIS E ELETRODOMESTICOS
3494,8b0d556af68672c609357030e4672671,"['ELETRONICOS,INFORMATICA E AUDIO']","ELETRONICOS,INFORMATICA E AUDIO"
3495,8b1999cf2912d6be6f23ce1474751748,['MODA E BELEZA'],MODA E BELEZA
3496,8b1a9c54d1ba09cc40591511d388d286,['MOVEIS E ELETRODOMESTICOS'],MOVEIS E ELETRODOMESTICOS
3497,8b1f6556b4b14ed4fb238e3a2128c592,['BRINQUEDOS E LAZER'],BRINQUEDOS E LAZER
3498,8b37f436aea079bd73bbcbe103d14a0b,['MODA E BELEZA'],MODA E BELEZA
3499,8b3bda465a61f930742d256916d1d7d9,"['ELETRONICOS,INFORMATICA E AUDIO']","ELETRONICOS,INFORMATICA E AUDIO"
3500,8b41e34451a7b359ebae366d22e4abd4,['AUTOMOTIVO'],AUTOMOTIVO
3501,8b4fc455b9a8cc1559dca8dd2d392ddd,['BRINQUEDOS E LAZER'],BRINQUEDOS E LAZER
3502,8b57d8238179a3fe33158f6f4daf959f,['FERRAMENTAS E CONSTRUCAO'],FERRAMENTAS E CONSTRUCAO
3503,8b684bf930252b4bf12586346b4ebbba,['MODA E BELEZA'],MODA E BELEZA
3504,8b75c1d5d99e30c53acf26bdfd1f29bc,"['ELETRONICOS,INFORMATICA E AUDIO']","ELETRONICOS,INFORMATICA E AUDIO"
3505,8b79235214c377ff89c61ab4667f404f,['MODA E BELEZA'],MODA E BELEZA
3506,8b7fd198ad184563c231653673e75a7f,['MOVEIS E ELETRODOMESTICOS'],MOVEIS E ELETRODOMESTICOS
3507,8b9b26610d247c36c7706cd0538c47d8,"['ELETRONICOS,INFORMATICA E AUDIO']","ELETRONICOS,INFORMATICA E AUDIO"
3508,8b9fde773dec0dfd4be4beaa1ada46bf,['MODA E BELEZA'],MODA E BELEZA
3509,8bcb04c1ca645d109ed37389fda5dbb0,"['ELETRONICOS,INFORMATICA E AUDIO']","ELETRONICOS,INFORMATICA E AUDIO"
3510,8bec10779c439cbca16b5d86fae19f72,['MODA E BELEZA'],MODA E BELEZA
3511,8bf34e270470d172db01882f498e9162,['AUTOMOTIVO'],AUTOMOTIVO
3512,8c026d542e6e6803115061acaed02330,['BRINQUEDOS E LAZER'],BRINQUEDOS E LAZER
3513,8c23f60e51f9e3aec7d9e0c07fa3d8f1,['CASA E CONFORTO'],CASA E CONFORTO
3514,8c3651ff7833e7345fd13c7132f9880c,['MODA E BELEZA'],MODA E BELEZA
3515,8c37353173db5c03df9e813cfe9a9326,['MODA E BELEZA'],MODA E BELEZA
3516,8c3d2c3e7e08f8c80f9df48b70ef5d90,['AUTOMOTIVO'],AUTOMOTIVO
3517,8c695ffcf56400764176fd1789ec7fa2,"['LIVROS, MUSICA E PAPELARIA']","LIVROS, MUSICA E PAPELARIA"
3518,8c7304b887c62d8b229df046f90e44f4,['BEBES'],BEBES
3519,8c81d5854b1977c139c82372fade2084,['CASA E CONFORTO'],CASA E CONFORTO
3520,8c889ab361bbfe14ea5ebfb5ef7053b4,['BEBES'],BEBES
3521,8c8bf66336e3c7cdc9f751fbfac37a85,['BRINQUEDOS E LAZER'],BRINQUEDOS E LAZER
3522,8c8d824536e2e08f134637875b9154ba,['FERRAMENTAS E CONSTRUCAO'],FERRAMENTAS E CONSTRUCAO
3523,8cb3659728a1beea766bb63eaa1cd1f9,['BRINQUEDOS E LAZER'],BRINQUEDOS E LAZER
3524,8cb5fe50fcb1a1155fa2f27857895eaf,['AUTOMOTIVO'],AUTOMOTIVO
3525,8cbd694bc3280b8cbc9120d759a30b0d,['MODA E BELEZA'],MODA E BELEZA
3526,8ce09fabe89667119f813bcaa531e675,['CASA E CONFORTO'],CASA E CONFORTO
3527,8ce19cd80af40e6cb55f3e3abdc5a5cd,['MODA E BELEZA'],MODA E BELEZA
3528,8cf0fd0e7dc9c106fa1f09ba6bce7626,['BRINQUEDOS E LAZER'],BRINQUEDOS E LAZER
3529,8d041d799681ab5221f1fd956d1d59f7,['MOVEIS E ELETRODOMESTICOS'],MOVEIS E ELETRODOMESTICOS
3530,8d09a7e7d220830b7dee508ed8ae1e01,['CASA E CONFORTO'],CASA E CONFORTO
3531,8d0b6018a2f4e690127e0a2ea6cb4ee7,['CASA E CONFORTO'],CASA E CONFORTO
3532,8d1bc6d158769393c1ec54c05b734652,['CASA E CONFORTO'],CASA E CONFORTO
3533,8d26b65d067075e451f93045b9c689db,['CASA E CONFORTO'],CASA E CONFORTO
3534,8d2e2f8961edaf0d8c1af2217a872726,['CASA E CONFORTO'],CASA E CONFORTO
3535,8d32bc48e3a459779502bdd1ee5d2f9d,['AUTOMOTIVO'],AUTOMOTIVO
3536,8d3a0426fb1b51bacd3297517f48b0ae,['MODA E BELEZA'],MODA E BELEZA
3537,8d4b407022b632729179432fdecbc16e,['CASA E CONFORTO'],CASA E CONFORTO
3538,8d4bf0250a288cb514e50be83d8d6cd1,['CASA E CONFORTO'],CASA E CONFORTO
3539,8d4defaad3d1206dde5189a813b794f2,"['ELETRONICOS,INFORMATICA E AUDIO']","ELETRONICOS,INFORMATICA E AUDIO"
3540,8d71c4f38d584ca7e192f7e02dd592f1,['MOVEIS E ELETRODOMESTICOS'],MOVEIS E ELETRODOMESTICOS
3541,8d73d05fe1d2142179985e04712e8485,['MODA E BELEZA'],MODA E BELEZA
3542,8db35cfa7522e6f03c9c0965ab39517a,['BRINQUEDOS E LAZER'],BRINQUEDOS E LAZER
3543,8db4732513ea9f79910c0de430ec946d,['FERRAMENTAS E CONSTRUCAO'],FERRAMENTAS E CONSTRUCAO
3544,8db7209b4e4d6b658babdeb4952b8328,['MODA E BELEZA'],MODA E BELEZA
3545,8dc4c4d71a331ed46a559ad3d77fe682,['MOVEIS E ELETRODOMESTICOS'],MOVEIS E ELETRODOMESTICOS
3546,8dcb7601ceb0b144a5fdd0055b91ba28,"['LIVROS, MUSICA E PAPELARIA']","LIVROS, MUSICA E PAPELARIA"
3547,8dcedca18bb1b1f7a5db3ebb636f372e,['MODA E BELEZA'],MODA E BELEZA
3548,8de50bbc56062ea401a2c61c36f46585,['FERRAMENTAS E CONSTRUCAO'],FERRAMENTAS E CONSTRUCAO
3549,8deeb79137075638ab088643f9fe8c17,['MOVEIS E ELETRODOMESTICOS'],MOVEIS E ELETRODOMESTICOS
3550,8e084e8efad16f27d7f26e71af985ce2,['CASA E CONFORTO'],CASA E CONFORTO
3551,8e0b25f18db440912bbd8f49eea80abc,['BRINQUEDOS E LAZER'],BRINQUEDOS E LAZER
3552,8e1c48bbab58c6a5c96e535f7c294eb5,['MOVEIS E ELETRODOMESTICOS'],MOVEIS E ELETRODOMESTICOS
3553,8e25d7ae5953ee779b0bb0a71e434b4c,"['ELETRONICOS,INFORMATICA E AUDIO']","ELETRONICOS,INFORMATICA E AUDIO"
3554,8e2f8b9c4a47354c52c4bc7701e933b0,['ARTES E DECORACAO'],ARTES E DECORACAO
3555,8e3ab8811f9c3a04413aa4e14f84b872,['CASA E CONFORTO'],CASA E CONFORTO
3556,8e3b10ce93deae6a8e8739b7a41b86d5,['CASA E CONFORTO'],CASA E CONFORTO
3557,8e3c10b463cb2ffb94546b5e9f05cd05,['MOVEIS E ELETRODOMESTICOS'],MOVEIS E ELETRODOMESTICOS
3558,8e62a916598b1e9653b5c5b8ade92fed,['CASA E CONFORTO'],CASA E CONFORTO
3559,8e65781b8f5e21774c8d7b09dd79b964,['CASA E CONFORTO'],CASA E CONFORTO
3560,8e6c25f5e4548a8a880c0339b15b8ab7,['CASA E CONFORTO'],CASA E CONFORTO
3561,8e6c595509a4fd87ead753eb70ea8c9f,"['ELETRONICOS,INFORMATICA E AUDIO']","ELETRONICOS,INFORMATICA E AUDIO"
3562,8e71c86d2b713a3391b21218049434f6,['BRINQUEDOS E LAZER'],BRINQUEDOS E LAZER
3563,8e81e473c93d414e73105233e248347b,['CASA E CONFORTO'],CASA E CONFORTO
3564,8e8fa3f7495c77b64b5be78ad49c4a8f,['BRINQUEDOS E LAZER'],BRINQUEDOS E LAZER
3565,8eaa57692984fa5db36b0fdeaf44b66a,['MODA E BELEZA'],MODA E BELEZA
3566,8eabb0219281482f84013cbc8a4e5364,"['LIVROS, MUSICA E PAPELARIA']","LIVROS, MUSICA E PAPELARIA"
3567,8ebbdbcc79e51da16021583a29f2ee21,['MODA E BELEZA'],MODA E BELEZA
3568,8ed2e158bceb31356405b9ac8a67ee0f,['MOVEIS E ELETRODOMESTICOS'],MOVEIS E ELETRODOMESTICOS
3569,8eda634e0a441cc94d73885ca16ecadd,['FERRAMENTAS E CONSTRUCAO'],FERRAMENTAS E CONSTRUCAO
3570,8f0033d3ef07e82e7e942e4136cfbf50,['CASA E CONFORTO'],CASA E CONFORTO
3571,8f003b284055ebd824f3f4b259a49045,"['LIVROS, MUSICA E PAPELARIA']","LIVROS, MUSICA E PAPELARIA"
3572,8f0937285bd1bba4cfc8332ee467b490,['BRINQUEDOS E LAZER'],BRINQUEDOS E LAZER
3573,8f09ac6e9b4016ac9b69b4b6559d8ecb,['CASA E CONFORTO'],CASA E CONFORTO
3574,8f0a30876e1febd0d9d5743b349c8e26,['CASA E CONFORTO'],CASA E CONFORTO
3575,8f0f01a6b1970e8f3c336a6b93b96d9c,['FERRAMENTAS E CONSTRUCAO'],FERRAMENTAS E CONSTRUCAO
3576,8f118ea8f1f2d5c3e18488776e2caca0,['MODA E BELEZA'],MODA E BELEZA
3577,8f1327c6715c7cc4ed142be589174903,['CASA E CONFORTO'],CASA E CONFORTO
3578,8f13ca9482f62f69781a1141ebad41e9,['MODA E BELEZA'],MODA E BELEZA
3579,8f1a41d5bbeb94665f4ada45facb4cf5,['MODA E BELEZA'],MODA E BELEZA
3580,8f28ec50f5b8025bd728c535fbd7eacd,['PET SHOP'],PET SHOP
3581,8f3c9dee0b510175b90cce425174b78e,['MODA E BELEZA'],MODA E BELEZA
3582,8f403b0cd8695918b7937e91e5b39c5e,['BRINQUEDOS E LAZER'],BRINQUEDOS E LAZER
3583,8f4235528e51aeb039cdf73bc049c7e1,['MODA E BELEZA'],MODA E BELEZA
3584,8f4350670751e101afb4d732a2ec8ac8,['CASA E CONFORTO'],CASA E CONFORTO
3585,8f4c2a460cb59272ca055d4203b0f440,['MODA E BELEZA'],MODA E BELEZA
3586,8f578fbe296dae4b9f11a4996da9c47d,"['LIVROS, MUSICA E PAPELARIA']","LIVROS, MUSICA E PAPELARIA"
3587,8f601ac781af24a47c8faaa3ae3e2f1c,"['ELETRONICOS,INFORMATICA E AUDIO']","ELETRONICOS,INFORMATICA E AUDIO"
3588,8f684cba1286ba5b549d75dd493e599f,['MODA E BELEZA'],MODA E BELEZA
3589,8f6f263a5e96515d5534199b74cb7748,"['ELETRONICOS,INFORMATICA E AUDIO']","ELETRONICOS,INFORMATICA E AUDIO"
3590,8f7f000c35c951ac51ce055b965ef2c9,['BRINQUEDOS E LAZER'],BRINQUEDOS E LAZER
3591,8f81186474a3ea634c707a15814fa1ce,['MODA E BELEZA'],MODA E BELEZA
3592,8f9005e33af4e9098cb514dd5f44b0bb,['ARTES E DECORACAO'],ARTES E DECORACAO
3593,8f91b7a70604c68b017c9f0f74149c1c,['MODA E BELEZA'],MODA E BELEZA
3594,8fb8d0916495ed884bf2dc5db9c771ce,"['ELETRONICOS,INFORMATICA E AUDIO']","ELETRONICOS,INFORMATICA E AUDIO"
3595,8fc207e94fa91a7649c5a5dab690272a,['CASA E CONFORTO'],CASA E CONFORTO
3596,8fc45fcea7ef26a592a2f96dc5fd9b05,['MOVEIS E ELETRODOMESTICOS'],MOVEIS E ELETRODOMESTICOS
3597,8fc47f65b54791a23f7051b6afdaf246,['CASA E CONFORTO'],CASA E CONFORTO
3598,8fc8761fcdb6ded41323d2a484136e63,['MOVEIS E ELETRODOMESTICOS'],MOVEIS E ELETRODOMESTICOS
3599,8fcc357da7ca48e86ae2423b5e95bffe,['BEBES'],BEBES
3600,8fd10b4326b26a7131022cf8f659abef,['BEBES'],BEBES
3601,8fde182213914d24ed0bb9d4b02371a0,['BRINQUEDOS E LAZER'],BRINQUEDOS E LAZER
3602,8ff20d37027a8cfec2d000bef37ec50e,['CASA E CONFORTO'],CASA E CONFORTO
3603,8ff6ab5092f178654b69b95482c18556,['CASA E CONFORTO'],CASA E CONFORTO
3604,8ffdb23dc30d4050e387117034445f98,['CASA E CONFORTO'],CASA E CONFORTO
3605,901742f6e040a1c33f13d686dff01cb1,"['ELETRONICOS,INFORMATICA E AUDIO']","ELETRONICOS,INFORMATICA E AUDIO"
3606,901884e93a6e353950d63cf7a16621ef,['CASA E CONFORTO'],CASA E CONFORTO
3607,90195b2be816e11d2c854069f663f7f0,['MOVEIS E ELETRODOMESTICOS'],MOVEIS E ELETRODOMESTICOS
3608,901db8b5147279a8318455a65fcd653e,"['ELETRONICOS,INFORMATICA E AUDIO']","ELETRONICOS,INFORMATICA E AUDIO"
3609,9022823fc38d81801009f09e72eb9dd9,"['ELETRONICOS,INFORMATICA E AUDIO']","ELETRONICOS,INFORMATICA E AUDIO"
3610,902316ef1cc830ad9d566236f720309f,['BRINQUEDOS E LAZER'],BRINQUEDOS E LAZER
3611,902ea46124998b0aecac8f6e6480cecc,['CASA E CONFORTO'],CASA E CONFORTO
3612,905295157bd28424f6c3139dcde920aa,['BRINQUEDOS E LAZER'],BRINQUEDOS E LAZER
3613,905cf34043925642f36abb99eea3f3d6,"['ELETRONICOS,INFORMATICA E AUDIO']","ELETRONICOS,INFORMATICA E AUDIO"
3614,90674f59a21207f91a7387785c66f340,['CASA E CONFORTO'],CASA E CONFORTO
3615,906f3bc1c109fc6476f1d3002448f260,['MODA E BELEZA'],MODA E BELEZA
3616,907424cd045f2dcb775507e367f9ab60,['MODA E BELEZA'],MODA E BELEZA
3617,9093d1fda3e04c4f34b2cd7b0fc18549,['MODA E BELEZA'],MODA E BELEZA
3618,9094084d8327200637ee690adb247b4e,['MODA E BELEZA'],MODA E BELEZA
3619,909b69f5894c4b1a14264b64f98b4e10,['MODA E BELEZA'],MODA E BELEZA
3620,90a0728a1ce3a04e661798e3db7d842b,['CASA E CONFORTO'],CASA E CONFORTO
3621,90ae645ceacd8832133a491224beb6b1,['BRINQUEDOS E LAZER'],BRINQUEDOS E LAZER
3622,90af509116dd9cda36bd46bef66e0a8a,['CASA E CONFORTO'],CASA E CONFORTO
3623,90b22de691552b213f33c2a25c74c413,['BRINQUEDOS E LAZER'],BRINQUEDOS E LAZER
3624,90baa6d3d361db0998df0ce29f002777,['FERRAMENTAS E CONSTRUCAO'],FERRAMENTAS E CONSTRUCAO
3625,90d36c9ade58b86290e2b48ca7348cc2,['FERRAMENTAS E CONSTRUCAO'],FERRAMENTAS E CONSTRUCAO
3626,90d5620d5953ab91dee8d433291dd274,['AUTOMOTIVO'],AUTOMOTIVO
3627,90e2de5e3c7e68c82623b0bdcfc301b4,['BEBES'],BEBES
3628,90f0e72dfebcd41e26656d079d881674,['MODA E BELEZA'],MODA E BELEZA
3629,90f7af0187e8633c3a1f22e397558fe1,['FERRAMENTAS E CONSTRUCAO'],FERRAMENTAS E CONSTRUCAO
3630,911655697632aa4dc54e0cd37cc360a0,"['ELETRONICOS,INFORMATICA E AUDIO']","ELETRONICOS,INFORMATICA E AUDIO"
3631,912806f58b85a8b3b9a57757227c9a36,['MOVEIS E ELETRODOMESTICOS'],MOVEIS E ELETRODOMESTICOS
3632,913908597fea142985168af1fc46a6e5,['MOVEIS E ELETRODOMESTICOS'],MOVEIS E ELETRODOMESTICOS
3633,913f18fcb317f3eee87b26f9b241c683,['CASA E CONFORTO'],CASA E CONFORTO
3634,91415c7eb3a9313812484623efc7ee27,"['ELETRONICOS,INFORMATICA E AUDIO']","ELETRONICOS,INFORMATICA E AUDIO"
3635,917738df2199692a3d9b6d85680a6595,['MOVEIS E ELETRODOMESTICOS'],MOVEIS E ELETRODOMESTICOS
3636,918a23b289e2ce640ef9dc1f1b4043c5,['MOVEIS E ELETRODOMESTICOS'],MOVEIS E ELETRODOMESTICOS
3637,919478165f319106c2cd5c2d85ec666f,['CASA E CONFORTO'],CASA E CONFORTO
3638,91aaaf219275f612b65aa7eeee4e6cff,['CASA E CONFORTO'],CASA E CONFORTO
3639,91bcade2288597459e1dbce52d6d0ef9,['MOVEIS E ELETRODOMESTICOS'],MOVEIS E ELETRODOMESTICOS
3640,91bd70d2eea039bdce8aa710d69ad630,['MOVEIS E ELETRODOMESTICOS'],MOVEIS E ELETRODOMESTICOS
3641,91bf2a67e8d316444406c19cf587914a,['CASA E CONFORTO'],CASA E CONFORTO
3642,91c4fb2a013280c780ea608101fcac7c,['CASA E CONFORTO'],CASA E CONFORTO
3643,91c7af31bbff981f2530987c8d5d5ae2,['CASA E CONFORTO'],CASA E CONFORTO
3644,91cb837eb3bd9136636db21568d04a78,['MODA E BELEZA'],MODA E BELEZA
3645,91d74caa280901d4fb685fede0703987,"['ELETRONICOS,INFORMATICA E AUDIO']","ELETRONICOS,INFORMATICA E AUDIO"
3646,91de6d82a66a52cbc3286556438b4705,"['ELETRONICOS,INFORMATICA E AUDIO']","ELETRONICOS,INFORMATICA E AUDIO"
3647,920c5e9d5a8a142e714aed65b5e06f8f,['CASA E CONFORTO'],CASA E CONFORTO
3648,9215daa2d711ae5055008f444f6688c8,"['LIVROS, MUSICA E PAPELARIA']","LIVROS, MUSICA E PAPELARIA"
3649,921ccf9b5f8379e9262fabe9b953c55e,['MODA E BELEZA'],MODA E BELEZA
3650,922162cabb84e44a2efa143dd96ef464,['MODA E BELEZA'],MODA E BELEZA
3651,9223919b300f6989e1715333fca0d6ce,['CASA E CONFORTO'],CASA E CONFORTO
3652,9228682487293a245fb99c6f6b82fa23,['BRINQUEDOS E LAZER'],BRINQUEDOS E LAZER
3653,92332bfe0b5269414ff8497677a10d5f,"['ELETRONICOS,INFORMATICA E AUDIO']","ELETRONICOS,INFORMATICA E AUDIO"
3654,923b32346120d8512fe32b6842bad3c1,['MODA E BELEZA'],MODA E BELEZA
3655,923c0d198a67f5fa9216397a9cba2047,['CASA E CONFORTO'],CASA E CONFORTO
3656,923dbd74822b55ab663759d1bb50823f,['PET SHOP'],PET SHOP
3657,9254ea56fb8aecea0b411b6a605e0ebb,['MOVEIS E ELETRODOMESTICOS'],MOVEIS E ELETRODOMESTICOS
3658,92599308ba8d89889268df82c199bae4,['CASA E CONFORTO'],CASA E CONFORTO
3659,9262aac73cb6b5fc9e1470cc0caeebfd,"['ELETRONICOS,INFORMATICA E AUDIO']","ELETRONICOS,INFORMATICA E AUDIO"
3660,9263d44e38972f77bc8c17ad8c063fa1,['MODA E BELEZA'],MODA E BELEZA
3661,9266b73e961bef87166384687a9daddf,['ARTES E DECORACAO'],ARTES E DECORACAO
3662,92719473371fb9439b386d53d12470a8,['MODA E BELEZA'],MODA E BELEZA
3663,92719f3b4fbd484515110bfc47e8a808,"['ELETRONICOS,INFORMATICA E AUDIO']","ELETRONICOS,INFORMATICA E AUDIO"
3664,927ace45edbc6f486fa5656683aa791d,['BEBES'],BEBES
3665,92dbcc0343067925c18d8f7b033f3012,['FERRAMENTAS E CONSTRUCAO'],FERRAMENTAS E CONSTRUCAO
3666,92dd2476d7296d1f17c077f2dd00e94d,['BRINQUEDOS E LAZER'],BRINQUEDOS E LAZER
3667,92de9d50e681619c103a7634c2f8bdaf,['MODA E BELEZA'],MODA E BELEZA
3668,92ece83fdd8f37cc9b8a8543fdc8c416,['MODA E BELEZA'],MODA E BELEZA
3669,92ee9f5b7c6f6a37199a8efa52e98c21,['CASA E CONFORTO'],CASA E CONFORTO
3670,9318f6ca4d567918c67845ec20774303,['MODA E BELEZA'],MODA E BELEZA
3671,931f9e49a6f7ca3626c01012168da10e,"['ELETRONICOS,INFORMATICA E AUDIO']","ELETRONICOS,INFORMATICA E AUDIO"
3672,9372c16a75d7ff9110358389ccaa0566,['MODA E BELEZA'],MODA E BELEZA
3673,937906bc0b6f522125f9b2a1f39cd358,['MODA E BELEZA'],MODA E BELEZA
3674,937d5309f2f6bc3548d704f56ef83ed1,['MOVEIS E ELETRODOMESTICOS'],MOVEIS E ELETRODOMESTICOS
3675,937eff3061f712451d82303708399122,['CASA E CONFORTO'],CASA E CONFORTO
3676,9387dc46ae037c9d7eeec8ec1ace0f10,['MODA E BELEZA'],MODA E BELEZA
3677,9389b64e7d922e3b0c30f8026e418e64,['MODA E BELEZA'],MODA E BELEZA
3678,938ae4cc3e41fb0e80467cbd9b3b0b32,['PET SHOP'],PET SHOP
3679,938c8cbe289e7aa04f8eb3221cf19574,"['ELETRONICOS,INFORMATICA E AUDIO']","ELETRONICOS,INFORMATICA E AUDIO"
3680,93aa3771306828f17309cce989a90e5f,['MODA E BELEZA'],MODA E BELEZA
3681,93b9173d182af83f59074baf05d8c13e,['MODA E BELEZA'],MODA E BELEZA
3682,93b94a19e5546ce4eac9c4eac62f5465,['BRINQUEDOS E LAZER'],BRINQUEDOS E LAZER
3683,93bc6f18eba5e96c71ba3d04e1e8f5d4,['MODA E BELEZA'],MODA E BELEZA
3684,93c0ee237d690478ecc66db76b8365f4,"['ELETRONICOS,INFORMATICA E AUDIO']","ELETRONICOS,INFORMATICA E AUDIO"
3685,93c7ec2b9638f73ddcaefac525f4d7b6,['CASA E CONFORTO'],CASA E CONFORTO
3686,93c8584e09f563c471ff61f202243841,['MODA E BELEZA'],MODA E BELEZA
3687,93da2265260e364c8e81f490b7d92e07,"['ELETRONICOS,INFORMATICA E AUDIO']","ELETRONICOS,INFORMATICA E AUDIO"
3688,93e337ab97f3eaafab94e2129d8feae8,['MODA E BELEZA'],MODA E BELEZA
3689,93e87829bab4127b8692f52a73df4284,['MODA E BELEZA'],MODA E BELEZA
3690,93fc25a3df1ceb609f6d18ec3ad2470e,"['ELETRONICOS,INFORMATICA E AUDIO']","ELETRONICOS,INFORMATICA E AUDIO"
3691,9418ab9676b7f5d9539c74b557c59284,['BRINQUEDOS E LAZER'],BRINQUEDOS E LAZER
3692,942e1205a3ca6fd0147718ac16f4bb54,['MOVEIS E ELETRODOMESTICOS'],MOVEIS E ELETRODOMESTICOS
3693,9434dbf9745b53e6da97527b226f9219,['BRINQUEDOS E LAZER'],BRINQUEDOS E LAZER
3694,9438f6c0cf20659264fb0e46832b4da1,['FERRAMENTAS E CONSTRUCAO'],FERRAMENTAS E CONSTRUCAO
3695,944b1eed15474f3439c871cd6260561e,['BRINQUEDOS E LAZER'],BRINQUEDOS E LAZER
3696,944b3e66113a84e8e19010f5bf2701c4,['CASA E CONFORTO'],CASA E CONFORTO
3697,945552359381c20f8e692b034ba74c44,['AUTOMOTIVO'],AUTOMOTIVO
3698,945bbdd66669edb480ca9f0037ed11b0,['AUTOMOTIVO'],AUTOMOTIVO
3699,9461233f007294d53c027b24648e02f3,['MODA E BELEZA'],MODA E BELEZA
3700,946f9c80195609dbdd3258b549d8fe16,['PET SHOP'],PET SHOP
3701,946fbd026e6cdf0c0b3c2f6a5d8a149b,['MODA E BELEZA'],MODA E BELEZA
3702,9472d3c8a0ad463cbfc89897334431da,['BRINQUEDOS E LAZER'],BRINQUEDOS E LAZER
3703,947727b76996398e1d9730e829551878,['CASA E CONFORTO'],CASA E CONFORTO
3704,9490f95bd06a2f4597126939a670b02e,['PET SHOP'],PET SHOP
3705,94a224f03c816cd9a1d94b886e26da80,['MODA E BELEZA'],MODA E BELEZA
3706,94aa11237bc16075072bb3569a0bf5c5,['MODA E BELEZA'],MODA E BELEZA
3707,94af94e55976f5fdd5048f5166123639,"['ELETRONICOS,INFORMATICA E AUDIO']","ELETRONICOS,INFORMATICA E AUDIO"
3708,94b860984e79a390fa2d4793ddd46404,['AUTOMOTIVO'],AUTOMOTIVO
3709,94caf828558aed4dc7cb9da3711a5c5a,['BRINQUEDOS E LAZER'],BRINQUEDOS E LAZER
3710,94d2de9ad08d15bd3e714a984bd09bcb,['MODA E BELEZA'],MODA E BELEZA
3711,94df1f9b9ae08c944036a4ef894be868,['MODA E BELEZA'],MODA E BELEZA
3712,94e99970c46ac11ef94327aa996b30de,['BRINQUEDOS E LAZER'],BRINQUEDOS E LAZER
3713,94eadd6bc72a7dde85095b20f33e06e9,['BRINQUEDOS E LAZER'],BRINQUEDOS E LAZER
3714,94efba2960b135b735b57b7da59cab23,['MODA E BELEZA'],MODA E BELEZA
3715,94f522c26f2681ad053b999e34e7b317,['CASA E CONFORTO'],CASA E CONFORTO
3716,95149a14172495a0aef0ac5c59f95d1c,['MODA E BELEZA'],MODA E BELEZA
3717,9516708e3c4612677ddf7c9167b54076,['CASA E CONFORTO'],CASA E CONFORTO
3718,951f737376475cd4b02bca8286f30a29,['BEBES'],BEBES
3719,95209d82e56460c0324aefe008010b82,['BRINQUEDOS E LAZER'],BRINQUEDOS E LAZER
3720,952da942e2586c7131de1381aba049a3,['MOVEIS E ELETRODOMESTICOS'],MOVEIS E ELETRODOMESTICOS
3721,952df1e461dd66df573519eda08191f1,['MODA E BELEZA'],MODA E BELEZA
3722,953b30095a07fb4b4f3b90f84fe843eb,['MODA E BELEZA'],MODA E BELEZA
3723,95469d3451e471f3e68f18903e341d16,['MODA E BELEZA'],MODA E BELEZA
3724,954ab5c4577503f15b807007b0a1d8cc,"['ELETRONICOS,INFORMATICA E AUDIO']","ELETRONICOS,INFORMATICA E AUDIO"
3725,954d00ca20db56e3fefe0b6a57267ee0,['CASA E CONFORTO'],CASA E CONFORTO
3726,9550c6dde457784adf6688cea59cd6b8,['MODA E BELEZA'],MODA E BELEZA
3727,9561fdb9089a36bb1e9c58c334053eda,"['ELETRONICOS,INFORMATICA E AUDIO']","ELETRONICOS,INFORMATICA E AUDIO"
3728,9570e7230d3d4ecaacbc7843e6646b33,['MODA E BELEZA'],MODA E BELEZA
3729,9576a9f6ff95799162bcc6559622eedc,['CASA E CONFORTO'],CASA E CONFORTO
3730,957b2a53b998f467d33357ec24b2b467,['MODA E BELEZA'],MODA E BELEZA
3731,957e60e8b06f5c61044ad86aa626cd49,"['LIVROS, MUSICA E PAPELARIA']","LIVROS, MUSICA E PAPELARIA"
3732,958261a4492225848848d654759efa34,['BRINQUEDOS E LAZER'],BRINQUEDOS E LAZER
3733,95886fbb27fa9240539af22614117003,['MOVEIS E ELETRODOMESTICOS'],MOVEIS E ELETRODOMESTICOS
3734,95b1d0b73b19c6fff384a9036a89e484,['MODA E BELEZA'],MODA E BELEZA
3735,95b1f6f56e1831a87c509debb79f3c52,['CASA E CONFORTO'],CASA E CONFORTO
3736,95bdac6e96f88756554972d72c5d9591,['MOVEIS E ELETRODOMESTICOS'],MOVEIS E ELETRODOMESTICOS
3737,95c8f9cfbfbc4726a1a3f3405b1ae666,"['LIVROS, MUSICA E PAPELARIA']","LIVROS, MUSICA E PAPELARIA"
3738,95c9b6a458336c5de68ca8d1ba553078,['BEBES'],BEBES
3739,95d5f038a551666d46a7729a67a1b414,['BRINQUEDOS E LAZER'],BRINQUEDOS E LAZER
3740,95e7bfc2e335e44766ce4eb5f5771e30,['BRINQUEDOS E LAZER'],BRINQUEDOS E LAZER
3741,95eba7f91699dbaf0acd3ab3f70785c1,['MOVEIS E ELETRODOMESTICOS'],MOVEIS E ELETRODOMESTICOS
3742,95ec4886946c5ae0d453e95648834ac6,"['LIVROS, MUSICA E PAPELARIA']","LIVROS, MUSICA E PAPELARIA"
3743,95ed64a88b4c676f2b713158041fdf98,['MODA E BELEZA'],MODA E BELEZA
3744,95f5825a4d547b92c4f1824df000084c,['BRINQUEDOS E LAZER'],BRINQUEDOS E LAZER
3745,95fbd229320a05e8835ea19d93ba9f1e,['MODA E BELEZA'],MODA E BELEZA
3746,9611ab69e91e4ac464dc5db706daf0e6,['MODA E BELEZA'],MODA E BELEZA
3747,96174b2c267b2d46452c03ffcc689468,['MOVEIS E ELETRODOMESTICOS'],MOVEIS E ELETRODOMESTICOS
3748,96192a86ceeb753de81aacdd955288f8,['FERRAMENTAS E CONSTRUCAO'],FERRAMENTAS E CONSTRUCAO
3749,961a477711141b3811b897eb49216db1,"['LIVROS, MUSICA E PAPELARIA']","LIVROS, MUSICA E PAPELARIA"
3750,962874b0c311c788d28a2437ce5dadde,['BRINQUEDOS E LAZER'],BRINQUEDOS E LAZER
3751,962d15facd986392ded1944582624593,['MODA E BELEZA'],MODA E BELEZA
3752,964d26975fc593c3862d2478025f51cf,"['LIVROS, MUSICA E PAPELARIA']","LIVROS, MUSICA E PAPELARIA"
3753,9675440ebf61a1a3482cc6308e3ebd28,['MODA E BELEZA'],MODA E BELEZA
3754,967684d880b1ebbfe2e94df16af6d01a,['CASA E CONFORTO'],CASA E CONFORTO
3755,96872d026aa122a9e93957de1e58d427,['ARTES E DECORACAO'],ARTES E DECORACAO
3756,968a408760f771cab3ce5db012e90a1f,['FERRAMENTAS E CONSTRUCAO'],FERRAMENTAS E CONSTRUCAO
3757,968ba56969b76f24ea8b93d8a5bb768a,['MODA E BELEZA'],MODA E BELEZA
3758,9696c06c5b4dacf79ad4fc897b1aa93b,['MOVEIS E ELETRODOMESTICOS'],MOVEIS E ELETRODOMESTICOS
3759,96a54272b41b5689f72e71e52cd9d3f6,['BEBES'],BEBES
3760,96a829e0e554c697670638997aadc45b,['BRINQUEDOS E LAZER'],BRINQUEDOS E LAZER
3761,96a902cd4b751087e41ef64474975946,['BRINQUEDOS E LAZER'],BRINQUEDOS E LAZER
3762,96ba3ccac6dfb6a6610178fd893a3f3f,['MOVEIS E ELETRODOMESTICOS'],MOVEIS E ELETRODOMESTICOS
3763,96c0941a87f12624bbaa976c3cb81ca2,['AUTOMOTIVO'],AUTOMOTIVO
3764,96c23bd7ad4b2dc9dc421e8483c06bc1,"['ELETRONICOS,INFORMATICA E AUDIO']","ELETRONICOS,INFORMATICA E AUDIO"
3765,96c85fb240067205674e99425c5df3de,['CASA E CONFORTO'],CASA E CONFORTO
3766,96d307dc05503506515055b86a580e86,['BRINQUEDOS E LAZER'],BRINQUEDOS E LAZER
3767,96e5540d02eba5ac4f6a17083cce7391,['BEBES'],BEBES
3768,9704b8f76b77e74be19dd79d9371b6b4,['MOVEIS E ELETRODOMESTICOS'],MOVEIS E ELETRODOMESTICOS
3769,9707e5dd2b32ab5cc39155a27eb3d0ec,['PET SHOP'],PET SHOP
3770,972976cb62fb977bfbc253219799e486,['AUTOMOTIVO'],AUTOMOTIVO
3771,972d6687f988a5383e3593ec28911400,['CASA E CONFORTO'],CASA E CONFORTO
3772,9734c61e70431951ceea6da4c1c2a063,['MOVEIS E ELETRODOMESTICOS'],MOVEIS E ELETRODOMESTICOS
3773,973acef56bf70feefa8264d4e9f300fc,['PET SHOP'],PET SHOP
3774,973ca2839f11804b5118ce7368f188a3,['BRINQUEDOS E LAZER'],BRINQUEDOS E LAZER
3775,974fd219891927f0d01b357f4400a622,['MODA E BELEZA'],MODA E BELEZA
3776,9758212b340212a84d22f713ce2e0fa8,['MOVEIS E ELETRODOMESTICOS'],MOVEIS E ELETRODOMESTICOS
3777,975f731e0b62d3884197075bbf60685a,['MOVEIS E ELETRODOMESTICOS'],MOVEIS E ELETRODOMESTICOS
3778,9761e698e3d390c91d88364fb6a5ef11,['AUTOMOTIVO'],AUTOMOTIVO
3779,97691a90d5eb8a7124ddb5908851274e,['CASA E CONFORTO'],CASA E CONFORTO
3780,97746144f29ff82670bcd8311e484a16,['BRINQUEDOS E LAZER'],BRINQUEDOS E LAZER
3781,9781e9a5064f50e5bb4ce028b9f1963b,['MODA E BELEZA'],MODA E BELEZA
3782,978564f73dadc05775f6347d1a508e12,['ARTES E DECORACAO'],ARTES E DECORACAO
3783,97a1a97ba78cf7a92dcd42d2d9a7dd6c,['BRINQUEDOS E LAZER'],BRINQUEDOS E LAZER
3784,97a33ff36dc6cc655389de50726ee49a,['CASA E CONFORTO'],CASA E CONFORTO
3785,97a982d424741dfe24bc1ca5d943ad70,['MOVEIS E ELETRODOMESTICOS'],MOVEIS E ELETRODOMESTICOS
3786,97b4cc9d2433a4b4f42fe54621738b78,"['ELETRONICOS,INFORMATICA E AUDIO']","ELETRONICOS,INFORMATICA E AUDIO"
3787,97b8a149d521ea9fbbbce767a458846e,['AUTOMOTIVO'],AUTOMOTIVO
3788,97bb7e5d1176813061e12ca420b8a8e2,['MODA E BELEZA'],MODA E BELEZA
3789,97cca737331c9c6009a3e8b555d963b2,['BRINQUEDOS E LAZER'],BRINQUEDOS E LAZER
3790,97e3bf34d95ce7f035c0262f89a2f9d3,['MODA E BELEZA'],MODA E BELEZA
3791,97e8d3eb8f48e3610beed991e5f32296,['BRINQUEDOS E LAZER'],BRINQUEDOS E LAZER
3792,97ef2707f46b7d685e1da2b0c67be7fd,['MODA E BELEZA'],MODA E BELEZA
3793,97f48024fcc76f1898e397ad6966e3a0,['MOVEIS E ELETRODOMESTICOS'],MOVEIS E ELETRODOMESTICOS
3794,980bc014d29830d87b56bbc7720a6b6b,['CASA E CONFORTO'],CASA E CONFORTO
3795,980c0688b61b100db985aae4b5cfa28f,['MODA E BELEZA'],MODA E BELEZA
3796,9814faa42d794c0595af95705ab9c7a4,"['ELETRONICOS,INFORMATICA E AUDIO']","ELETRONICOS,INFORMATICA E AUDIO"
3797,982477fb4aaaa4ce97851852d2a28e90,['AUTOMOTIVO'],AUTOMOTIVO
3798,982721650f1a226d3b11b4d852d461d2,['ALIMENTOS'],ALIMENTOS
3799,9837f6ffaeacce372cd038e4e634d870,['CASA E CONFORTO'],CASA E CONFORTO
3800,983d1042c129f87546062d2d27f73020,"['LIVROS, MUSICA E PAPELARIA']","LIVROS, MUSICA E PAPELARIA"
3801,983ee8a15c6bc4fab3c4f5503259ed37,['AUTOMOTIVO'],AUTOMOTIVO
3802,9841f5f29be60e9a4686d0bd4593ed6f,"['ELETRONICOS,INFORMATICA E AUDIO']","ELETRONICOS,INFORMATICA E AUDIO"
3803,9855d762d535fda66aa7f273116aa77d,['MODA E BELEZA'],MODA E BELEZA
3804,985ababda3f8a9904b8a01023669464c,['CASA E CONFORTO'],CASA E CONFORTO
3805,985dbac2172bbf6b32bcca35da50d7a0,['BEBES'],BEBES
3806,98886a41872c9df13b990863b330f710,['ARTES E DECORACAO'],ARTES E DECORACAO
3807,988a21449c85e5aab93c446596246149,"['ELETRONICOS,INFORMATICA E AUDIO']","ELETRONICOS,INFORMATICA E AUDIO"
3808,989771e34a670ec77e1f406c05ce66b2,['MOVEIS E ELETRODOMESTICOS'],MOVEIS E ELETRODOMESTICOS
3809,98bd84aec6d35c66e7b5baa6d2cb8dbf,['CASA E CONFORTO'],CASA E CONFORTO
3810,98cdb0b0199939368746cb2beba58efe,['BEBES'],BEBES
3811,98d7e0d168a393093a391519c1ee1e8e,['MODA E BELEZA'],MODA E BELEZA
3812,98da8355e186d682f0013046d8ad6db7,['BRINQUEDOS E LAZER'],BRINQUEDOS E LAZER
3813,98e84c5fef5422dde7fa1927c43adab0,['BRINQUEDOS E LAZER'],BRINQUEDOS E LAZER
3814,98f80eddddaaa6c3e5dea02ff36ad263,['CASA E CONFORTO'],CASA E CONFORTO
3815,98f86e6d578f84d5ffba7a2f6c1307e7,['MODA E BELEZA'],MODA E BELEZA
3816,990c396e6013e8b43c6f18b3d609cbee,['CASA E CONFORTO'],CASA E CONFORTO
3817,990dd7fbb9ecbada4647e9e05a4739d2,['MODA E BELEZA'],MODA E BELEZA
3818,9917855d5e68773f7db62f2dbfc06f71,"['ELETRONICOS,INFORMATICA E AUDIO']","ELETRONICOS,INFORMATICA E AUDIO"
3819,9924cc80e5c3a4c3ab96eda60f3ff72c,['ARTES E DECORACAO'],ARTES E DECORACAO
3820,992896ae125eab618e4959e3ea83dc8c,['MOVEIS E ELETRODOMESTICOS'],MOVEIS E ELETRODOMESTICOS
3821,992cbe3e064cd39f9ccde60a29ffcd3c,['ARTES E DECORACAO' 'BRINQUEDOS E LAZER'],Misto
3822,992d2942e83c306157957d54bf84fa18,['MODA E BELEZA'],MODA E BELEZA
3823,993bf2a40855c39703b0ac1339be7fbf,['ARTES E DECORACAO'],ARTES E DECORACAO
3824,994486484c66c852cd60fed6ff0da2f9,['FERRAMENTAS E CONSTRUCAO'],FERRAMENTAS E CONSTRUCAO
3825,9951d6a662cb9e7b5bb442786dbf34fe,['MODA E BELEZA'],MODA E BELEZA
3826,995301b350aefb0f7d794060ed4dd187,['AUTOMOTIVO'],AUTOMOTIVO
3827,9971209651bda86ae11c4d218eb2bf7d,['BEBES'],BEBES
3828,9989d0ec04100fce996f6e906ada0278,['MODA E BELEZA'],MODA E BELEZA
3829,998b1beee068744ac833dd8b31944623,['CASA E CONFORTO'],CASA E CONFORTO
3830,99bc267f49d76932cd195bfb2a94dd03,"['ELETRONICOS,INFORMATICA E AUDIO']","ELETRONICOS,INFORMATICA E AUDIO"
3831,99c16e186af9fb23a995337dcb608b2f,['CASA E CONFORTO'],CASA E CONFORTO
3832,99c33bf1ceb89684e74a6438a277eef0,['BRINQUEDOS E LAZER'],BRINQUEDOS E LAZER
3833,99c8af04316c292e23ca57d8917db2ad,"['LIVROS, MUSICA E PAPELARIA']","LIVROS, MUSICA E PAPELARIA"
3834,99cf68b71ac96d8b4c0f20dec410d8fd,"['ELETRONICOS,INFORMATICA E AUDIO']","ELETRONICOS,INFORMATICA E AUDIO"
3835,99e4c7eebc4e218f0ef4729921038c19,['BRINQUEDOS E LAZER'],BRINQUEDOS E LAZER
3836,99f7ab7ea1001d0e2b6ac00be98444c8,['CASA E CONFORTO'],CASA E CONFORTO
3837,9a0711872c4923672894e8289ecfab8c,"['ELETRONICOS,INFORMATICA E AUDIO']","ELETRONICOS,INFORMATICA E AUDIO"
3838,9a14984b8e92e2c06592b0de08ae9fb3,['MODA E BELEZA'],MODA E BELEZA
3839,9a1e4b3e892b5ea975db9c5ab5b97b62,['AUTOMOTIVO'],AUTOMOTIVO
3840,9a3deb474c6a3f4fbdf3252718392c47,['ARTES E DECORACAO'],ARTES E DECORACAO
3841,9a5c80e67090c3a500008823e3dd8eb8,['MODA E BELEZA'],MODA E BELEZA
3842,9a71f055d972d1ebacec9df7376ff1e3,['MODA E BELEZA'],MODA E BELEZA
3843,9a85e7c1fbe3b6519b2f943527d21426,['AUTOMOTIVO'],AUTOMOTIVO
3844,9a9a504bd8c303044422d2ca234992d1,['MODA E BELEZA'],MODA E BELEZA
3845,9aad86a646fc47633629fbc7d2c2cfec,['MODA E BELEZA'],MODA E BELEZA
3846,9ab0996e3fa56c0c453bdaa598164273,['MOVEIS E ELETRODOMESTICOS'],MOVEIS E ELETRODOMESTICOS
3847,9ab483dc777aa2cf47ea47d10a72c538,"['ELETRONICOS,INFORMATICA E AUDIO']","ELETRONICOS,INFORMATICA E AUDIO"
3848,9ae00b090b685955827797fede111392,"['ELETRONICOS,INFORMATICA E AUDIO']","ELETRONICOS,INFORMATICA E AUDIO"
3849,9af6f205c7247ac28685a350094ce865,['ARTES E DECORACAO'],ARTES E DECORACAO
3850,9b189f6cf2ef734a7dd0419ed3c64d99,['BRINQUEDOS E LAZER'],BRINQUEDOS E LAZER
3851,9b1d71b20edcf15ab15e0bb4a932f23f,"['ELETRONICOS,INFORMATICA E AUDIO']","ELETRONICOS,INFORMATICA E AUDIO"
3852,9b26ae9a477137076f8b0e8bec71fed9,['MODA E BELEZA'],MODA E BELEZA
3853,9b4ce65d237bc82227e4b550d1ddf079,['CASA E CONFORTO'],CASA E CONFORTO
3854,9b4ea4ff8f51f91557fd6448e909cf81,['AUTOMOTIVO'],AUTOMOTIVO
3855,9b643bf8a8614206d936530d416aef57,"['ELETRONICOS,INFORMATICA E AUDIO']","ELETRONICOS,INFORMATICA E AUDIO"
3856,9b7cadbb92caa7ecc994bc25a7932963,['MODA E BELEZA'],MODA E BELEZA
3857,9b95a53cadb5a007d0928bd00265ea08,['CASA E CONFORTO'],CASA E CONFORTO
3858,9ba2c9b0388923ffcdc4c4f3dffec0a8,"['ELETRONICOS,INFORMATICA E AUDIO']","ELETRONICOS,INFORMATICA E AUDIO"
3859,9baba2001be25ff76212cddad73139de,"['ELETRONICOS,INFORMATICA E AUDIO']","ELETRONICOS,INFORMATICA E AUDIO"
3860,9bb19b2b2a14bfd567fa37c747c6dc96,['FERRAMENTAS E CONSTRUCAO'],FERRAMENTAS E CONSTRUCAO
3861,9bcd65834ef8fc54f03ef36f27bc5645,['MOVEIS E ELETRODOMESTICOS'],MOVEIS E ELETRODOMESTICOS
3862,9bd01f4522f8744273b5261450ee0c5e,['MOVEIS E ELETRODOMESTICOS'],MOVEIS E ELETRODOMESTICOS
3863,9bd46627fb3249657cec3b1320aea004,['MODA E BELEZA'],MODA E BELEZA
3864,9be3bd4137c70d60cecf190a92fb9808,['MODA E BELEZA'],MODA E BELEZA
3865,9be42eec91e05104d84b81e71a9e6b81,['MOVEIS E ELETRODOMESTICOS'],MOVEIS E ELETRODOMESTICOS
3866,9bfcc088220bc74e76f4341292d16d76,['BRINQUEDOS E LAZER'],BRINQUEDOS E LAZER
3867,9c023f649696f2561725807e212a584d,['BRINQUEDOS E LAZER'],BRINQUEDOS E LAZER
3868,9c0776f3465b8aba3e47b9eb0f034360,"['ELETRONICOS,INFORMATICA E AUDIO']","ELETRONICOS,INFORMATICA E AUDIO"
3869,9c0c12e4d0dc6b288f3e7755c791aa35,['PET SHOP'],PET SHOP
3870,9c104b0d2f584506ce7b30bab9d2dd95,"['ELETRONICOS,INFORMATICA E AUDIO']","ELETRONICOS,INFORMATICA E AUDIO"
3871,9c2b756025a127a4db2a4b13281664f6,"['ELETRONICOS,INFORMATICA E AUDIO']","ELETRONICOS,INFORMATICA E AUDIO"
3872,9c31d604522ef4fd8e0bba68aa3214a1,"['LIVROS, MUSICA E PAPELARIA']","LIVROS, MUSICA E PAPELARIA"
3873,9c3225a3efe9fb83ea06492acb99d42c,"['ELETRONICOS,INFORMATICA E AUDIO']","ELETRONICOS,INFORMATICA E AUDIO"
3874,9c3843505b51a21d1955b27664f70827,['FERRAMENTAS E CONSTRUCAO'],FERRAMENTAS E CONSTRUCAO
3875,9c3d371454ceddff5d8fa8aa86ac7c1e,"['LIVROS, MUSICA E PAPELARIA']","LIVROS, MUSICA E PAPELARIA"
3876,9c3fe119bb87723856e0d807d2ddf37d,['MOVEIS E ELETRODOMESTICOS'],MOVEIS E ELETRODOMESTICOS
3877,9c595e16a30ed3d4190c5d512eb1ad17,['MODA E BELEZA'],MODA E BELEZA
3878,9c6a41b40091cf444dcd80fa62446a98,['CASA E CONFORTO'],CASA E CONFORTO
3879,9c753fec37c64b5771eb77ef982c34dc,['BRINQUEDOS E LAZER'],BRINQUEDOS E LAZER
3880,9c78e72b5160190f45195d6ecf7875dc,['CASA E CONFORTO'],CASA E CONFORTO
3881,9c8b7e134959999ac945ed2b29537c8b,['MODA E BELEZA'],MODA E BELEZA
3882,9c9353e8fd52f68f8442e580b5f2bba6,['BRINQUEDOS E LAZER'],BRINQUEDOS E LAZER
3883,9cabafe13d423fbaa722617b69188084,"['ELETRONICOS,INFORMATICA E AUDIO']","ELETRONICOS,INFORMATICA E AUDIO"
3884,9cb00de5b638536df59a274ce43e811d,['BRINQUEDOS E LAZER'],BRINQUEDOS E LAZER
3885,9cb8098ab14d7f21e32786b85f62f5e2,['AUTOMOTIVO'],AUTOMOTIVO
3886,9cb8f0af8d94e8eb6c245e305a1ee8d7,['MODA E BELEZA'],MODA E BELEZA
3887,9cbbee2d6fc84610e720368c09517556,['FERRAMENTAS E CONSTRUCAO'],FERRAMENTAS E CONSTRUCAO
3888,9cd28af4a02dd368c02825e1bf9ea210,['BEBES'],BEBES
3889,9cd835ca1f7889a20d3ab1781d3de6b6,['CASA E CONFORTO'],CASA E CONFORTO
3890,9ce41d418568ba8baf957d5490932291,['CASA E CONFORTO'],CASA E CONFORTO
3891,9ce475d5a0f449a5b6f9c86c7e98e331,['MOVEIS E ELETRODOMESTICOS'],MOVEIS E ELETRODOMESTICOS
3892,9d01fa0e65583ec53f3864ee0e73d015,['MOVEIS E ELETRODOMESTICOS'],MOVEIS E ELETRODOMESTICOS
3893,9d02a36395b93b35ec7f46d79ee3e8b9,['MODA E BELEZA'],MODA E BELEZA
3894,9d0516ad96d793d308cec3c5929ed649,['FERRAMENTAS E CONSTRUCAO'],FERRAMENTAS E CONSTRUCAO
3895,9d0ad9e3a6c8ade53a107a1008214396,['CASA E CONFORTO'],CASA E CONFORTO
3896,9d19b33124e905478b868d1eb916a01a,"['ELETRONICOS,INFORMATICA E AUDIO']","ELETRONICOS,INFORMATICA E AUDIO"
3897,9d22a4e7760c64525433b46cd0cefe47,['FERRAMENTAS E CONSTRUCAO'],FERRAMENTAS E CONSTRUCAO
3898,9d27094c5a72cbf877d632e2d03356e4,"['ELETRONICOS,INFORMATICA E AUDIO']","ELETRONICOS,INFORMATICA E AUDIO"
3899,9d32c5c773eba34ff2453be229a53ca9,['CASA E CONFORTO'],CASA E CONFORTO
3900,9d3c48c87bfb7e8b574b4d375f882841,['CASA E CONFORTO'],CASA E CONFORTO
3901,9d3da55bc185ccdbeccac8824c7330ae,['MODA E BELEZA'],MODA E BELEZA
3902,9d480419579c11f532fce93c63e0eed8,['BEBES'],BEBES
3903,9d513821c0477231fc7c1bfd684d13d8,['AUTOMOTIVO'],AUTOMOTIVO
3904,9d525e537711d24dba959b750dd6fbbc,['MODA E BELEZA'],MODA E BELEZA
3905,9d531c565e28c3e0d756192f84d8731f,['MOVEIS E ELETRODOMESTICOS'],MOVEIS E ELETRODOMESTICOS
3906,9d578363f05f0a4f13c35ca532f88192,['ARTES E DECORACAO'],ARTES E DECORACAO
3907,9d57c2295efd51a11106d2d8175c676a,['CASA E CONFORTO'],CASA E CONFORTO
3908,9d5d3058706c16d0557d9b43c95ed70e,['CASA E CONFORTO'],CASA E CONFORTO
3909,9d5dfd77cf32bd319a504f77a137491b,"['ELETRONICOS,INFORMATICA E AUDIO']","ELETRONICOS,INFORMATICA E AUDIO"
3910,9d76974325109da947615c96eac22698,['FERRAMENTAS E CONSTRUCAO'],FERRAMENTAS E CONSTRUCAO
3911,9d7aed3d4801f8607e1fd449c6c11fd2,['MODA E BELEZA'],MODA E BELEZA
3912,9d7bda1d8caaa92f82edb8e4559852a8,"['ELETRONICOS,INFORMATICA E AUDIO']","ELETRONICOS,INFORMATICA E AUDIO"
3913,9d8032cab9a441c8df1b47087eae5b41,['FERRAMENTAS E CONSTRUCAO'],FERRAMENTAS E CONSTRUCAO
3914,9d878626f2f4299a286c12663698d2d8,['BEBES'],BEBES
3915,9d92d6b679a62c069b6c7d7ecc1a4b90,['MODA E BELEZA'],MODA E BELEZA
3916,9d9963c450921c5db41bfa4095ea57ba,['FERRAMENTAS E CONSTRUCAO'],FERRAMENTAS E CONSTRUCAO
3917,9d9d6000cf3720974ab8da03bcc741c2,['CASA E CONFORTO'],CASA E CONFORTO
3918,9da6e3bacbae9dfb6f886b2fcdd80bcd,['BRINQUEDOS E LAZER'],BRINQUEDOS E LAZER
3919,9db124260fdb15801f3657542b1e29fa,['MODA E BELEZA'],MODA E BELEZA
3920,9dd2846e2fd754eb21361544d11a1d71,['BRINQUEDOS E LAZER'],BRINQUEDOS E LAZER
3921,9dd9186fa80eff8f1a2c916957e8444b,['PET SHOP'],PET SHOP
3922,9ddce686be2661872d8a63788bd96cbe,['MOVEIS E ELETRODOMESTICOS'],MOVEIS E ELETRODOMESTICOS
3923,9de3ed40082af7692bf48b0a9126b5f9,['MOVEIS E ELETRODOMESTICOS'],MOVEIS E ELETRODOMESTICOS
3924,9dec900f8c20ecbaefa8e27242060a67,"['ELETRONICOS,INFORMATICA E AUDIO']","ELETRONICOS,INFORMATICA E AUDIO"
3925,9df65e0ad2cbfa0485262629bb2b6605,['CASA E CONFORTO'],CASA E CONFORTO
3926,9e05a5c7ef1a7074746243745a430219,['MOVEIS E ELETRODOMESTICOS'],MOVEIS E ELETRODOMESTICOS
3927,9e10abcef882f49dc69054c4b9f001b7,"['LIVROS, MUSICA E PAPELARIA']","LIVROS, MUSICA E PAPELARIA"
3928,9e1571408c90f2235bf00d6fd15f8d51,['AUTOMOTIVO'],AUTOMOTIVO
3929,9e22b00fd1b9f036577e8c517ea0a5d4,['MOVEIS E ELETRODOMESTICOS'],MOVEIS E ELETRODOMESTICOS
3930,9e34a5f4e532b2af9484b29d5f249eec,['MODA E BELEZA'],MODA E BELEZA
3931,9e389bac73e66c3aee51848446646402,"['ELETRONICOS,INFORMATICA E AUDIO']","ELETRONICOS,INFORMATICA E AUDIO"
3932,9e3a542f51363bda001167b7f5bd8dbd,['FERRAMENTAS E CONSTRUCAO'],FERRAMENTAS E CONSTRUCAO
3933,9e404de5caad33c6cbff720e0d721008,['ARTES E DECORACAO'],ARTES E DECORACAO
3934,9e4fa2c0dfc591cf67a209b057e1907a,['CASA E CONFORTO'],CASA E CONFORTO
3935,9e5a1beaee5b0847c3254738fe668243,['AUTOMOTIVO'],AUTOMOTIVO
3936,9e659002324793f036fbe26aa8b5d049,"['LIVROS, MUSICA E PAPELARIA']","LIVROS, MUSICA E PAPELARIA"
3937,9e7029a8fc76193e3b55064b698c4b4f,['MOVEIS E ELETRODOMESTICOS'],MOVEIS E ELETRODOMESTICOS
3938,9e7147a6ff3d5299da2672e1c64c9c49,['MOVEIS E ELETRODOMESTICOS'],MOVEIS E ELETRODOMESTICOS
3939,9e73c8381ca5e26d2859ff9f6479028d,['BRINQUEDOS E LAZER'],BRINQUEDOS E LAZER
3940,9e7b4dc19aadc8298e2984986d3bf014,['BEBES'],BEBES
3941,9e8d7ab8137bcd3cfeac577dddf35592,['MOVEIS E ELETRODOMESTICOS'],MOVEIS E ELETRODOMESTICOS
3942,9e97400ef316f1d0209aec475ab50554,['ALIMENTOS'],ALIMENTOS
3943,9e9d4673d9d0f8c0d68a48c13638c606,"['ELETRONICOS,INFORMATICA E AUDIO']","ELETRONICOS,INFORMATICA E AUDIO"
3944,9eac94dce77597b831e8c0dfc584bc8b,"['ELETRONICOS,INFORMATICA E AUDIO']","ELETRONICOS,INFORMATICA E AUDIO"
3945,9eb33d99dc51609493052a2822975ebc,['CASA E CONFORTO'],CASA E CONFORTO
3946,9edafa4c6dbc4a9dd05637c84bf96605,['MOVEIS E ELETRODOMESTICOS'],MOVEIS E ELETRODOMESTICOS
3947,9edbcf5056f3301b0fcaf1dfe914873c,"['ELETRONICOS,INFORMATICA E AUDIO']","ELETRONICOS,INFORMATICA E AUDIO"
3948,9edc5231dd902e3a6b3cd4d8692d3e19,['BRINQUEDOS E LAZER'],BRINQUEDOS E LAZER
3949,9ee3b22242a910b9fb5ee4ce5de709ab,['FERRAMENTAS E CONSTRUCAO'],FERRAMENTAS E CONSTRUCAO
3950,9eecf4b8716283fcb0f026e1308cc805,['MODA E BELEZA'],MODA E BELEZA
3951,9ef5ae9f2a3b5c7cd4858cf4ffdc1b9c,['MODA E BELEZA'],MODA E BELEZA
3952,9ef93df3442de1d9dd3a6b71322c1c3e,['MODA E BELEZA'],MODA E BELEZA
3953,9f0663bf008ccdbfbd96ac9a31ba7442,['CASA E CONFORTO'],CASA E CONFORTO
3954,9f0f2a19e1bd7373ab446e804e5c4d3e,['MODA E BELEZA'],MODA E BELEZA
3955,9f152df03010e6512d7911ee3d51a2de,"['LIVROS, MUSICA E PAPELARIA']","LIVROS, MUSICA E PAPELARIA"
3956,9f1887ee4f71cd4db972aeac47ca54f7,['BRINQUEDOS E LAZER'],BRINQUEDOS E LAZER
3957,9f1cdc0e091b90e61836ddc009a60ef2,['CASA E CONFORTO'],CASA E CONFORTO
3958,9f1d0b98c248d6afcfd3c708a723edf8,['ARTES E DECORACAO'],ARTES E DECORACAO
3959,9f1e272c76bf064ee7a4da8898a4beae,['AUTOMOTIVO'],AUTOMOTIVO
3960,9f2c42d6f142a06f2c575576ad53adb3,"['ELETRONICOS,INFORMATICA E AUDIO']","ELETRONICOS,INFORMATICA E AUDIO"
3961,9f3df5bfd4a69a1bf384e85aba1d0ca7,"['ELETRONICOS,INFORMATICA E AUDIO']","ELETRONICOS,INFORMATICA E AUDIO"
3962,9f484bd34c118fb45ac92da12aa484bc,['CASA E CONFORTO'],CASA E CONFORTO
3963,9f5bd892aa4c461b116e5c163f16b40a,['MODA E BELEZA'],MODA E BELEZA
3964,9f6176aa4bbe4b84f8d786f873be8240,['MODA E BELEZA'],MODA E BELEZA
3965,9f6db5df970e4f6210f284243da63804,['MODA E BELEZA'],MODA E BELEZA
3966,9f6fbfd6d1361fb26a26f6e26265589a,['MODA E BELEZA'],MODA E BELEZA
3967,9f792c846e897702e89fb06829be1b0b,['CASA E CONFORTO'],CASA E CONFORTO
3968,9f7db45b6f8cc96acdf9c10d8a56bf74,['MODA E BELEZA'],MODA E BELEZA
3969,9f8594990f5778cbd90eefec74ecb41c,['SERVIÇOS'],SERVIÇOS
3970,9f9441b89b4d44ee3cf22af52e988757,['MOVEIS E ELETRODOMESTICOS'],MOVEIS E ELETRODOMESTICOS
3971,9f9451274bc21055d9306c98eb7eb8f8,['CASA E CONFORTO'],CASA E CONFORTO
3972,9f9b0cf9d794e40cdf1c4cf909d65ca4,['BRINQUEDOS E LAZER'],BRINQUEDOS E LAZER
3973,9fa3141e41678109d614cc3ee569cb98,['MODA E BELEZA'],MODA E BELEZA
3974,9fcd31b22b1d10dea904f5f5d8e3e7ea,['AUTOMOTIVO'],AUTOMOTIVO
3975,9fce3cd33d8928808f389d86ea7556e6,['ALIMENTOS'],ALIMENTOS
3976,9fce7686189bb24e89065a148fa26927,"['ELETRONICOS,INFORMATICA E AUDIO']","ELETRONICOS,INFORMATICA E AUDIO"
3977,9fcf372852e7c46001a305a781628069,['BRINQUEDOS E LAZER'],BRINQUEDOS E LAZER
3978,9fd3d5bb20296499ef3fbcaa4db31c39,['MODA E BELEZA'],MODA E BELEZA
3979,9fe1f3d48d5a0ba5eb84e53689b8a766,['ARTES E DECORACAO'],ARTES E DECORACAO
3980,9fe72f719dc088c3eaed6fda02b077c9,['CASA E CONFORTO'],CASA E CONFORTO
3981,9feb8a417a078949bf56e26f46bae06d,['MODA E BELEZA'],MODA E BELEZA
3982,a006ea86ca084e35d8b24250d1321ef2,['MODA E BELEZA'],MODA E BELEZA
3983,a00ae528eb61acacc2917ce50bf77d65,['MODA E BELEZA'],MODA E BELEZA
3984,a00e6f85d3ec7f1d81197fba0052db04,['MODA E BELEZA'],MODA E BELEZA
3985,a0148d30bd60b1529214a696f8be8aea,['MOVEIS E ELETRODOMESTICOS'],MOVEIS E ELETRODOMESTICOS
3986,a024d7476a847e0453984eecb8be6076,['CASA E CONFORTO'],CASA E CONFORTO
3987,a024eebe8239a5249b7b0cc30eb94c6e,"['ELETRONICOS,INFORMATICA E AUDIO']","ELETRONICOS,INFORMATICA E AUDIO"
3988,a02898dcd7117b317f28c8de4cb9af61,['CASA E CONFORTO'],CASA E CONFORTO
3989,a02af2d708eae3995c247d758141efc8,"['ELETRONICOS,INFORMATICA E AUDIO']","ELETRONICOS,INFORMATICA E AUDIO"
3990,a0312f29adf4584ac12f17aa74ca8f64,['AUTOMOTIVO'],AUTOMOTIVO
3991,a03dd4329530db7fc4201347345864c5,['BRINQUEDOS E LAZER'],BRINQUEDOS E LAZER
3992,a04e5564f7cbcf78fee1ccaab8d3b0f2,['MODA E BELEZA'],MODA E BELEZA
3993,a05690d552685ceea5a59b90a278823d,['BRINQUEDOS E LAZER'],BRINQUEDOS E LAZER
3994,a05955b3170a4c7a3e758f164a61376d,['BRINQUEDOS E LAZER'],BRINQUEDOS E LAZER
3995,a05bbaf69d9dcde272cc101dfd1c6cc8,['FERRAMENTAS E CONSTRUCAO'],FERRAMENTAS E CONSTRUCAO
3996,a05efb55dba0d8c05abd335fa7ea3e8d,['CASA E CONFORTO'],CASA E CONFORTO
3997,a06c43ed81f5c604287461f4d21949ce,['CASA E CONFORTO'],CASA E CONFORTO
3998,a0727c663f544d6618123c94c779f29b,['MODA E BELEZA'],MODA E BELEZA
3999,a076e6a3d1401e58c8b6ced4d0d23225,['ALIMENTOS'],ALIMENTOS
4000,a078dc6e0c09350ed278918b2d30a5e7,['MOVEIS E ELETRODOMESTICOS'],MOVEIS E ELETRODOMESTICOS
4001,a083251915fff736585a9c72e902b0bb,['MODA E BELEZA'],MODA E BELEZA
4002,a0876d2ad6e38376443f17b3f1f7a716,['MODA E BELEZA'],MODA E BELEZA
4003,a0a283cb8ba521d35c5a3fc3d9619be5,"['ELETRONICOS,INFORMATICA E AUDIO']","ELETRONICOS,INFORMATICA E AUDIO"
4004,a0bb89116fae61995bdade42a37fccba,['MODA E BELEZA'],MODA E BELEZA
4005,a0bba9f8b36a29b7ee6af6df702b309d,['MODA E BELEZA'],MODA E BELEZA
4006,a0d699e2e7598ef4a849c8089f3c1277,['BRINQUEDOS E LAZER'],BRINQUEDOS E LAZER
4007,a0eb4b1d3b5e4c29890291cc63a8eb20,['MODA E BELEZA'],MODA E BELEZA
4008,a0ef08378f02efac03e5905cccb1644d,['BRINQUEDOS E LAZER'],BRINQUEDOS E LAZER
4009,a0f78194e157b1cd941207bc438c3af6,"['ELETRONICOS,INFORMATICA E AUDIO']","ELETRONICOS,INFORMATICA E AUDIO"
4010,a0f9acf0b6294ed8561e32cde1a966bc,['ARTES E DECORACAO'],ARTES E DECORACAO
4011,a0fdcd775c7cf9f4bfa70207f7d6e239,['MODA E BELEZA'],MODA E BELEZA
4012,a10ad0776eab0418fa809d168e1dbb8c,"['ELETRONICOS,INFORMATICA E AUDIO']","ELETRONICOS,INFORMATICA E AUDIO"
4013,a10dfacbf1c8bc9c9e9591f60102bdef,['MOVEIS E ELETRODOMESTICOS'],MOVEIS E ELETRODOMESTICOS
4014,a1119e009d1d91655405307f4c095818,['ALIMENTOS'],ALIMENTOS
4015,a111f1d17afc3e76dd0c2428a96a7617,"['ELETRONICOS,INFORMATICA E AUDIO']","ELETRONICOS,INFORMATICA E AUDIO"
4016,a1140c6c45de6428c62f4c2322a59fb9,"['ELETRONICOS,INFORMATICA E AUDIO']","ELETRONICOS,INFORMATICA E AUDIO"
4017,a1165481ec8e2c96688233954c7cfb7b,['CASA E CONFORTO'],CASA E CONFORTO
4018,a11f86f65cf0246aa8d08f7a6b60973d,"['LIVROS, MUSICA E PAPELARIA']","LIVROS, MUSICA E PAPELARIA"
4019,a1341cb83bbf1b47392f4a3685d56bad,['MODA E BELEZA'],MODA E BELEZA
4020,a1359034d0f05483436966ca3cd71aa5,"['ELETRONICOS,INFORMATICA E AUDIO']","ELETRONICOS,INFORMATICA E AUDIO"
4021,a14990206b64de40d5aa9e4a235bcc64,"['ELETRONICOS,INFORMATICA E AUDIO']","ELETRONICOS,INFORMATICA E AUDIO"
4022,a158403af039363a043ead0c69f1fd2b,"['ELETRONICOS,INFORMATICA E AUDIO']","ELETRONICOS,INFORMATICA E AUDIO"
4023,a16607f4220f0e60ab4c71b915dd380c,['CASA E CONFORTO'],CASA E CONFORTO
4024,a16e5d09309dd6b3e40a0c71da4861ae,['ARTES E DECORACAO'],ARTES E DECORACAO
4025,a17c7cad1ce274604db62cc3d2def2c9,['AUTOMOTIVO'],AUTOMOTIVO
4026,a1807de46dfccdc857a541ba48307747,['CASA E CONFORTO'],CASA E CONFORTO
4027,a184881e0110ee6bba45e5ba8287c638,['BEBES'],BEBES
4028,a1941edfbb473a7e0a9f1e7abbb773fd,['BRINQUEDOS E LAZER'],BRINQUEDOS E LAZER
4029,a1ab6845d58938601eb0043797e0c3be,"['LIVROS, MUSICA E PAPELARIA']","LIVROS, MUSICA E PAPELARIA"
4030,a1b0f9ee69a79c509eff098467a2fbb0,['BRINQUEDOS E LAZER'],BRINQUEDOS E LAZER
4031,a1b541c5eedff59d42c867f78a823fdc,['AUTOMOTIVO'],AUTOMOTIVO
4032,a1b9ae5b3934e2757434214f3acba4a4,['FERRAMENTAS E CONSTRUCAO'],FERRAMENTAS E CONSTRUCAO
4033,a1c5f705a277dc65135f50fbfe2ce8bc,"['ELETRONICOS,INFORMATICA E AUDIO']","ELETRONICOS,INFORMATICA E AUDIO"
4034,a1cff9f46b83ac0fb525c755e46851f8,['AUTOMOTIVO'],AUTOMOTIVO
4035,a1d83bc33177d956b86ece86d32b83b2,['MODA E BELEZA'],MODA E BELEZA
4036,a1e6a1eeef79fc64be1040e5ac6d3119,['CASA E CONFORTO'],CASA E CONFORTO
4037,a1e862297757e3dc8f3495be144eab3e,['BEBES'],BEBES
4038,a1e9b3d43fb2498d663c7b598876614b,['BRINQUEDOS E LAZER'],BRINQUEDOS E LAZER
4039,a1eeaeeab9533845a43b2c7cf8bc79dd,['CASA E CONFORTO'],CASA E CONFORTO
4040,a206b5b5949384fc699e072ced43192d,['ARTES E DECORACAO'],ARTES E DECORACAO
4041,a217507ac495620d9a403939c9604703,['FERRAMENTAS E CONSTRUCAO'],FERRAMENTAS E CONSTRUCAO
4042,a21f94aa35415aa7bd905a21f468e688,['MOVEIS E ELETRODOMESTICOS'],MOVEIS E ELETRODOMESTICOS
4043,a22e1b3b7821386e3fbcd6d3c5c6c3c1,['BRINQUEDOS E LAZER'],BRINQUEDOS E LAZER
4044,a23760b9274db6304cc3cc0085583693,['MODA E BELEZA'],MODA E BELEZA
4045,a23d281315a434afd0b7bf492ce6a579,['CASA E CONFORTO'],CASA E CONFORTO
4046,a23f721497b1d681e6408ab48c1cf387,"['ELETRONICOS,INFORMATICA E AUDIO']","ELETRONICOS,INFORMATICA E AUDIO"
4047,a24330f9f979dd041f57f4c8f937c9ad,['PET SHOP'],PET SHOP
4048,a244dfc2d80e0857a17cfd3b58ee9321,"['ELETRONICOS,INFORMATICA E AUDIO']","ELETRONICOS,INFORMATICA E AUDIO"
4049,a249134c21e6cc24928060768941584e,['CASA E CONFORTO'],CASA E CONFORTO
4050,a25a1aa8a0c5423cc8e581b616050539,['CASA E CONFORTO'],CASA E CONFORTO
4051,a25f8c8c17243276e72fca0857e94789,"['ELETRONICOS,INFORMATICA E AUDIO']","ELETRONICOS,INFORMATICA E AUDIO"
4052,a279303ffd9d8c583d887dbf8f5666b1,['MODA E BELEZA'],MODA E BELEZA
4053,a27f3aab93e8f43407c0fe4296f475c1,['MOVEIS E ELETRODOMESTICOS'],MOVEIS E ELETRODOMESTICOS
4054,a2a1336bf769a76da801da42dd9f0ecc,['CASA E CONFORTO'],CASA E CONFORTO
4055,a2a216a3b0034fa46d13dfa2ef86a62c,['MOVEIS E ELETRODOMESTICOS'],MOVEIS E ELETRODOMESTICOS
4056,a2a3515a501b9b77129df7bff1813e76,['ARTES E DECORACAO'],ARTES E DECORACAO
4057,a2b4be96b53022618030c17ed437604d,['ARTES E DECORACAO'],ARTES E DECORACAO
4058,a2c0b600ee987c3536f835e83313d63b,"['LIVROS, MUSICA E PAPELARIA']","LIVROS, MUSICA E PAPELARIA"
4059,a2c2158d6a2596315ca45703207e97c4,['MODA E BELEZA'],MODA E BELEZA
4060,a2c93edc2fa319d3e6aa9e18dc4b3b19,"['ELETRONICOS,INFORMATICA E AUDIO']","ELETRONICOS,INFORMATICA E AUDIO"
4061,a2f4f3306fea53180f55b6bb37d63647,['MOVEIS E ELETRODOMESTICOS'],MOVEIS E ELETRODOMESTICOS
4062,a2fb9f237dfb7fb67d835e6507514943,['MOVEIS E ELETRODOMESTICOS'],MOVEIS E ELETRODOMESTICOS
4063,a300439b291baea25827908be1277e29,['MODA E BELEZA'],MODA E BELEZA
4064,a300448deabccb27ee1eb60ca3d2164b,['MODA E BELEZA'],MODA E BELEZA
4065,a316eee6dacbc0393c28dff3568a67ee,['CASA E CONFORTO'],CASA E CONFORTO
4066,a31edef7b507f33a0ed568753097dff0,['MODA E BELEZA'],MODA E BELEZA
4067,a323ac4955fc32f68997f8d0122ff2c1,['ARTES E DECORACAO'],ARTES E DECORACAO
4068,a336de4bbd836a89f9cb2a5b58ed2578,['MOVEIS E ELETRODOMESTICOS'],MOVEIS E ELETRODOMESTICOS
4069,a33b289433334b5de7fc4a053c290af8,['BRINQUEDOS E LAZER'],BRINQUEDOS E LAZER
4070,a340559e00903f5d714ce736af183cbd,['AUTOMOTIVO'],AUTOMOTIVO
4071,a341a07822f9eae416a6ed32e4509752,['MODA E BELEZA'],MODA E BELEZA
4072,a34a2e4844c9dc002407e7821fd3c8fd,['BRINQUEDOS E LAZER'],BRINQUEDOS E LAZER
4073,a35bf517586a9609441f4d6f8db9f6d2,['MODA E BELEZA'],MODA E BELEZA
4074,a36a813c74f1991b48c5e3403bcebba5,"['LIVROS, MUSICA E PAPELARIA']","LIVROS, MUSICA E PAPELARIA"
4075,a36c4be04977d1e030ff28b9791d8ebc,['AUTOMOTIVO'],AUTOMOTIVO
4076,a380e6e7800d5e6d6fb008fe587e4202,"['ELETRONICOS,INFORMATICA E AUDIO']","ELETRONICOS,INFORMATICA E AUDIO"
4077,a380f666b6f5f63175077284df9e7237,['CASA E CONFORTO'],CASA E CONFORTO
4078,a383762bd79949e1b34878460042cd23,['MODA E BELEZA'],MODA E BELEZA
4079,a3881d763588c17dc4e258628e6951fb,['AUTOMOTIVO'],AUTOMOTIVO
4080,a3958d69eb857cd9af63d8f40948e64d,['MODA E BELEZA'],MODA E BELEZA
4081,a3a7ac8f07fa7b6b6d24e489a43b479d,"['ELETRONICOS,INFORMATICA E AUDIO']","ELETRONICOS,INFORMATICA E AUDIO"
4082,a3afc054794626fa838bdf3de6073232,['CASA E CONFORTO'],CASA E CONFORTO
4083,a3b45c3744c4a07892d51bc29f6b1281,['MODA E BELEZA'],MODA E BELEZA
4084,a3ba21f961c9d61f7502766974371616,['MOVEIS E ELETRODOMESTICOS'],MOVEIS E ELETRODOMESTICOS
4085,a3c0d5a734ba53e42a0ec23ff32b2e99,['CASA E CONFORTO'],CASA E CONFORTO
4086,a3c1d266558d811517afe798d1fad42c,"['ELETRONICOS,INFORMATICA E AUDIO']","ELETRONICOS,INFORMATICA E AUDIO"
4087,a3cbfbf2c6364b1c16f1c0ce8f6fd306,"['ELETRONICOS,INFORMATICA E AUDIO']","ELETRONICOS,INFORMATICA E AUDIO"
4088,a3cec8fb296bfeb57c9f6265048b23ef,['FERRAMENTAS E CONSTRUCAO'],FERRAMENTAS E CONSTRUCAO
4089,a3d6f1c32e941d70a3261b7080854aa2,['MOVEIS E ELETRODOMESTICOS'],MOVEIS E ELETRODOMESTICOS
4090,a4015a55015b0058b93b119716cb188b,['MODA E BELEZA'],MODA E BELEZA
4091,a4036614de2d233c7d7b9a4a716d3753,['BRINQUEDOS E LAZER'],BRINQUEDOS E LAZER
4092,a4052a184e5a78c6be9f09a9fed53279,['CASA E CONFORTO'],CASA E CONFORTO
4093,a41147091da0a907ca54accc4bf5b231,['MODA E BELEZA'],MODA E BELEZA
4094,a4125b229a0ccba8decce0b246368fbb,"['LIVROS, MUSICA E PAPELARIA']","LIVROS, MUSICA E PAPELARIA"
4095,a426bb94ff487c1e28c20c73d5f99cd0,['MODA E BELEZA'],MODA E BELEZA
4096,a42e31c24c15dfa40b3b5179c811f43b,['MODA E BELEZA'],MODA E BELEZA
4097,a434cfda13115168ed9fbb287031eff1,['ARTES E DECORACAO'],ARTES E DECORACAO
4098,a44945cc37c23d95b5415ad68e8beaf1,['BRINQUEDOS E LAZER'],BRINQUEDOS E LAZER
4099,a452fba32eab28a4a62af18eed010c0b,['ARTES E DECORACAO'],ARTES E DECORACAO
4100,a45c1f10d2a3a9e829ea9125e9e17aab,['CASA E CONFORTO'],CASA E CONFORTO
4101,a45d988c5f5764f548ae6fa14a8ee773,['MOVEIS E ELETRODOMESTICOS'],MOVEIS E ELETRODOMESTICOS
4102,a4601549c0054db50e2c61e1a7d49678,['MOVEIS E ELETRODOMESTICOS'],MOVEIS E ELETRODOMESTICOS
4103,a46b002ede0857b1e4814c0d12fe17ef,['BEBES'],BEBES
4104,a46dc6a0212b801e6864957e34476ab3,['MOVEIS E ELETRODOMESTICOS'],MOVEIS E ELETRODOMESTICOS
4105,a4763f72a6a9ff012d96a0e2b4d4b1ea,['BRINQUEDOS E LAZER'],BRINQUEDOS E LAZER
4106,a4765431be6613d760a9cf57da14b9ce,['MODA E BELEZA'],MODA E BELEZA
4107,a47dd39bbaabbd5ae4ea18dd43cdef11,['CASA E CONFORTO'],CASA E CONFORTO
4108,a493ec96759efcf6c10e27b823f9f2c0,['MODA E BELEZA'],MODA E BELEZA
4109,a49ef06443dbe442d78f3fa3b26848d2,['BRINQUEDOS E LAZER'],BRINQUEDOS E LAZER
4110,a4a05d9529999a7a1bfc497a2cb1221a,['MODA E BELEZA'],MODA E BELEZA
4111,a4a57f1ffa25b90dea9f150fee89db84,['AUTOMOTIVO'],AUTOMOTIVO
4112,a4a7cbfa5424f9c91c94e3483d80f99a,['MODA E BELEZA'],MODA E BELEZA
4113,a4b3642789b54e8f4e9effab48c70c7c,"['LIVROS, MUSICA E PAPELARIA']","LIVROS, MUSICA E PAPELARIA"
4114,a4bc6ee8a0b10b9362660438b786cdaf,"['LIVROS, MUSICA E PAPELARIA']","LIVROS, MUSICA E PAPELARIA"
4115,a4c7457da912c852dfb94cca5f35603a,"['ELETRONICOS,INFORMATICA E AUDIO']","ELETRONICOS,INFORMATICA E AUDIO"
4116,a4ca2ef2db84bd36005b60249c9600d7,['MODA E BELEZA'],MODA E BELEZA
4117,a4e1c7e97bd79078bb3a032a6f99a33b,['ALIMENTOS'],ALIMENTOS
4118,a4e56a5d579e9d4268c4cacb5a6e5747,['BRINQUEDOS E LAZER'],BRINQUEDOS E LAZER
4119,a4e90af1c84c4455c7c4c65293ae2c78,['CASA E CONFORTO'],CASA E CONFORTO
4120,a4efaffc506a395c9cea7402b078c1e5,"['LIVROS, MUSICA E PAPELARIA']","LIVROS, MUSICA E PAPELARIA"
4121,a50456c8fe575e192697e5f87d77a52a,['CASA E CONFORTO'],CASA E CONFORTO
4122,a5066c35c39663d4e120a25aa960cf24,['CASA E CONFORTO'],CASA E CONFORTO
4123,a50b31b881b695923b9ebb3685cf9684,['MODA E BELEZA'],MODA E BELEZA
4124,a50d174e10ae3a318551a633cffe8e9b,['PET SHOP'],PET SHOP
4125,a521f0f44c282118891a438c9e7cff9a,['CASA E CONFORTO'],CASA E CONFORTO
4126,a523c396a29386423aa594fe448ca713,"['ELETRONICOS,INFORMATICA E AUDIO']","ELETRONICOS,INFORMATICA E AUDIO"
4127,a53ebffcfdb8c4e47308374591571f96,['BRINQUEDOS E LAZER'],BRINQUEDOS E LAZER
4128,a5474c0071dd5d1074e12d417078bbd0,['MODA E BELEZA'],MODA E BELEZA
4129,a5504f1984f84201ce8630f9b7df369d,['MODA E BELEZA'],MODA E BELEZA
4130,a55945f45b2bf0c2b8b3ffae52d10213,['CASA E CONFORTO'],CASA E CONFORTO
4131,a562dc4f82a34303219d36cffb2cdd2c,"['ELETRONICOS,INFORMATICA E AUDIO']","ELETRONICOS,INFORMATICA E AUDIO"
4132,a5699e91157fd53a3c93f645452e88bd,['ARTES E DECORACAO'],ARTES E DECORACAO
4133,a56c56edb4506114d21cb22affa258f9,['BRINQUEDOS E LAZER'],BRINQUEDOS E LAZER
4134,a56e37d8a5dac95d919eaff11259c597,['MODA E BELEZA'],MODA E BELEZA
4135,a57afe5184cd152ebb6dc6cdfbacb153,['MODA E BELEZA'],MODA E BELEZA
4136,a57bebffbfa4ce3c72a856f94e1c589f,['CASA E CONFORTO'],CASA E CONFORTO
4137,a58490145a93745e5cce4c644ecd9153,['CASA E CONFORTO'],CASA E CONFORTO
4138,a594e1f484d5b84270ff28ad578632d2,['FERRAMENTAS E CONSTRUCAO'],FERRAMENTAS E CONSTRUCAO
4139,a599309f5f79fbd2d37ff1451b16d526,['ARTES E DECORACAO'],ARTES E DECORACAO
4140,a5a2c04bf617121fede9ce243c7e59c9,['MOVEIS E ELETRODOMESTICOS'],MOVEIS E ELETRODOMESTICOS
4141,a5ace85930526f2e2c1f06c2d3383e90,['ARTES E DECORACAO'],ARTES E DECORACAO
4142,a5b17618d38c5f58f124097a79a2a230,['FERRAMENTAS E CONSTRUCAO'],FERRAMENTAS E CONSTRUCAO
4143,a5c8f3a11dcb9bd9b0acdfb8101dfdc8,['MOVEIS E ELETRODOMESTICOS'],MOVEIS E ELETRODOMESTICOS
4144,a5ce51395d295fe2c816182f79c81866,['MODA E BELEZA'],MODA E BELEZA
4145,a5d11ae16578088b0fcd76de30368bdb,"['ELETRONICOS,INFORMATICA E AUDIO']","ELETRONICOS,INFORMATICA E AUDIO"
4146,a5e7b733ac9f9e3d9bafeacd10b5aff9,['PET SHOP'],PET SHOP
4147,a5ee069718f4fc72e7a0567f4a45ba53,['AUTOMOTIVO'],AUTOMOTIVO
4148,a5f588c27a89f3717988ca093e02ba3d,['CASA E CONFORTO'],CASA E CONFORTO
4149,a5f8c36187658cd37c05515c06cdd941,"['ELETRONICOS,INFORMATICA E AUDIO']","ELETRONICOS,INFORMATICA E AUDIO"
4150,a6017d04cfa5f1b3bda082a341338f98,['MOVEIS E ELETRODOMESTICOS'],MOVEIS E ELETRODOMESTICOS
4151,a6048ee9317b5bf604ae61505227e407,['BRINQUEDOS E LAZER'],BRINQUEDOS E LAZER
4152,a60e21c021af3e8b42bf68b8683800ac,['MODA E BELEZA'],MODA E BELEZA
4153,a622cb9542d08e3004c1a9a33a7cd859,['MOVEIS E ELETRODOMESTICOS'],MOVEIS E ELETRODOMESTICOS
4154,a6342076665c42007b429ba796b34480,"['ELETRONICOS,INFORMATICA E AUDIO']","ELETRONICOS,INFORMATICA E AUDIO"
4155,a63792bf510613cc7d8182ece331499e,['BRINQUEDOS E LAZER'],BRINQUEDOS E LAZER
4156,a6514c8d02080f557f4f5ebd3b1461a6,"['ELETRONICOS,INFORMATICA E AUDIO']","ELETRONICOS,INFORMATICA E AUDIO"
4157,a65211639143a90d6cb4116d808b1823,['MOVEIS E ELETRODOMESTICOS'],MOVEIS E ELETRODOMESTICOS
4158,a65fde0b04e8ca23f84e79c9935e3b93,['MODA E BELEZA'],MODA E BELEZA
4159,a6711e454e2bbe3bb021ec7fcfd3c6ac,['MODA E BELEZA'],MODA E BELEZA
4160,a6717f2cd428dfe26525facd5fada0ad,['CASA E CONFORTO'],CASA E CONFORTO
4161,a685d016c8a26f71a0bb67821070e398,['MOVEIS E ELETRODOMESTICOS'],MOVEIS E ELETRODOMESTICOS
4162,a68ddd6009f7c4914e2bc86567262d3b,['ARTES E DECORACAO'],ARTES E DECORACAO
4163,a68f4aa15871ac7fdaf524f48d7908dc,['MODA E BELEZA'],MODA E BELEZA
4164,a695e8fc1b0a6e9c814da33ed8cd9703,['FERRAMENTAS E CONSTRUCAO'],FERRAMENTAS E CONSTRUCAO
4165,a69ddc335f989aa05576bc19f8b9a549,['BEBES'],BEBES
4166,a6a1840fec3ecb04c489ffa4b2354631,"['ELETRONICOS,INFORMATICA E AUDIO']","ELETRONICOS,INFORMATICA E AUDIO"
4167,a6a5d5673d42186a8b8b94ad29b59897,['MOVEIS E ELETRODOMESTICOS'],MOVEIS E ELETRODOMESTICOS
4168,a6a6c002fd9f0e9eb0c0148448cf8863,"['ELETRONICOS,INFORMATICA E AUDIO']","ELETRONICOS,INFORMATICA E AUDIO"
4169,a6a81ef0cba0e11e230b4d19a6e8c559,['MOVEIS E ELETRODOMESTICOS'],MOVEIS E ELETRODOMESTICOS
4170,a6b72c99c6aec179323591f4dc353bb9,['BEBES'],BEBES
4171,a6c422d2b642708cb8aabe049013a49e,['MODA E BELEZA'],MODA E BELEZA
4172,a6c4a396b90e2d6bbb30aec21e1c20f8,"['LIVROS, MUSICA E PAPELARIA']","LIVROS, MUSICA E PAPELARIA"
4173,a6e88e8981bb9dbb574107cfd606e4ba,['FERRAMENTAS E CONSTRUCAO'],FERRAMENTAS E CONSTRUCAO
4174,a6fa6ddceedb5ea6477c3660ccc379d8,['MODA E BELEZA'],MODA E BELEZA
4175,a7080883a07c0f23d07ccb99214a53e8,['MODA E BELEZA'],MODA E BELEZA
4176,a7244b32a501eb75e809aea0f44556fa,['MODA E BELEZA'],MODA E BELEZA
4177,a72fc5669df669ab2c501cd323698fac,['CASA E CONFORTO'],CASA E CONFORTO
4178,a736c2ffae5f36d767e81dfc44146911,"['ELETRONICOS,INFORMATICA E AUDIO']","ELETRONICOS,INFORMATICA E AUDIO"
4179,a73b88538d5028e0bb2e13ced8597968,['CASA E CONFORTO'],CASA E CONFORTO
4180,a73c3ddde7053504491569e480840e6d,['BEBES'],BEBES
4181,a742f2cdf4187d253324d6b85675d2ad,['BRINQUEDOS E LAZER'],BRINQUEDOS E LAZER
4182,a7507007d328f9469ed7384cbfc8f7a9,['CASA E CONFORTO'],CASA E CONFORTO
4183,a757a56d0e861a38647169019a35ef8d,['MODA E BELEZA'],MODA E BELEZA
4184,a75a2f7097d488d3e5c5709a05e32430,"['ELETRONICOS,INFORMATICA E AUDIO']","ELETRONICOS,INFORMATICA E AUDIO"
4185,a75aad2fd41164a516a1257b45670f4d,['CASA E CONFORTO'],CASA E CONFORTO
4186,a75f828f8272cec810f1fc3ec8e88964,['AUTOMOTIVO'],AUTOMOTIVO
4187,a761862f0091efb27d04d58ad23de019,['ARTES E DECORACAO'],ARTES E DECORACAO
4188,a76390702d2f24f9e0d5ad3c5e9ec562,['BRINQUEDOS E LAZER'],BRINQUEDOS E LAZER
4189,a767f123fcb9ebe4eea953349dfd5a81,['MODA E BELEZA'],MODA E BELEZA
4190,a770d40cdf2c021395ec08fc745da209,['BRINQUEDOS E LAZER'],BRINQUEDOS E LAZER
4191,a7736098008bf1d6c7f3e9e72ca06081,['CASA E CONFORTO'],CASA E CONFORTO
4192,a78164444ccfb34deace5aeee405f3a3,['FERRAMENTAS E CONSTRUCAO'],FERRAMENTAS E CONSTRUCAO
4193,a788947482c8920713e5a3b4294559c2,['MODA E BELEZA'],MODA E BELEZA
4194,a78b808171a7a24376688e39d3ada85c,['MOVEIS E ELETRODOMESTICOS'],MOVEIS E ELETRODOMESTICOS
4195,a799d21b017742b6c8cac13998fd6ee2,['BRINQUEDOS E LAZER'],BRINQUEDOS E LAZER
4196,a7a423a542937b74dff48feaf2dd1126,['MODA E BELEZA'],MODA E BELEZA
4197,a7a9b0f583c7121452bf658dafcbbc8f,['MODA E BELEZA'],MODA E BELEZA
4198,a7b5335df0e4011b78171b889fc52a2f,"['ELETRONICOS,INFORMATICA E AUDIO']","ELETRONICOS,INFORMATICA E AUDIO"
4199,a7b6379e7ca83fc534678ad86108cff7,"['ELETRONICOS,INFORMATICA E AUDIO']","ELETRONICOS,INFORMATICA E AUDIO"
4200,a7b9ca3e1958817f0415ebbf1fef3941,"['ELETRONICOS,INFORMATICA E AUDIO']","ELETRONICOS,INFORMATICA E AUDIO"
4201,a7c2948fe630c10cac337822b08f5dc5,['BRINQUEDOS E LAZER'],BRINQUEDOS E LAZER
4202,a7c94ed332c0c561f69399316f9eca6d,['CASA E CONFORTO'],CASA E CONFORTO
4203,a7c96c67b28612698cc5e0fb735dad94,['MODA E BELEZA'],MODA E BELEZA
4204,a7ccc4df2d363b2ba9037d1ef834a250,['MODA E BELEZA'],MODA E BELEZA
4205,a7d0ba9060629de852f3b9f520d8bd7e,['AUTOMOTIVO'],AUTOMOTIVO
4206,a7d5e53a5efe34103e6b5b67c497c2fa,"['ELETRONICOS,INFORMATICA E AUDIO']","ELETRONICOS,INFORMATICA E AUDIO"
4207,a7d6efcf25cbcbce23dbef446eb827d6,['CASA E CONFORTO'],CASA E CONFORTO
4208,a7d88dd59dbc3b0239f9284e1d72ff84,['MODA E BELEZA'],MODA E BELEZA
4209,a7da4c5d1aa10f5bd43694601bea7057,"['LIVROS, MUSICA E PAPELARIA']","LIVROS, MUSICA E PAPELARIA"
4210,a7de1e9511d55d23769ec956fbfe66a9,"['ELETRONICOS,INFORMATICA E AUDIO']","ELETRONICOS,INFORMATICA E AUDIO"
4211,a7f514dbfdce429795a816a86b0cfcfd,"['ELETRONICOS,INFORMATICA E AUDIO']","ELETRONICOS,INFORMATICA E AUDIO"
4212,a7ff25f0e4f6914216004204460f5797,['BRINQUEDOS E LAZER'],BRINQUEDOS E LAZER
4213,a809c12014a1497839f797359c3f6d3e,['ARTES E DECORACAO'],ARTES E DECORACAO
4214,a80fa61306ce8d33073362ede148e9ac,['MOVEIS E ELETRODOMESTICOS'],MOVEIS E ELETRODOMESTICOS
4215,a81ac812819d3c3e98ff62b3a8e4e75d,['BEBES'],BEBES
4216,a81c8b86774acbd8736ec06f26772f41,['MOVEIS E ELETRODOMESTICOS'],MOVEIS E ELETRODOMESTICOS
4217,a82dcbafd23833baa1a6f5328cedf5a2,['MODA E BELEZA'],MODA E BELEZA
4218,a84f2bf7fd1e2c2f29199f76c46d5238,"['ELETRONICOS,INFORMATICA E AUDIO']","ELETRONICOS,INFORMATICA E AUDIO"
4219,a8509dc24b521846439b3c61f221af06,['MODA E BELEZA'],MODA E BELEZA
4220,a85ce89cbcc514dfe135de0036be45db,['MODA E BELEZA'],MODA E BELEZA
4221,a85de20f557d7c93da92888cde9b7aef,['MODA E BELEZA'],MODA E BELEZA
4222,a8715df62ddbba56b77f5ac4ecf71d4f,['MODA E BELEZA'],MODA E BELEZA
4223,a87e931eec5702ceb837f15fdcf39684,['MOVEIS E ELETRODOMESTICOS'],MOVEIS E ELETRODOMESTICOS
4224,a8843eefca185666dee09101b9507b49,"['ELETRONICOS,INFORMATICA E AUDIO']","ELETRONICOS,INFORMATICA E AUDIO"
4225,a88edef387e2a7e457695664bf0ddfc0,"['ELETRONICOS,INFORMATICA E AUDIO']","ELETRONICOS,INFORMATICA E AUDIO"
4226,a892aed3f3e6cbf712088cd2dd21b733,['MODA E BELEZA'],MODA E BELEZA
4227,a89ebfafe4d5465a7f7d00cb6fb2537a,['CASA E CONFORTO'],CASA E CONFORTO
4228,a8a6ba331df6f7b1106abbc30489c428,['MOVEIS E ELETRODOMESTICOS'],MOVEIS E ELETRODOMESTICOS
4229,a8aa4724dee04db3a0440eed8cb33911,"['ELETRONICOS,INFORMATICA E AUDIO']","ELETRONICOS,INFORMATICA E AUDIO"
4230,a8aa8c2af7ddd7b246469a7d4a53ed75,['CASA E CONFORTO'],CASA E CONFORTO
4231,a8b287712f97be514752ebf62271b2a2,['MODA E BELEZA'],MODA E BELEZA
4232,a8b96b7d5604088bca60e1822012c0cd,"['ELETRONICOS,INFORMATICA E AUDIO']","ELETRONICOS,INFORMATICA E AUDIO"
4233,a8dca6a1942e9103b78f5aea8b50a884,['CASA E CONFORTO'],CASA E CONFORTO
4234,a8dcdaca6b71b71297497af76297b1d0,"['LIVROS, MUSICA E PAPELARIA']","LIVROS, MUSICA E PAPELARIA"
4235,a8e0b9e3c94ebc0f5d0ebbfa4d6110b7,['FERRAMENTAS E CONSTRUCAO'],FERRAMENTAS E CONSTRUCAO
4236,a8f7065acc12b517fbf7ab744bff8edc,['BRINQUEDOS E LAZER'],BRINQUEDOS E LAZER
4237,a9029e5bd9332bbe973f3680152fb397,"['ELETRONICOS,INFORMATICA E AUDIO']","ELETRONICOS,INFORMATICA E AUDIO"
4238,a917dadebfac700fb6fcbf80126d4f57,['AUTOMOTIVO'],AUTOMOTIVO
4239,a929a185ac6f55381e43e1d18e01256a,['AUTOMOTIVO'],AUTOMOTIVO
4240,a92e6290657082950fa4ebb6fe8141a6,['MODA E BELEZA'],MODA E BELEZA
4241,a940a94fdec511a582a6da00ff8520c7,['CASA E CONFORTO'],CASA E CONFORTO
4242,a9424f275ec54b45085e8b3fdf21361d,"['ELETRONICOS,INFORMATICA E AUDIO']","ELETRONICOS,INFORMATICA E AUDIO"
4243,a95678d13aa1133eda68827e63e5f769,['CASA E CONFORTO'],CASA E CONFORTO
4244,a96be3f7775bce7abde7918670a3d67d,"['ELETRONICOS,INFORMATICA E AUDIO']","ELETRONICOS,INFORMATICA E AUDIO"
4245,a97041e9aa36c525119520db08b537c1,['MOVEIS E ELETRODOMESTICOS'],MOVEIS E ELETRODOMESTICOS
4246,a9726615eb24e9b1fa84fe7f8c9a5b54,['CASA E CONFORTO'],CASA E CONFORTO
4247,a97db97f3de8482639f040b8e6a81be3,['CASA E CONFORTO'],CASA E CONFORTO
4248,a97e8bd621edbcb4558c0de4c02f05a9,['AUTOMOTIVO'],AUTOMOTIVO
4249,a9850cfaa6a85bd626e548413454f108,['MOVEIS E ELETRODOMESTICOS'],MOVEIS E ELETRODOMESTICOS
4250,a98f79318168a3b20eca9c4530909f49,['CASA E CONFORTO'],CASA E CONFORTO
4251,a992886b2689bf77a10ee24fb661d3c8,['CASA E CONFORTO'],CASA E CONFORTO
4252,a9cd6a8565b10d36007e7a68f48af097,['ALIMENTOS'],ALIMENTOS
4253,a9cdfd538e3a7e3fa7f39bb4197c6a44,"['LIVROS, MUSICA E PAPELARIA']","LIVROS, MUSICA E PAPELARIA"
4254,a9d9e48bc0905664f33c53779b5edfb6,['MOVEIS E ELETRODOMESTICOS'],MOVEIS E ELETRODOMESTICOS
4255,a9e3336634f202f7806561c5f41b2e1a,['PET SHOP'],PET SHOP
4256,a9eec1b45478f7ed063439b8f7506807,['ALIMENTOS'],ALIMENTOS
4257,a9eec2aaf2814129ba011047ae8484b6,['CASA E CONFORTO'],CASA E CONFORTO
4258,a9ef87f686349168d7b25621bac29d5e,['ALIMENTOS'],ALIMENTOS
4259,a9fd72b050d13c8473c0d9503ac493b8,['MODA E BELEZA'],MODA E BELEZA
4260,aa00b2ae7dc9fb5471ecb331f2fa656a,['CASA E CONFORTO'],CASA E CONFORTO
4261,aa078289a37e7fc6858559006061646d,['AUTOMOTIVO'],AUTOMOTIVO
4262,aa0829298e82fd9bce51e79edd33fb5e,['CASA E CONFORTO'],CASA E CONFORTO
4263,aa0ada08c461e7c8b384d1e311d474f4,['MODA E BELEZA'],MODA E BELEZA
4264,aa138e54af900b83a2a45176517d1071,['BRINQUEDOS E LAZER'],BRINQUEDOS E LAZER
4265,aa2e81559d88cca16ac122e7627078c8,['MOVEIS E ELETRODOMESTICOS'],MOVEIS E ELETRODOMESTICOS
4266,aa3666ac800f7d6ee11840a2d5f74ee6,['CASA E CONFORTO'],CASA E CONFORTO
4267,aa663832fcd96bcd11acac2483a47a34,"['LIVROS, MUSICA E PAPELARIA']","LIVROS, MUSICA E PAPELARIA"
4268,aa728e83b25c036cf32893a200faf390,['BRINQUEDOS E LAZER'],BRINQUEDOS E LAZER
4269,aa7793d3985f9a2e8ba25eb1907fc587,"['ELETRONICOS,INFORMATICA E AUDIO']","ELETRONICOS,INFORMATICA E AUDIO"
4270,aa870603711e38df064454224e013c3a,['MODA E BELEZA'],MODA E BELEZA
4271,aa94e99bd2554aa3be1d546206cfe48d,['AUTOMOTIVO'],AUTOMOTIVO
4272,aa9c455b2d9888927e1b006b22980c5e,['CASA E CONFORTO'],CASA E CONFORTO
4273,aaa4688b6d2e4d20b2ffc6d97723ea63,['CASA E CONFORTO'],CASA E CONFORTO
4274,aaa8a5ae0929b8960979af7f39d3e90b,"['LIVROS, MUSICA E PAPELARIA']","LIVROS, MUSICA E PAPELARIA"
4275,aab7b04f45546e03e7c86b9e8f12368e,['CASA E CONFORTO'],CASA E CONFORTO
4276,aabd0a7ecf741520be60dc59fc6002ee,['AUTOMOTIVO'],AUTOMOTIVO
4277,aac634f35cf463dc4251abaa15e604e7,['MODA E BELEZA'],MODA E BELEZA
4278,aac88c8074f903c76fc8616b924ab3e4,['BEBES'],BEBES
4279,aafa7e2a173735576439ec483f27fa5f,['CASA E CONFORTO'],CASA E CONFORTO
4280,ab18ff09f55ca3ccc4dbf5bed2c9036d,['CASA E CONFORTO'],CASA E CONFORTO
4281,ab23407c84b934f452124bc5b5453123,"['ELETRONICOS,INFORMATICA E AUDIO']","ELETRONICOS,INFORMATICA E AUDIO"
4282,ab275e2c1b924e6f63d5edc630a56262,"['LIVROS, MUSICA E PAPELARIA']","LIVROS, MUSICA E PAPELARIA"
4283,ab2789e683e9edeb0f07462e642c5ad4,['FERRAMENTAS E CONSTRUCAO'],FERRAMENTAS E CONSTRUCAO
4284,ab348b95012031ab6a86594395ad47e1,['CASA E CONFORTO'],CASA E CONFORTO
4285,ab3a6663f21c1a36401300460d3c41cd,['BRINQUEDOS E LAZER'],BRINQUEDOS E LAZER
4286,ab4d923f0c19b1189d542b64352de060,"['ELETRONICOS,INFORMATICA E AUDIO']","ELETRONICOS,INFORMATICA E AUDIO"
4287,ab5e82cf45c456a01f4aa7d2b287a361,['MODA E BELEZA'],MODA E BELEZA
4288,ab6442c868ae3695e675d3c39aa616a2,['MODA E BELEZA'],MODA E BELEZA
4289,ab6c2b531e877fad84a31aa845bc9345,"['ELETRONICOS,INFORMATICA E AUDIO']","ELETRONICOS,INFORMATICA E AUDIO"
4290,ab71e5dff0ed652f1559e1860391bd22,"['ELETRONICOS,INFORMATICA E AUDIO']","ELETRONICOS,INFORMATICA E AUDIO"
4291,ab75125adb0d56e4a58e073b90b7b6c6,"['ELETRONICOS,INFORMATICA E AUDIO']","ELETRONICOS,INFORMATICA E AUDIO"
4292,ab7903b95175ea31f7bd33718a583e88,['CASA E CONFORTO'],CASA E CONFORTO
4293,ab7d581904e30270097263608c42ecbf,['BRINQUEDOS E LAZER'],BRINQUEDOS E LAZER
4294,ab89bb4480224d68ca99f20929ab77ac,['MODA E BELEZA'],MODA E BELEZA
4295,ab8b6341a925e22523717681a8e26ed6,['MODA E BELEZA'],MODA E BELEZA
4296,ab94edba03e70a9b50a33580289792fc,['MODA E BELEZA'],MODA E BELEZA
4297,abb3b065b8888558edf20e815f816662,"['ELETRONICOS,INFORMATICA E AUDIO']","ELETRONICOS,INFORMATICA E AUDIO"
4298,abb4cbba2c83f7cabc85e45374a23ad4,['CASA E CONFORTO'],CASA E CONFORTO
4299,abbbf52551bc34cd52a7851c06dfca90,['MOVEIS E ELETRODOMESTICOS'],MOVEIS E ELETRODOMESTICOS
4300,abc61b624c9611e850c2f84c17acc0c3,['MODA E BELEZA'],MODA E BELEZA
4301,abd05c85cdce8b1426ced8f27fb59eb1,['BRINQUEDOS E LAZER'],BRINQUEDOS E LAZER
4302,abd3f51d3ea91685824a0975e07ab463,"['LIVROS, MUSICA E PAPELARIA']","LIVROS, MUSICA E PAPELARIA"
4303,abed4a9942ddbdf89cb7813557d89c62,['CASA E CONFORTO'],CASA E CONFORTO
4304,ac05edf13466f6c474516cccd781bbd7,['FERRAMENTAS E CONSTRUCAO'],FERRAMENTAS E CONSTRUCAO
4305,ac0d19143b07550124df5139ba1faa6a,['ARTES E DECORACAO'],ARTES E DECORACAO
4306,ac17fcdce65beed9ddc7473ff8150528,"['ELETRONICOS,INFORMATICA E AUDIO']","ELETRONICOS,INFORMATICA E AUDIO"
4307,ac1ad6203d23f24b2a0d5f03194350c4,"['ELETRONICOS,INFORMATICA E AUDIO']","ELETRONICOS,INFORMATICA E AUDIO"
4308,ac1ba3d6cc5dbfbe4ebb5db9d2039bcc,['BRINQUEDOS E LAZER'],BRINQUEDOS E LAZER
4309,ac1de8fa694be661c516f1df6cd72a24,"['ELETRONICOS,INFORMATICA E AUDIO']","ELETRONICOS,INFORMATICA E AUDIO"
4310,ac2da4ffeb7023f0237c1f1418c78916,['MODA E BELEZA'],MODA E BELEZA
4311,ac3a8f865ec67b649d66ed5149a41593,['ARTES E DECORACAO'],ARTES E DECORACAO
4312,ac3bbb3fc408398a21fd798ff938c129,['BEBES'],BEBES
4313,ac403e440819af1853b7fcd7f04de6c4,['BEBES'],BEBES
4314,ac579d1cb61f3f0f7a4497e3513ae073,['CASA E CONFORTO'],CASA E CONFORTO
4315,ac57a5e116e95f1b04e07e0b57a5f6f5,['MODA E BELEZA'],MODA E BELEZA
4316,ac5ad4cfc85f922013597f80a6c59099,"['ELETRONICOS,INFORMATICA E AUDIO']","ELETRONICOS,INFORMATICA E AUDIO"
4317,ac7026f501e7c7a2190493cef09bd5f7,['BRINQUEDOS E LAZER'],BRINQUEDOS E LAZER
4318,ac86dd3679ae1b9b02aa9d04b6e5dea2,['CASA E CONFORTO'],CASA E CONFORTO
4319,ac88d96f79bb0884df747b9c38fe48f7,['MOVEIS E ELETRODOMESTICOS'],MOVEIS E ELETRODOMESTICOS
4320,ac8f533b96ef19b111869e752c59a61c,['MODA E BELEZA'],MODA E BELEZA
4321,ac9394e6566c5245be91e3dd87c8d5e9,['CASA E CONFORTO'],CASA E CONFORTO
4322,ac9c24587cf6cf6fc0276576b9e95cc6,"['ELETRONICOS,INFORMATICA E AUDIO']","ELETRONICOS,INFORMATICA E AUDIO"
4323,aca44cb492f80075220916b0a4486b10,['MODA E BELEZA'],MODA E BELEZA
4324,acbaf2e843c77c9749c79030163c8b81,['MODA E BELEZA'],MODA E BELEZA
4325,acbf78375e415ab56c0f6160901b6167,['MOVEIS E ELETRODOMESTICOS'],MOVEIS E ELETRODOMESTICOS
4326,acc3d4031cbd2f28ac6b5b71427a054c,['MODA E BELEZA'],MODA E BELEZA
4327,accddd3ce343b9c4a7ad6d49ecc3c3d2,"['ELETRONICOS,INFORMATICA E AUDIO']","ELETRONICOS,INFORMATICA E AUDIO"
4328,acd028b8d85a8ac15f7621e610da31e5,"['ELETRONICOS,INFORMATICA E AUDIO']","ELETRONICOS,INFORMATICA E AUDIO"
4329,acd7029e70d5e80091c71c9be6643758,['ARTES E DECORACAO'],ARTES E DECORACAO
4330,acdb814f2758bfa4cf10c3ce5cb09c81,['MOVEIS E ELETRODOMESTICOS'],MOVEIS E ELETRODOMESTICOS
4331,ace92305f332d1f0cee1cf27e79ac5ce,['CASA E CONFORTO'],CASA E CONFORTO
4332,ad011a3e400b99be12aa7d90ceaba499,"['ELETRONICOS,INFORMATICA E AUDIO']","ELETRONICOS,INFORMATICA E AUDIO"
4333,ad19ba88530f3b247cf8c1bacc479741,['MODA E BELEZA'],MODA E BELEZA
4334,ad1b24e31eda83c8bf2123f3961f588a,"['ELETRONICOS,INFORMATICA E AUDIO']","ELETRONICOS,INFORMATICA E AUDIO"
4335,ad2a607cb972296b63c687849e21dd34,['PET SHOP'],PET SHOP
4336,ad2e046d1a59ee49ddf9ae258360b81b,['BRINQUEDOS E LAZER'],BRINQUEDOS E LAZER
4337,ad4098a257676ea4d394fb3bbbf36ca3,['CASA E CONFORTO'],CASA E CONFORTO
4338,ad5358e0c5bbbde6f15e29855ba10bb5,['CASA E CONFORTO'],CASA E CONFORTO
4339,ad81d0d06a681bb6285a1aa66634f762,"['ELETRONICOS,INFORMATICA E AUDIO']","ELETRONICOS,INFORMATICA E AUDIO"
4340,ad829c3ec314b40679b5cf05f1f27025,"['LIVROS, MUSICA E PAPELARIA']","LIVROS, MUSICA E PAPELARIA"
4341,ad90c16e076211ad58babc8c49811cb7,['MOVEIS E ELETRODOMESTICOS'],MOVEIS E ELETRODOMESTICOS
4342,ad9c97f9a8dbad1ffcc7f261da6574a0,['MODA E BELEZA'],MODA E BELEZA
4343,ada302d82697f51b2373ac6da3131588,"['AGRO, INDUSTRIA E NEGOCIOS']","AGRO, INDUSTRIA E NEGOCIOS"
4344,ada48b7ce9fee2a62cd265bd45a9c97b,['MOVEIS E ELETRODOMESTICOS'],MOVEIS E ELETRODOMESTICOS
4345,adaab7718f21c04f40290e5afb01486b,['MODA E BELEZA'],MODA E BELEZA
4346,adb3a0386f6e1f65d5fa85ecfc0f64a2,['MODA E BELEZA'],MODA E BELEZA
4347,adb8036d8a5a923d533101a9a7397523,['MODA E BELEZA'],MODA E BELEZA
4348,adbd608bc3c4a0f50224fa3b9543f791,['CASA E CONFORTO'],CASA E CONFORTO
4349,add3e322151e47705826b60fbe20356f,['MOVEIS E ELETRODOMESTICOS'],MOVEIS E ELETRODOMESTICOS
4350,add4a7fe1b17829ea0b43587b44c1176,['CASA E CONFORTO'],CASA E CONFORTO
4351,add8925a882ced65862ec18298e38f3e,['MODA E BELEZA'],MODA E BELEZA
4352,add940502d0460714892c63cc13c07eb,"['ELETRONICOS,INFORMATICA E AUDIO']","ELETRONICOS,INFORMATICA E AUDIO"
4353,adddc7adab7516dd578d700024245d43,['BRINQUEDOS E LAZER'],BRINQUEDOS E LAZER
4354,ade32d1b22ac2ce84c90f170c4ab1845,['MODA E BELEZA'],MODA E BELEZA
4355,ae06ecd5e96edbfc44668e2cd8e0ff84,['MODA E BELEZA'],MODA E BELEZA
4356,ae08a26b052c48419e21581f9f01d47e,"['ELETRONICOS,INFORMATICA E AUDIO']","ELETRONICOS,INFORMATICA E AUDIO"
4357,ae0be4e1cb2ae75b372e2f055876ff07,"['ELETRONICOS,INFORMATICA E AUDIO']","ELETRONICOS,INFORMATICA E AUDIO"
4358,ae0c255a73ce7465486f62fb5f79953a,"['ELETRONICOS,INFORMATICA E AUDIO']","ELETRONICOS,INFORMATICA E AUDIO"
4359,ae1126b6891f58552443772c80b1f562,['MOVEIS E ELETRODOMESTICOS'],MOVEIS E ELETRODOMESTICOS
4360,ae11d192084ba3db24965f271590124d,"['ELETRONICOS,INFORMATICA E AUDIO']","ELETRONICOS,INFORMATICA E AUDIO"
4361,ae15bf1ddb1e3e96132e81c6c7fbf7fe,['MODA E BELEZA'],MODA E BELEZA
4362,ae18621f85e75782d4a05232abe00cba,['BRINQUEDOS E LAZER'],BRINQUEDOS E LAZER
4363,ae213a9f84c777fb7a31e8c0f09fd30c,['MODA E BELEZA'],MODA E BELEZA
4364,ae2268b7be14ac244c81a598e338a356,"['ELETRONICOS,INFORMATICA E AUDIO']","ELETRONICOS,INFORMATICA E AUDIO"
4365,ae274c9d0348b7a98af73fb40965100d,['MOVEIS E ELETRODOMESTICOS'],MOVEIS E ELETRODOMESTICOS
4366,ae2834f54ef9bb766fbce5cad77ef198,['ARTES E DECORACAO'],ARTES E DECORACAO
4367,ae352cde9779081a0ca9020c7e276325,['CASA E CONFORTO'],CASA E CONFORTO
4368,ae35a18ee04a03f58f17c9090a52ff06,"['LIVROS, MUSICA E PAPELARIA']","LIVROS, MUSICA E PAPELARIA"
4369,ae375d6b88c37582455ff3a2b83462d4,['FERRAMENTAS E CONSTRUCAO'],FERRAMENTAS E CONSTRUCAO
4370,ae381714e252e42f49f6de768f243969,['FERRAMENTAS E CONSTRUCAO'],FERRAMENTAS E CONSTRUCAO
4371,ae3818a9067c10088e84a13bceaa9b68,"['ELETRONICOS,INFORMATICA E AUDIO']","ELETRONICOS,INFORMATICA E AUDIO"
4372,ae4bc56b9c680b24575df3867986d5f3,['BEBES'],BEBES
4373,ae4db4c8bea553ad40e0d84be24d635b,['BRINQUEDOS E LAZER'],BRINQUEDOS E LAZER
4374,ae5d768eedbb1d0d2d3cf01e6b844739,['MODA E BELEZA'],MODA E BELEZA
4375,ae785dd71169275eba0d44a30412aa17,['MODA E BELEZA'],MODA E BELEZA
4376,ae78d443f07cc7da4cb961f34f1bc6a8,"['ELETRONICOS,INFORMATICA E AUDIO']","ELETRONICOS,INFORMATICA E AUDIO"
4377,ae7ebc8121246202b1ff260fb0b9d719,['MODA E BELEZA'],MODA E BELEZA
4378,ae85b9887d49eb8e4e35cea1435a52d8,['MODA E BELEZA'],MODA E BELEZA
4379,ae95bfeceb712ea0089afa1897119ac5,"['ELETRONICOS,INFORMATICA E AUDIO']","ELETRONICOS,INFORMATICA E AUDIO"
4380,ae96c285e2413fd08d98768e8dac20df,['FERRAMENTAS E CONSTRUCAO'],FERRAMENTAS E CONSTRUCAO
4381,ae99b18a689631b93726b2e19fca9ac5,['MODA E BELEZA'],MODA E BELEZA
4382,ae9c433acd3649acfb7c7bf169b307da,"['ELETRONICOS,INFORMATICA E AUDIO']","ELETRONICOS,INFORMATICA E AUDIO"
4383,ae9e4af9767b620b021b2952046266e9,['MODA E BELEZA'],MODA E BELEZA
4384,aea07e49bd6cb10236c4f58a429d3591,['CASA E CONFORTO'],CASA E CONFORTO
4385,aeae941043a08ea723601801bb43005b,['MODA E BELEZA'],MODA E BELEZA
4386,aeb81ccabe4f164a26e763cd5b07fd99,['MOVEIS E ELETRODOMESTICOS'],MOVEIS E ELETRODOMESTICOS
4387,aebfa371228ec3f9956a9552aabc8bba,['MODA E BELEZA'],MODA E BELEZA
4388,aec4f42c8ecc65ba995a4ebcd0e1de2d,['AUTOMOTIVO'],AUTOMOTIVO
4389,aed4ee357f34e0cc3ce296eb5829d7ae,['MODA E BELEZA'],MODA E BELEZA
4390,aee019a48962151b8f0a5f2667523a69,['MODA E BELEZA'],MODA E BELEZA
4391,aee18d60fc803049a82d81af5f2a75ab,['MODA E BELEZA'],MODA E BELEZA
4392,aeeb0a68040240daa8065187ca9d0770,['MODA E BELEZA'],MODA E BELEZA
4393,aeebf4abbcfb9bac43b6a31399a3e93c,['FERRAMENTAS E CONSTRUCAO'],FERRAMENTAS E CONSTRUCAO
4394,aeeff2fef61809de5e010a78c4f83128,['MODA E BELEZA'],MODA E BELEZA
4395,aefe90553e50779cfa353170674e9d0f,"['LIVROS, MUSICA E PAPELARIA']","LIVROS, MUSICA E PAPELARIA"
4396,af0875390f2817270f7f82048e3bc867,['MOVEIS E ELETRODOMESTICOS'],MOVEIS E ELETRODOMESTICOS
4397,af0bbb47f125381ce9f3597dc70ef07b,"['ELETRONICOS,INFORMATICA E AUDIO']","ELETRONICOS,INFORMATICA E AUDIO"
4398,af2099df7b489e3bd2759c1daf111594,['MODA E BELEZA'],MODA E BELEZA
4399,af392de2586db1645a4044ef1e84c47a,['CASA E CONFORTO'],CASA E CONFORTO
4400,af393d2317ee5dd4362190cd7b2f80a6,['CASA E CONFORTO'],CASA E CONFORTO
4401,af3c537a8ea64ed0f5877a4ecce0c794,['MODA E BELEZA'],MODA E BELEZA
4402,af3fae91bafed6357991c4a3be0125d4,['MODA E BELEZA'],MODA E BELEZA
4403,af4406338c93f1ae4eb1ce820f3506bc,['FERRAMENTAS E CONSTRUCAO'],FERRAMENTAS E CONSTRUCAO
4404,af6ed18f03a877659659ed9467c7cd9e,['MOVEIS E ELETRODOMESTICOS'],MOVEIS E ELETRODOMESTICOS
4405,af71e9e2ee3f91d619aacab51fe2e75b,['CASA E CONFORTO'],CASA E CONFORTO
4406,af7de7cc75eb2f7d0eff2e383eccf083,"['ELETRONICOS,INFORMATICA E AUDIO']","ELETRONICOS,INFORMATICA E AUDIO"
4407,af85e6e8c9f67f653b51429df7839001,"['ELETRONICOS,INFORMATICA E AUDIO']","ELETRONICOS,INFORMATICA E AUDIO"
4408,af88a4bca5075cdda8da09cc6c55635f,['MODA E BELEZA'],MODA E BELEZA
4409,af95d7a4f9643401325ec89b4f7f8afe,['MODA E BELEZA'],MODA E BELEZA
4410,af9ce0d4f36308fcf461b3f497c24bcb,['MODA E BELEZA'],MODA E BELEZA
4411,afa2c425be2efd14c19b4a0aa62f9b59,['MODA E BELEZA'],MODA E BELEZA
4412,afbe79b5d924f62c10998a3c046ba7a7,"['ELETRONICOS,INFORMATICA E AUDIO']","ELETRONICOS,INFORMATICA E AUDIO"
4413,afbfc4a5b3161e9e1f89056b0b3ed238,"['ELETRONICOS,INFORMATICA E AUDIO']","ELETRONICOS,INFORMATICA E AUDIO"
4414,afc1e4183307b101e5e2dbdd876a213f,['CASA E CONFORTO'],CASA E CONFORTO
4415,afc2b80ab67a5a0cf0d36422cd6409eb,['CASA E CONFORTO'],CASA E CONFORTO
4416,afc5c2d338fbbfa4e162a76236fe8ead,"['ELETRONICOS,INFORMATICA E AUDIO']","ELETRONICOS,INFORMATICA E AUDIO"
4417,afc652a59f20b96fbf7c8e5bb1a6c1f1,"['LIVROS, MUSICA E PAPELARIA']","LIVROS, MUSICA E PAPELARIA"
4418,afef174bb9c07aa8185c78d1dbecd29c,['AUTOMOTIVO'],AUTOMOTIVO
4419,afffe744c625af23449137b8f832e630,['PET SHOP'],PET SHOP
4420,b019bc1c1d0c2021d1c4d8d8e94ed969,['MOVEIS E ELETRODOMESTICOS'],MOVEIS E ELETRODOMESTICOS
4421,b024fdd2d489610af375a0ae22124264,['MODA E BELEZA'],MODA E BELEZA
4422,b02983703060845dbc7fe979ceaf2c3b,['CASA E CONFORTO'],CASA E CONFORTO
4423,b02f16483f20ca4c7d1d5b147eca4c79,['CASA E CONFORTO'],CASA E CONFORTO
4424,b04215f2cbc4e1fdd167427e657c7d16,"['ELETRONICOS,INFORMATICA E AUDIO']","ELETRONICOS,INFORMATICA E AUDIO"
4425,b04367fb19ad3f39d1222e76b9b2ed85,"['ELETRONICOS,INFORMATICA E AUDIO']","ELETRONICOS,INFORMATICA E AUDIO"
4426,b0459878e11dcfafd042b81083011548,"['ELETRONICOS,INFORMATICA E AUDIO']","ELETRONICOS,INFORMATICA E AUDIO"
4427,b050c4789515afbf9494031e52fcb0ac,['MODA E BELEZA'],MODA E BELEZA
4428,b062c88d0db22ff6a4e37c2df0f85333,['BEBES'],BEBES
4429,b07680c80c64e1f1ca41d4337b5e773a,['CASA E CONFORTO'],CASA E CONFORTO
4430,b07f5a2d7ebcfcb4f2ea4c8ff180e81f,['MODA E BELEZA'],MODA E BELEZA
4431,b08358fdbc23fa2201ce6b08be2dddb7,['MODA E BELEZA'],MODA E BELEZA
4432,b084d12a7e70bcabb8998f113f04e601,['MODA E BELEZA'],MODA E BELEZA
4433,b08f7ce910570d89714767d4610943b0,['CASA E CONFORTO'],CASA E CONFORTO
4434,b095c03b6a10243a06c58f3f8d2b668f,['MOVEIS E ELETRODOMESTICOS'],MOVEIS E ELETRODOMESTICOS
4435,b096dc568c99f644a9b4450068053521,['MOVEIS E ELETRODOMESTICOS'],MOVEIS E ELETRODOMESTICOS
4436,b0a2019225451e417b6cc92baef9fc8c,['BEBES'],BEBES
4437,b0a46fa6d7a8afcac44b6e1af2457409,"['ELETRONICOS,INFORMATICA E AUDIO']","ELETRONICOS,INFORMATICA E AUDIO"
4438,b0a793772ff8d61844c0b654b342321c,['AUTOMOTIVO'],AUTOMOTIVO
4439,b0b4242ea30f1052f0ab645adc53e415,['CASA E CONFORTO'],CASA E CONFORTO
4440,b0ba58e96fcf1892b604e398e472af5e,['AUTOMOTIVO'],AUTOMOTIVO
4441,b0c8315fab353a75ddea26c39507353d,['MOVEIS E ELETRODOMESTICOS'],MOVEIS E ELETRODOMESTICOS
4442,b0cfee6ce5503781be6004e0e31e4309,['MODA E BELEZA'],MODA E BELEZA
4443,b0e07744a89c97ec7dc4be61ddf6a5ac,['CASA E CONFORTO'],CASA E CONFORTO
4444,b0ea6041ac66a83e6a8508f3954edf91,['FERRAMENTAS E CONSTRUCAO'],FERRAMENTAS E CONSTRUCAO
4445,b0ed825ce4ca8cdc787a4f71bce6fba2,['FERRAMENTAS E CONSTRUCAO'],FERRAMENTAS E CONSTRUCAO
4446,b11e6ce66d797ee9120c9bfbd376ef01,['AUTOMOTIVO'],AUTOMOTIVO
4447,b121103b92afc327fb33d0e75b368a72,['MODA E BELEZA'],MODA E BELEZA
4448,b1358540a7f7697e3f78ba88935ea3b6,['MODA E BELEZA'],MODA E BELEZA
4449,b136c0fffe2bc0642080f1547c1f569b,['MODA E BELEZA'],MODA E BELEZA
4450,b1399bbf348818a01b01e16f166f660a,['BRINQUEDOS E LAZER'],BRINQUEDOS E LAZER
4451,b13b0fdb62f3213d2d55a93da49c72a4,"['LIVROS, MUSICA E PAPELARIA']","LIVROS, MUSICA E PAPELARIA"
4452,b14149872b01643d235710d4a84d55da,['CASA E CONFORTO'],CASA E CONFORTO
4453,b14fc8930e4f3f413b6cb90f3c20b741,['FERRAMENTAS E CONSTRUCAO'],FERRAMENTAS E CONSTRUCAO
4454,b157fc555fff3a1fbb596921333cff16,['CASA E CONFORTO'],CASA E CONFORTO
4455,b15a1712256b8250cd6f952c85e4c65a,['MOVEIS E ELETRODOMESTICOS'],MOVEIS E ELETRODOMESTICOS
4456,b164237e62593d65bd06208c4e722120,['MODA E BELEZA'],MODA E BELEZA
4457,b168d329f34145f3b1bd2d09ba74f0a5,['FERRAMENTAS E CONSTRUCAO'],FERRAMENTAS E CONSTRUCAO
4458,b1726f5f5eee97d8fea5de3919216920,['MODA E BELEZA'],MODA E BELEZA
4459,b176e1a76bb30bc22f454c774e2826c7,"['ELETRONICOS,INFORMATICA E AUDIO']","ELETRONICOS,INFORMATICA E AUDIO"
4460,b1791785e507945110408ae91ef3fa18,"['ELETRONICOS,INFORMATICA E AUDIO']","ELETRONICOS,INFORMATICA E AUDIO"
4461,b18574ff0d88a32cf00f56fdf8423a73,['MOVEIS E ELETRODOMESTICOS'],MOVEIS E ELETRODOMESTICOS
4462,b19b72e56e6641e94e3858dc4a311b14,['MODA E BELEZA'],MODA E BELEZA
4463,b19f25f057ac96ff8c7746e9590989b3,['MOVEIS E ELETRODOMESTICOS'],MOVEIS E ELETRODOMESTICOS
4464,b1bd0e86ea8b4060e4e7c5684202b656,['ARTES E DECORACAO'],ARTES E DECORACAO
4465,b1d94cc304c782edf6cef462ee68c90c,"['LIVROS, MUSICA E PAPELARIA']","LIVROS, MUSICA E PAPELARIA"
4466,b1df53a4660846754f7bf67df104f6de,['CASA E CONFORTO'],CASA E CONFORTO
4467,b1e28e5f9eb777c98432e77404ae6492,['MODA E BELEZA'],MODA E BELEZA
4468,b1e4c6a1e5aadfa638df88ba7b685cab,['MODA E BELEZA'],MODA E BELEZA
4469,b1e83743987d023e63838e2fe9149231,['MOVEIS E ELETRODOMESTICOS'],MOVEIS E ELETRODOMESTICOS
4470,b1f1b53eff2bcb85d584f05835dd8115,['MODA E BELEZA'],MODA E BELEZA
4471,b1f3a8cfd8b6995035f80044f6ffa85b,['BRINQUEDOS E LAZER'],BRINQUEDOS E LAZER
4472,b1f9095a10dfd9fcf032d74f71348e44,['CASA E CONFORTO'],CASA E CONFORTO
4473,b2059ed67ce144a36e2aa97d2c9e9ad2,['MOVEIS E ELETRODOMESTICOS'],MOVEIS E ELETRODOMESTICOS
4474,b211184b294bc46861ba034d76f2bf79,['CASA E CONFORTO'],CASA E CONFORTO
4475,b2206d0ce2ecabdb39fcd5ce941805ad,['MODA E BELEZA'],MODA E BELEZA
4476,b22fb8549ff34d8632d2f6ecbc626af5,['MODA E BELEZA'],MODA E BELEZA
4477,b239d7a386db8ffed15c72578e9d3cac,['CASA E CONFORTO'],CASA E CONFORTO
4478,b25c35510098745aca28d8d04a7eaa11,"['ELETRONICOS,INFORMATICA E AUDIO']","ELETRONICOS,INFORMATICA E AUDIO"
4479,b26536936ae16f2e91301cb742fce1bd,['AUTOMOTIVO'],AUTOMOTIVO
4480,b26e3810d22f6c580f65bba31809c43a,['BRINQUEDOS E LAZER'],BRINQUEDOS E LAZER
4481,b276f402443d899868708548298c858f,['MODA E BELEZA'],MODA E BELEZA
4482,b2904e4b8dc7f4317993cb7d645f1a85,['CASA E CONFORTO'],CASA E CONFORTO
4483,b292a6edad2285c61d34667a9fdc7f23,['CASA E CONFORTO'],CASA E CONFORTO
4484,b2966db1aadf7b21b86cbd1131855a68,"['ELETRONICOS,INFORMATICA E AUDIO']","ELETRONICOS,INFORMATICA E AUDIO"
4485,b2997e1d7061605e9285496c581d1fbd,['MOVEIS E ELETRODOMESTICOS'],MOVEIS E ELETRODOMESTICOS
4486,b2a3423735119b088bc62dd62cf053a8,"['LIVROS, MUSICA E PAPELARIA']","LIVROS, MUSICA E PAPELARIA"
4487,b2ac7b0754b724547abf07a172a45bf4,['CASA E CONFORTO'],CASA E CONFORTO
4488,b2c44751a00a7b126b9abf0c2fcd8ce0,['MOVEIS E ELETRODOMESTICOS'],MOVEIS E ELETRODOMESTICOS
4489,b2d3d1cd87d22775690fcff44e275cac,['CASA E CONFORTO'],CASA E CONFORTO
4490,b2dc8106ee4d388e5f4adb1db500ab77,['MODA E BELEZA'],MODA E BELEZA
4491,b2fea8ff370123b5e89bfb2a213123e3,['SERVIÇOS'],SERVIÇOS
4492,b300e160f5892169bafa006e670a43f5,['CASA E CONFORTO'],CASA E CONFORTO
4493,b304857eafb27666d96c8fca31758a13,['CASA E CONFORTO'],CASA E CONFORTO
4494,b3095fffac9c11772e0c2344320bdbe0,['CASA E CONFORTO'],CASA E CONFORTO
4495,b30abf162ff1730f50b6400bdc32550f,"['ELETRONICOS,INFORMATICA E AUDIO']","ELETRONICOS,INFORMATICA E AUDIO"
4496,b30eea47fa98c4b4712937752378c0e5,"['ELETRONICOS,INFORMATICA E AUDIO']","ELETRONICOS,INFORMATICA E AUDIO"
4497,b3112ca67f3afd4e20cf2ee91fc4f804,['MOVEIS E ELETRODOMESTICOS'],MOVEIS E ELETRODOMESTICOS
4498,b313e45e823639cb00b2bbeca8ea7aa6,['AUTOMOTIVO'],AUTOMOTIVO
4499,b316ba513e4b801aada1b9a255b327d6,['CASA E CONFORTO'],CASA E CONFORTO
4500,b31c7dea63bb08f8cdd1ec32514ccf0b,['MOVEIS E ELETRODOMESTICOS'],MOVEIS E ELETRODOMESTICOS
4501,b323a1bf3949211f3d9fbc43772534e6,['MODA E BELEZA'],MODA E BELEZA
4502,b32b873f99e4025c2e69eed86c1bcc97,['MODA E BELEZA'],MODA E BELEZA
4503,b34e632947c7a44b7afd9eaee92f7dbb,['CASA E CONFORTO'],CASA E CONFORTO
4504,b3514348dbf9b6aa45556bb03f2728a9,['BRINQUEDOS E LAZER'],BRINQUEDOS E LAZER
4505,b357dd0e3d6572e28d060309c0ab339f,['CASA E CONFORTO'],CASA E CONFORTO
4506,b35a771164a9defa3b4767f1b66918b1,['CASA E CONFORTO'],CASA E CONFORTO
4507,b35d2c40061791df49f5e3fe718b0b0b,['CASA E CONFORTO'],CASA E CONFORTO
4508,b372525f79a03a4f4c7f33e311e3a6eb,['AUTOMOTIVO'],AUTOMOTIVO
4509,b37ae92c72d3335c241ea5be05dbc077,['BEBES'],BEBES
4510,b37f75b6989911c687965cee14dc22ca,['MODA E BELEZA'],MODA E BELEZA
4511,b37fc42b9b16ca9e092edcf0c06bd1f5,['MOVEIS E ELETRODOMESTICOS'],MOVEIS E ELETRODOMESTICOS
4512,b38b4d329d985b7931f83f8bec9056d2,['CASA E CONFORTO'],CASA E CONFORTO
4513,b38eef08b40fc62c878cc175dd26cd8d,['MOVEIS E ELETRODOMESTICOS'],MOVEIS E ELETRODOMESTICOS
4514,b399c199121f7dd129d7a6f908b95fc9,['BRINQUEDOS E LAZER'],BRINQUEDOS E LAZER
4515,b3a5244e63837c138b11bad69f104bd2,['ARTES E DECORACAO'],ARTES E DECORACAO
4516,b3ba3fb3a14a0fd1a425706e71b7de10,['ARTES E DECORACAO'],ARTES E DECORACAO
4517,b3bb86c886cad8c17163d21b74ae93e6,['BRINQUEDOS E LAZER'],BRINQUEDOS E LAZER
4518,b3bcacdd3b409fff8c57b4cc4f40f4e5,"['ELETRONICOS,INFORMATICA E AUDIO']","ELETRONICOS,INFORMATICA E AUDIO"
4519,b3bcc046b1a81b0a1068f3b5e6de5be0,['FERRAMENTAS E CONSTRUCAO'],FERRAMENTAS E CONSTRUCAO
4520,b3e7c48746eba08d51acd48ea21e6c07,['MOVEIS E ELETRODOMESTICOS'],MOVEIS E ELETRODOMESTICOS
4521,b3e86749e6dd7b4df4f345abbd329912,['AUTOMOTIVO'],AUTOMOTIVO
4522,b3f352a3b3887a501a98642fa5840e66,['BEBES'],BEBES
4523,b3f7f632c85da6b71020c45771e67c5e,['MODA E BELEZA'],MODA E BELEZA
4524,b3fc7c7b9879880f51caa2db7de52834,"['ELETRONICOS,INFORMATICA E AUDIO']","ELETRONICOS,INFORMATICA E AUDIO"
4525,b3feb3846bb0a8d68cd328138324bea4,['MODA E BELEZA'],MODA E BELEZA
4526,b40011de1f5f6fd26301ad1801f850c8,"['LIVROS, MUSICA E PAPELARIA']","LIVROS, MUSICA E PAPELARIA"
4527,b405fed41fa637afcbe35298147290af,['MODA E BELEZA'],MODA E BELEZA
4528,b40657a8b73e674b61107a06e46b6f8d,['CASA E CONFORTO'],CASA E CONFORTO
4529,b40c4af3ffbbc82b406eb247212668f9,['CASA E CONFORTO'],CASA E CONFORTO
4530,b40cc054a1791acddb6215a0472b5a81,['MODA E BELEZA'],MODA E BELEZA
4531,b40d597f0eb58c117cb5d9e424f10426,"['LIVROS, MUSICA E PAPELARIA']","LIVROS, MUSICA E PAPELARIA"
4532,b417d51297514f6e670d1ffb3513ef53,['CASA E CONFORTO'],CASA E CONFORTO
4533,b418f47f5f940ca554e3010f3c009c8f,['CASA E CONFORTO'],CASA E CONFORTO
4534,b43df491e0d3baf726d66ac133ddc15e,['FERRAMENTAS E CONSTRUCAO'],FERRAMENTAS E CONSTRUCAO
4535,b4411c4be4f9514e53fe707972f98685,['AUTOMOTIVO'],AUTOMOTIVO
4536,b4545b4fc2de8025a8a42fb23125cc54,['ARTES E DECORACAO'],ARTES E DECORACAO
4537,b4583d271827d4824cdf5ae34b21322f,['FERRAMENTAS E CONSTRUCAO'],FERRAMENTAS E CONSTRUCAO
4538,b45f8849e29c3cdd34c3f4ca5944be36,['MODA E BELEZA'],MODA E BELEZA
4539,b4892e6954a2c805cd6512033cc048ef,['AUTOMOTIVO'],AUTOMOTIVO
4540,b48b2c58981c8d7d31ec325569338e78,['AUTOMOTIVO'],AUTOMOTIVO
4541,b48e71659903550bcf90e87f245cefbb,['AUTOMOTIVO'],AUTOMOTIVO
4542,b4a53c6fa9bc78adf59983a160f5470f,['MODA E BELEZA'],MODA E BELEZA
4543,b4ace41bce272979d55939a8ecd05dc2,['CASA E CONFORTO'],CASA E CONFORTO
4544,b4c8c7add8acbdb1bebcae219ab6c141,['MOVEIS E ELETRODOMESTICOS'],MOVEIS E ELETRODOMESTICOS
4545,b4c9708f4e37c6ac87564ef1f0efa7f3,['FERRAMENTAS E CONSTRUCAO'],FERRAMENTAS E CONSTRUCAO
4546,b4cafb8fabcef776ee4b1108769b47ae,['MODA E BELEZA'],MODA E BELEZA
4547,b4cc5642e907efdd3c80a2343604b6d5,['FERRAMENTAS E CONSTRUCAO'],FERRAMENTAS E CONSTRUCAO
4548,b4d46147f1aaa1a984aa0ab1cd7b2e4c,['CASA E CONFORTO'],CASA E CONFORTO
4549,b4d859fb4b08bfe5535ae5c37e658715,['MODA E BELEZA'],MODA E BELEZA
4550,b4dda7b3d122dce657b84478b58668e9,"['ELETRONICOS,INFORMATICA E AUDIO']","ELETRONICOS,INFORMATICA E AUDIO"
4551,b4e6acaa8099879abe597c7f79f0c2b3,['CASA E CONFORTO'],CASA E CONFORTO
4552,b4ede4780b5949c4abac521f465b05d8,['CASA E CONFORTO'],CASA E CONFORTO
4553,b4f9debbfa5a394d7f4ab610fd8eae11,['MODA E BELEZA'],MODA E BELEZA
4554,b516aaa690f572fbb0bcd7159d394115,['CASA E CONFORTO'],CASA E CONFORTO
4555,b5195225c11fc325d686d24fe14eedbb,"['LIVROS, MUSICA E PAPELARIA']","LIVROS, MUSICA E PAPELARIA"
4556,b52297c2962cf13981238d8a35c0f62c,['MOVEIS E ELETRODOMESTICOS'],MOVEIS E ELETRODOMESTICOS
4557,b52314e04baaecb498e1446be2dcabee,['MODA E BELEZA'],MODA E BELEZA
4558,b52ce41a14821d9fa67f8a77cebb3efc,['BRINQUEDOS E LAZER'],BRINQUEDOS E LAZER
4559,b534f5b64db31c82a5aadfbaa0855e5b,"['ELETRONICOS,INFORMATICA E AUDIO']","ELETRONICOS,INFORMATICA E AUDIO"
4560,b53db5bfc01973bfc623da8c9a5b1094,['AUTOMOTIVO'],AUTOMOTIVO
4561,b547355b98adcc9a318e3c1c386fc737,['MODA E BELEZA'],MODA E BELEZA
4562,b5572b1a9c58d00d3ad345667cd3a0de,"['ELETRONICOS,INFORMATICA E AUDIO']","ELETRONICOS,INFORMATICA E AUDIO"
4563,b5585a71d72133e35079e240c76065d8,['CASA E CONFORTO'],CASA E CONFORTO
4564,b55d2a96491140f09e6d673289453c24,"['ELETRONICOS,INFORMATICA E AUDIO']","ELETRONICOS,INFORMATICA E AUDIO"
4565,b55e6c8ae6ed71f6db940868b4f1d44c,"['LIVROS, MUSICA E PAPELARIA']","LIVROS, MUSICA E PAPELARIA"
4566,b560c6ec87e95f7414ff53cb57b58a12,['MODA E BELEZA'],MODA E BELEZA
4567,b5645b72f0e1b78b622c8a6a4cc06371,['CASA E CONFORTO'],CASA E CONFORTO
4568,b56522f2eb41c4d499be5f343973d5cf,['BEBES'],BEBES
4569,b57278e94a17f53f5a91bb0aab49c397,['MOVEIS E ELETRODOMESTICOS'],MOVEIS E ELETRODOMESTICOS
4570,b574f97b093ad4bc022f420344327e12,['CASA E CONFORTO'],CASA E CONFORTO
4571,b5946695c1837e21323da65699b4e187,['MODA E BELEZA'],MODA E BELEZA
4572,b5b7c54093bad4e0d745214e691224d7,['ALIMENTOS'],ALIMENTOS
4573,b5c0376b6e5f1f85b97037f72d2424f3,['MOVEIS E ELETRODOMESTICOS'],MOVEIS E ELETRODOMESTICOS
4574,b5ce2ab79c7923ac899f38c6f48ade42,['BRINQUEDOS E LAZER'],BRINQUEDOS E LAZER
4575,b5d08e6b71d4af8f816daf169014c908,['BRINQUEDOS E LAZER'],BRINQUEDOS E LAZER
4576,b5e736024d63e27310ce4f9bc03fbc7c,['MODA E BELEZA'],MODA E BELEZA
4577,b5ec211e31904eeec6f1dfc6f18c2520,['BEBES'],BEBES
4578,b5f5561bde462ba1bb5b15e5be5b6bd5,"['ELETRONICOS,INFORMATICA E AUDIO']","ELETRONICOS,INFORMATICA E AUDIO"
4579,b60b53ad0bb7dacacf2989fe27ad567a,"['LIVROS, MUSICA E PAPELARIA']","LIVROS, MUSICA E PAPELARIA"
4580,b60e4bb897c3faf7417e11850072fab0,"['ELETRONICOS,INFORMATICA E AUDIO']","ELETRONICOS,INFORMATICA E AUDIO"
4581,b6220fb5a863a30b561a0084f111e0da,['AUTOMOTIVO'],AUTOMOTIVO
4582,b64f09a4cf903c5767f9f537158c24ee,['BRINQUEDOS E LAZER'],BRINQUEDOS E LAZER
4583,b674e463ea07d8a8fac9951be50283f1,['MODA E BELEZA'],MODA E BELEZA
4584,b67a584082fe23b966934beacd6413b4,['FERRAMENTAS E CONSTRUCAO'],FERRAMENTAS E CONSTRUCAO
4585,b67ec1ba150cc097d3ab518272e6cf3f,['MODA E BELEZA'],MODA E BELEZA
4586,b682fc4ea655d9de9cd962462e16e738,['MOVEIS E ELETRODOMESTICOS'],MOVEIS E ELETRODOMESTICOS
4587,b687f81e0e59c1153eaa197ad1c1d043,['CASA E CONFORTO'],CASA E CONFORTO
4588,b6adeda1430443497b0126dd0877e7c1,['CASA E CONFORTO'],CASA E CONFORTO
4589,b6b4d4aab61035f87291877a9b0a6e25,['CASA E CONFORTO'],CASA E CONFORTO
4590,b6bf0977a04c2f3b84bf63aa0d308b5e,"['ELETRONICOS,INFORMATICA E AUDIO']","ELETRONICOS,INFORMATICA E AUDIO"
4591,b6d5def32b42c4da4683c57a8e43fbbb,['MOVEIS E ELETRODOMESTICOS'],MOVEIS E ELETRODOMESTICOS
4592,b6de63fa8c62aeba6eb781539030a825,['MOVEIS E ELETRODOMESTICOS'],MOVEIS E ELETRODOMESTICOS
4593,b70007824303eaad6d7736673b76b17d,['MODA E BELEZA'],MODA E BELEZA
4594,b703b9bca2536eca02a03e9f8f00fc47,['MOVEIS E ELETRODOMESTICOS'],MOVEIS E ELETRODOMESTICOS
4595,b7052b027c0d0f9034f466378c59248d,['MODA E BELEZA'],MODA E BELEZA
4596,b71eb454059e662d34619ccf0237a652,['FERRAMENTAS E CONSTRUCAO'],FERRAMENTAS E CONSTRUCAO
4597,b72f6afc986ced9a7b3ec827c073cb7f,['BRINQUEDOS E LAZER'],BRINQUEDOS E LAZER
4598,b73bbac6285251dbf2dd01842e0ce0de,['MOVEIS E ELETRODOMESTICOS'],MOVEIS E ELETRODOMESTICOS
4599,b73c273d02a8045c60df03ae7c03dc4b,['ARTES E DECORACAO'],ARTES E DECORACAO
4600,b73f0bb5877d41494ae4529efaf5474f,['MOVEIS E ELETRODOMESTICOS'],MOVEIS E ELETRODOMESTICOS
4601,b7441c24c727cdf423f8339a62447193,['FERRAMENTAS E CONSTRUCAO'],FERRAMENTAS E CONSTRUCAO
4602,b747117c2b61e77e4ca28fc2ab62860b,['ARTES E DECORACAO'],ARTES E DECORACAO
4603,b74d9d05094d192b78eec20610faec65,['BRINQUEDOS E LAZER'],BRINQUEDOS E LAZER
4604,b74e2b985df55c2df5b2be2d9c1f68b4,['MODA E BELEZA'],MODA E BELEZA
4605,b74fdd0e8b23aa49b5d32de02043bf69,['PET SHOP'],PET SHOP
4606,b7579d24f5b2dd3e20f2e57d0e07d170,['CASA E CONFORTO'],CASA E CONFORTO
4607,b7624f6b70f7b79ea2b092b6f1be678c,"['LIVROS, MUSICA E PAPELARIA']","LIVROS, MUSICA E PAPELARIA"
4608,b778fd298c71b362595bb3c3cd79c00c,['MODA E BELEZA'],MODA E BELEZA
4609,b779a9b1774b12944ab77d39b831f151,['CASA E CONFORTO'],CASA E CONFORTO
4610,b77b82b683e9956ecdf55514de3d1f1d,['MOVEIS E ELETRODOMESTICOS'],MOVEIS E ELETRODOMESTICOS
4611,b77c7b2203310a5160f61121eaf97415,['BEBES'],BEBES
4612,b77f53899c1c8e0a22ad60800bc4f214,['BRINQUEDOS E LAZER'],BRINQUEDOS E LAZER
4613,b77fbccc98c4158a1c4e36c61597f015,['BRINQUEDOS E LAZER'],BRINQUEDOS E LAZER
4614,b7a13b515d99de69fe4db49507b7c1ec,['CASA E CONFORTO'],CASA E CONFORTO
4615,b7a77aac1be341d2f9009b231cd3b4e8,['BEBES'],BEBES
4616,b7a81940965effd79fef25a444debdbd,['CASA E CONFORTO'],CASA E CONFORTO
4617,b7aa6fd1a55a501926e5f7253617ac90,['CASA E CONFORTO'],CASA E CONFORTO
4618,b7aa73a3119c47442c4ff1ee6bab2761,['MODA E BELEZA'],MODA E BELEZA
4619,b7bb679ead188147ea4d028b583720f9,['CASA E CONFORTO'],CASA E CONFORTO
4620,b7be7919ce916f1fd5af4a97fe17170a,['MOVEIS E ELETRODOMESTICOS'],MOVEIS E ELETRODOMESTICOS
4621,b7d04f39e98c5fc85abf2652d719385c,['MODA E BELEZA'],MODA E BELEZA
4622,b7dec0ed6498c647ddaca1006fe6240b,['MOVEIS E ELETRODOMESTICOS'],MOVEIS E ELETRODOMESTICOS
4623,b7e3e09ab3797cee3fe2864dc024f786,['MODA E BELEZA'],MODA E BELEZA
4624,b7ed5b357d48b6c8f588c5cf0d7ddf5d,['CASA E CONFORTO'],CASA E CONFORTO
4625,b7f8b0ec8242c32730504ca558390211,['MODA E BELEZA'],MODA E BELEZA
4626,b80e879030f825a648abffe9d993ff6a,['CASA E CONFORTO'],CASA E CONFORTO
4627,b80f903f7c03f3e14f467161e1535627,['ARTES E DECORACAO'],ARTES E DECORACAO
4628,b81a6b90b7a473ecb855ee9f4a881032,"['LIVROS, MUSICA E PAPELARIA']","LIVROS, MUSICA E PAPELARIA"
4629,b826c69bf943ea295e515a1078f76086,['CASA E CONFORTO'],CASA E CONFORTO
4630,b84153f6ef50c6f07d2919e984c1f761,['BRINQUEDOS E LAZER'],BRINQUEDOS E LAZER
4631,b8474aa90eb678e72fac6742e04efc6c,['BRINQUEDOS E LAZER'],BRINQUEDOS E LAZER
4632,b84b9f8e6380570cdabdb0af246d6b9c,['MODA E BELEZA'],MODA E BELEZA
4633,b8529452a8ad8e7009333b957f87412c,['FERRAMENTAS E CONSTRUCAO'],FERRAMENTAS E CONSTRUCAO
4634,b86790b00808be3c919f86fb5313ca08,['CASA E CONFORTO'],CASA E CONFORTO
4635,b86c4834a1f80bb5f808842b4624a2cc,['BRINQUEDOS E LAZER'],BRINQUEDOS E LAZER
4636,b86ec88f5bffbf1f61fb5daed332e355,"['ELETRONICOS,INFORMATICA E AUDIO']","ELETRONICOS,INFORMATICA E AUDIO"
4637,b876459be8cda353e0830b7ce970e067,['CASA E CONFORTO'],CASA E CONFORTO
4638,b8783952ffb07e62bcd0b709e8977f60,['CASA E CONFORTO'],CASA E CONFORTO
4639,b87c9466fb7a6b04a632222b07c1922d,['MODA E BELEZA'],MODA E BELEZA
4640,b87ca4e0ff52f4243bebeb16504f48e5,['MODA E BELEZA'],MODA E BELEZA
4641,b880d9ccc22f98deadf2e35998922699,['MODA E BELEZA'],MODA E BELEZA
4642,b883943a11a0c834424c7bf9bfea8b88,['ARTES E DECORACAO'],ARTES E DECORACAO
4643,b88d53a015d4f2c2ca019f846a7f523c,['MOVEIS E ELETRODOMESTICOS'],MOVEIS E ELETRODOMESTICOS
4644,b899e470532d1245c5f85d3cfd42d404,['ARTES E DECORACAO'],ARTES E DECORACAO
4645,b89c3bccb55bf39d693030905c3a2326,['MOVEIS E ELETRODOMESTICOS'],MOVEIS E ELETRODOMESTICOS
4646,b8b3f1a93f6899699c4cfab3f0cb85e0,['BRINQUEDOS E LAZER'],BRINQUEDOS E LAZER
4647,b8b6924f004e191923963e8ab1655ed9,['MODA E BELEZA'],MODA E BELEZA
4648,b8cca6dbde564f578882fcbda8e6df2e,['CASA E CONFORTO'],CASA E CONFORTO
4649,b8d83281a0c89e3157c9cd7c37ff7273,['MODA E BELEZA'],MODA E BELEZA
4650,b8db7d2782799267ee683bb2afa7f26f,['BRINQUEDOS E LAZER'],BRINQUEDOS E LAZER
4651,b8ed89bd3f1fe72244f0f616acdc7da1,['CASA E CONFORTO'],CASA E CONFORTO
4652,b8ee80bb6d575240f0b5f9f87987be6d,['ARTES E DECORACAO'],ARTES E DECORACAO
4653,b8fdf0a70040d5461adca8f95ba4171a,['CASA E CONFORTO'],CASA E CONFORTO
4654,b8fe1ee18bb4fc8242cafbc4d3edb987,['ARTES E DECORACAO'],ARTES E DECORACAO
4655,b9174384bd0bd9634f2de4476da9d1e8,['BRINQUEDOS E LAZER'],BRINQUEDOS E LAZER
4656,b9230771a7ecccb578891ecdf1879527,['AUTOMOTIVO'],AUTOMOTIVO
4657,b9351dba71092089d0c4fdff1bb8c38b,['MODA E BELEZA'],MODA E BELEZA
4658,b94ec498d12b1b61eabc996408439437,['AUTOMOTIVO'],AUTOMOTIVO
4659,b951bb66b451384026a3308f84f1eab9,['AUTOMOTIVO'],AUTOMOTIVO
4660,b9555bd71c90a01a953792e5f2af95c5,['CASA E CONFORTO'],CASA E CONFORTO
4661,b96f5299909903eedc435d396f90f726,['MODA E BELEZA'],MODA E BELEZA
4662,b97261e09029ca3b6fd85fe869259449,"['ELETRONICOS,INFORMATICA E AUDIO']","ELETRONICOS,INFORMATICA E AUDIO"
4663,b97ba48cd74f9ae244f54338636046b3,['BRINQUEDOS E LAZER'],BRINQUEDOS E LAZER
4664,b985389048e8bbb41d4993f4bd86f47f,['CASA E CONFORTO'],CASA E CONFORTO
4665,b98be699b2475e243e9a1bcc87a915b4,['BEBES'],BEBES
4666,b98c5a8bd8fcbb53d6d1189d07279780,['FERRAMENTAS E CONSTRUCAO'],FERRAMENTAS E CONSTRUCAO
4667,b9978fd04acfedd507165e3f7ec97b05,['CASA E CONFORTO'],CASA E CONFORTO
4668,b9ab6047d37ddd3df234b9e3da860b39,['MODA E BELEZA'],MODA E BELEZA
4669,b9d5bea267e1dd6838786cc12ba40ceb,['MOVEIS E ELETRODOMESTICOS'],MOVEIS E ELETRODOMESTICOS
4670,b9d93d361a6dc1b13c796267569b46cf,['MODA E BELEZA'],MODA E BELEZA
4671,b9e06b464a393125fae96912f6b4016a,['MOVEIS E ELETRODOMESTICOS'],MOVEIS E ELETRODOMESTICOS
4672,b9e186a6d042725eb24122a767ea7063,['BRINQUEDOS E LAZER'],BRINQUEDOS E LAZER
4673,b9e191cae053d808e4c2573a0a241dab,['MODA E BELEZA'],MODA E BELEZA
4674,b9f3d81dec070aef9c5771e70dc92db3,"['ELETRONICOS,INFORMATICA E AUDIO']","ELETRONICOS,INFORMATICA E AUDIO"
4675,b9f64aec40db08ee03b99891f3bab687,['CASA E CONFORTO'],CASA E CONFORTO
4676,ba0db9f92aa949903a0bc955770e27fc,['AUTOMOTIVO'],AUTOMOTIVO
4677,ba117be14faa7ae140a5f8139304e2b6,['MODA E BELEZA'],MODA E BELEZA
4678,ba19b234cabc645ff31e7c3a0076de18,['MODA E BELEZA'],MODA E BELEZA
4679,ba1c50f3276668478a6d911c6a085a3d,"['ELETRONICOS,INFORMATICA E AUDIO']","ELETRONICOS,INFORMATICA E AUDIO"
4680,ba1d49ebc63a5776178f2b7ae10f0fae,['MODA E BELEZA'],MODA E BELEZA
4681,ba20c230064f86c3a1c764fe3cf7ce8a,"['LIVROS, MUSICA E PAPELARIA']","LIVROS, MUSICA E PAPELARIA"
4682,ba45b8302387142f547f4acd1c75b61d,['MODA E BELEZA'],MODA E BELEZA
4683,ba45e84c712135fbb4ebfc999ff5fa42,"['ELETRONICOS,INFORMATICA E AUDIO']","ELETRONICOS,INFORMATICA E AUDIO"
4684,ba4b69317916ce7f91187e885404b6a5,['CASA E CONFORTO'],CASA E CONFORTO
4685,ba67c6b69ba40e05d03595b0b0730437,['BRINQUEDOS E LAZER'],BRINQUEDOS E LAZER
4686,ba794dc7ba00e8dcbe6e0f729be0b845,['MODA E BELEZA'],MODA E BELEZA
4687,ba81383846b0b6c97b5160f986fa3707,['CASA E CONFORTO'],CASA E CONFORTO
4688,ba8d9391d92251ce54160a4480e95236,"['ELETRONICOS,INFORMATICA E AUDIO']","ELETRONICOS,INFORMATICA E AUDIO"
4689,ba9010430233c7f3cfea464354fed620,['MODA E BELEZA'],MODA E BELEZA
4690,bab59d9bb6cdeea66847c7025fe6ca57,['BRINQUEDOS E LAZER'],BRINQUEDOS E LAZER
4691,bac5252be9b1269976695ebd118ef43d,['BEBES'],BEBES
4692,bacacd90ea03f7aceb09acaab257d094,['FERRAMENTAS E CONSTRUCAO'],FERRAMENTAS E CONSTRUCAO
4693,bace36fac7a5dc678fe74da327ffb295,['FERRAMENTAS E CONSTRUCAO'],FERRAMENTAS E CONSTRUCAO
4694,badf5ea923341f29be3b4a8c59789a2c,['BRINQUEDOS E LAZER'],BRINQUEDOS E LAZER
4695,bae57c09bbe07561fcbfefd604dafba8,['MOVEIS E ELETRODOMESTICOS'],MOVEIS E ELETRODOMESTICOS
4696,baff031eabb2b15f770c6ae2f62d76dc,"['ELETRONICOS,INFORMATICA E AUDIO']","ELETRONICOS,INFORMATICA E AUDIO"
4697,bb0254422b24df86bddb238203a16aa4,['MODA E BELEZA'],MODA E BELEZA
4698,bb04237dd8964e0983c1d0bc623dcfeb,['MOVEIS E ELETRODOMESTICOS'],MOVEIS E ELETRODOMESTICOS
4699,bb134fd7bd4f5da7b854abaaf6a83a1f,['ARTES E DECORACAO'],ARTES E DECORACAO
4700,bb1bb5824c663f60229758ef7bfc26f4,['FERRAMENTAS E CONSTRUCAO'],FERRAMENTAS E CONSTRUCAO
4701,bb25167dc960e0fdb1e0bb2934073a9c,['CASA E CONFORTO'],CASA E CONFORTO
4702,bb2caac45ef66a094d2d41aee4daea5d,['BRINQUEDOS E LAZER'],BRINQUEDOS E LAZER
4703,bb36ee4537bf2692447d8cbf50cf6c11,['CASA E CONFORTO'],CASA E CONFORTO
4704,bb3728fa34a2d05bb2bd04df7dad8418,['MOVEIS E ELETRODOMESTICOS'],MOVEIS E ELETRODOMESTICOS
4705,bb4eb3e71b30365a580e5a718bd8d1ae,['MODA E BELEZA'],MODA E BELEZA
4706,bb535f122a301b2b48f02befcedfcad5,['MODA E BELEZA'],MODA E BELEZA
4707,bb5b0d8f3e9c964760c674f2aa2ae0cf,"['ELETRONICOS,INFORMATICA E AUDIO']","ELETRONICOS,INFORMATICA E AUDIO"
4708,bb5fea89cce134344b32e4a09267f7aa,['BRINQUEDOS E LAZER'],BRINQUEDOS E LAZER
4709,bb7d0e5b853f82d1aac9d4f51ec59500,['MODA E BELEZA'],MODA E BELEZA
4710,bb9312c3f3c390fba4d05856798016ac,['MODA E BELEZA'],MODA E BELEZA
4711,bb9a1bc465b8456a8d36e06370273b58,['MODA E BELEZA'],MODA E BELEZA
4712,bbab597cf5357b95cfff24d3ce830088,['BEBES'],BEBES
4713,bbb2d49836a81a36102519667b44416b,"['LIVROS, MUSICA E PAPELARIA']","LIVROS, MUSICA E PAPELARIA"
4714,bbbc7b0788315eba0f24a27be06e0538,"['ELETRONICOS,INFORMATICA E AUDIO']","ELETRONICOS,INFORMATICA E AUDIO"
4715,bbc914b2842d3c32f438b913b31f0ff8,"['ELETRONICOS,INFORMATICA E AUDIO']","ELETRONICOS,INFORMATICA E AUDIO"
4716,bbccc293dde3a6b72a942c4117678017,"['ELETRONICOS,INFORMATICA E AUDIO']","ELETRONICOS,INFORMATICA E AUDIO"
4717,bbcf632e5c697b7e9666005c55d10a80,['BRINQUEDOS E LAZER'],BRINQUEDOS E LAZER
4718,bbd1b9ebbc5a09d51caaa2d10e0f93b5,['CASA E CONFORTO'],CASA E CONFORTO
4719,bbf6061c4bcfffe5fa5c22006d9a231c,"['ELETRONICOS,INFORMATICA E AUDIO']","ELETRONICOS,INFORMATICA E AUDIO"
4720,bbf8379df25b807eb1dabc84d060f8a2,"['ELETRONICOS,INFORMATICA E AUDIO']","ELETRONICOS,INFORMATICA E AUDIO"
4721,bbfaea06953d72e48fcf89341d352638,['MODA E BELEZA'],MODA E BELEZA
4722,bc0e690ee61ed479d110f301bd4e6b5a,['BRINQUEDOS E LAZER'],BRINQUEDOS E LAZER
4723,bc26562fb9717b24a6b7b1b4b7ee642f,['CASA E CONFORTO'],CASA E CONFORTO
4724,bc36a6d118d0b05ade471f42c007f030,['CASA E CONFORTO'],CASA E CONFORTO
4725,bc488184689ceaa10ede9045693eb6bc,['FERRAMENTAS E CONSTRUCAO'],FERRAMENTAS E CONSTRUCAO
4726,bc4b1551a6fb2346fc87b5879402dbf2,['CASA E CONFORTO'],CASA E CONFORTO
4727,bc4f1f54c637e35122e5e9e5fa2fe7ca,['MOVEIS E ELETRODOMESTICOS'],MOVEIS E ELETRODOMESTICOS
4728,bc535ec5ab20f26f4b9dc626fc4f7bf8,['AUTOMOTIVO'],AUTOMOTIVO
4729,bc5fcaf4a4f6d91e1b1037bb261e1ee5,"['ELETRONICOS,INFORMATICA E AUDIO']","ELETRONICOS,INFORMATICA E AUDIO"
4730,bc64675bbc70f0443fd890596b9e52eb,['MOVEIS E ELETRODOMESTICOS'],MOVEIS E ELETRODOMESTICOS
4731,bc65194ec321d777f6cf371175f8671d,['MOVEIS E ELETRODOMESTICOS'],MOVEIS E ELETRODOMESTICOS
4732,bc6f0d20151b72e478b552a053707ec6,['AUTOMOTIVO'],AUTOMOTIVO
4733,bc7401d98fe2814849de2404e3ebd9ad,['MODA E BELEZA'],MODA E BELEZA
4734,bc803635394fe3d07b22474558c8509d,['MODA E BELEZA'],MODA E BELEZA
4735,bc839831ba2010861cf9e75ed8f1306f,"['LIVROS, MUSICA E PAPELARIA']","LIVROS, MUSICA E PAPELARIA"
4736,bc9c2fb123725ad0d99fb76888543245,['BEBES'],BEBES
4737,bca5631d3061da1301ceaf05bbf83e69,"['ELETRONICOS,INFORMATICA E AUDIO']","ELETRONICOS,INFORMATICA E AUDIO"
4738,bcaa9390e85fe694eefdf1e33f77b3b5,['MODA E BELEZA'],MODA E BELEZA
4739,bcbca462c055855afe0cb0df7b6a09f9,"['ELETRONICOS,INFORMATICA E AUDIO']","ELETRONICOS,INFORMATICA E AUDIO"
4740,bcbcdbe98e2e23143fd0f17070768b94,['ARTES E DECORACAO'],ARTES E DECORACAO
4741,bcbd3afc999b3fa9dbd61efb370239dd,['BRINQUEDOS E LAZER'],BRINQUEDOS E LAZER
4742,bcd1f5bd3d7c694c6e68bd6b5e7f24a4,['AUTOMOTIVO'],AUTOMOTIVO
4743,bce830798b60635f1cdb43fed38ab2f2,['CASA E CONFORTO'],CASA E CONFORTO
4744,bced00a55bb6ecdb3c4a181b43ddf3e7,['ARTES E DECORACAO'],ARTES E DECORACAO
4745,bcf5665129063675d2d1006d95d3c813,"['ELETRONICOS,INFORMATICA E AUDIO']","ELETRONICOS,INFORMATICA E AUDIO"
4746,bcf9b1ea597cf15ce7c93eebfd3a915a,['CASA E CONFORTO'],CASA E CONFORTO
4747,bd25d6ca53135c74689cd7adae87506c,['MOVEIS E ELETRODOMESTICOS'],MOVEIS E ELETRODOMESTICOS
4748,bd2b27e7b86e92bf9533282715b8de2a,['MOVEIS E ELETRODOMESTICOS'],MOVEIS E ELETRODOMESTICOS
4749,bd3a4f4d1e523b01043f634836a0b4c5,['BRINQUEDOS E LAZER'],BRINQUEDOS E LAZER
4750,bd3f8b3f4ff1469c0709218f7fde9fe8,['BRINQUEDOS E LAZER'],BRINQUEDOS E LAZER
4751,bd414233109bf4490d08e418ca8b3226,"['LIVROS, MUSICA E PAPELARIA']","LIVROS, MUSICA E PAPELARIA"
4752,bd429f272e71ed50b0adf8defc8d24e1,['AUTOMOTIVO'],AUTOMOTIVO
4753,bd44e878bbfdde29ea540a99068c888c,['AUTOMOTIVO'],AUTOMOTIVO
4754,bd4ff7998fcfa299d9275e288adf4efa,['BEBES'],BEBES
4755,bd546c347a5a00ff3faed07494bd681e,['CASA E CONFORTO'],CASA E CONFORTO
4756,bd54f9327a96271651655fe63b50ec1c,['CASA E CONFORTO'],CASA E CONFORTO
4757,bd5a5d136ec2b172779857caced38ddc,['FERRAMENTAS E CONSTRUCAO'],FERRAMENTAS E CONSTRUCAO
4758,bd5e2ecf9b560ddab3d1f8c7b48ddfe2,['FERRAMENTAS E CONSTRUCAO'],FERRAMENTAS E CONSTRUCAO
4759,bd653591a61bb3875b4f0f890696a61f,['MODA E BELEZA'],MODA E BELEZA
4760,bd6a649dcd082eea6d1fd07aeee18a87,['CASA E CONFORTO'],CASA E CONFORTO
4761,bd6dce6c4936210f8fd197e2ba523fae,['CASA E CONFORTO'],CASA E CONFORTO
4762,bd74c36a843f8560d4b4b2a902dfb22e,['MODA E BELEZA'],MODA E BELEZA
4763,bd80efb9eb7bbd9c465bd5205d6a43b8,['FERRAMENTAS E CONSTRUCAO'],FERRAMENTAS E CONSTRUCAO
4764,bd982aee32cd290fc0ecf05ec77c326b,"['ELETRONICOS,INFORMATICA E AUDIO']","ELETRONICOS,INFORMATICA E AUDIO"
4765,bda01364adbef32fe7cb91a4cc4263e9,['MODA E BELEZA'],MODA E BELEZA
4766,bdabf4d21213c2844d0b672d8fd72054,"['LIVROS, MUSICA E PAPELARIA']","LIVROS, MUSICA E PAPELARIA"
4767,bdb1554633e5b5bf1a3b47940263c00b,"['ELETRONICOS,INFORMATICA E AUDIO']","ELETRONICOS,INFORMATICA E AUDIO"
4768,bdbc09409e30b5ab9defc74def1e58d3,['MODA E BELEZA'],MODA E BELEZA
4769,bdc11cf6acd11917b9ea3d91b95e1395,['MODA E BELEZA'],MODA E BELEZA
4770,bdc6d13db4338777a27724c65a0248c6,"['ELETRONICOS,INFORMATICA E AUDIO']","ELETRONICOS,INFORMATICA E AUDIO"
4771,bdccf03ca8600528b6f897db4f6329ef,['CASA E CONFORTO'],CASA E CONFORTO
4772,bdd374a843bda6af81c48e0680622729,['MODA E BELEZA'],MODA E BELEZA
4773,bdd49e833a618b2e10096e4bd5725977,['BRINQUEDOS E LAZER'],BRINQUEDOS E LAZER
4774,bdda3ba1c505bc39ff2117e340280a74,['CASA E CONFORTO'],CASA E CONFORTO
4775,bde06a769a934fd5e54ef3a8019a4e72,['AUTOMOTIVO'],AUTOMOTIVO
4776,bde6e20289749eb6e7fc368efae2b87f,['MOVEIS E ELETRODOMESTICOS'],MOVEIS E ELETRODOMESTICOS
4777,bdf4a80e044daa0de2d8d7f3ea697f7f,['MODA E BELEZA'],MODA E BELEZA
4778,bdf9c2bae94a8aed4105d0206d1e77a6,['CASA E CONFORTO'],CASA E CONFORTO
4779,bdfb5638a80d0fa6ec030a921c695a5f,['BRINQUEDOS E LAZER'],BRINQUEDOS E LAZER
4780,bdfe267d7e21481ae5368d063e313f6a,['BRINQUEDOS E LAZER'],BRINQUEDOS E LAZER
4781,bdfe88d4db37adc80c492a6097dba6b6,['BRINQUEDOS E LAZER'],BRINQUEDOS E LAZER
4782,be13f37493f5cb6297b454950d1208e2,['MODA E BELEZA'],MODA E BELEZA
4783,be1693153a2546fb409f9520c6e83703,"['ELETRONICOS,INFORMATICA E AUDIO']","ELETRONICOS,INFORMATICA E AUDIO"
4784,be1f74dd8c9f6ab6066aa38f00c87d99,['MOVEIS E ELETRODOMESTICOS'],MOVEIS E ELETRODOMESTICOS
4785,be604de4ce5e2e8658c03895db0621a9,['BRINQUEDOS E LAZER'],BRINQUEDOS E LAZER
4786,be6619cf0f41dbf6491aafc3b5a0d638,['MODA E BELEZA'],MODA E BELEZA
4787,be67d695978287b15a519b4d73c6898e,['AUTOMOTIVO'],AUTOMOTIVO
4788,be6a7fe72fe67600cceb9213855d6551,['FERRAMENTAS E CONSTRUCAO'],FERRAMENTAS E CONSTRUCAO
4789,be713173db53bf7fa11050f91ac461ce,"['ELETRONICOS,INFORMATICA E AUDIO']","ELETRONICOS,INFORMATICA E AUDIO"
4790,be754126110440ba89a5456475333453,"['ELETRONICOS,INFORMATICA E AUDIO']","ELETRONICOS,INFORMATICA E AUDIO"
4791,be8ab651d9a385206918a02d21d0cc33,['MODA E BELEZA'],MODA E BELEZA
4792,be8b6bb87fabe5bece6e7a3ecc1f1f8d,['CASA E CONFORTO'],CASA E CONFORTO
4793,be8e82214fcaada34c6b645f54e20737,['BRINQUEDOS E LAZER'],BRINQUEDOS E LAZER
4794,be9d88133ac0473fda4ebbdc48d5140c,['BRINQUEDOS E LAZER'],BRINQUEDOS E LAZER
4795,beb1a245f0be4e0bdd597e0041f1b93e,['BEBES'],BEBES
4796,beb278f2f2946133b76dd6196b02d0e5,['ALIMENTOS'],ALIMENTOS
4797,beb82936199adb4cf410d9dc9554e674,['BRINQUEDOS E LAZER'],BRINQUEDOS E LAZER
4798,becbd0e26ba3a2cfffc4d318c2846de5,"['ELETRONICOS,INFORMATICA E AUDIO']","ELETRONICOS,INFORMATICA E AUDIO"
4799,bed62216bd8e10b5b9e22eee2563c39b,['FERRAMENTAS E CONSTRUCAO'],FERRAMENTAS E CONSTRUCAO
4800,bee4fbc438d2d48527e812cb6a1c8166,['BRINQUEDOS E LAZER'],BRINQUEDOS E LAZER
4801,beebcdb81ca8d717ee63fbee85b1826e,"['ELETRONICOS,INFORMATICA E AUDIO']","ELETRONICOS,INFORMATICA E AUDIO"
4802,beec430d7884623aea86fd246c0886b9,['BRINQUEDOS E LAZER'],BRINQUEDOS E LAZER
4803,beed527292a9e9a0e10bc602565b510c,['CASA E CONFORTO'],CASA E CONFORTO
4804,beeff7037aa708c19973290382629a4c,['BRINQUEDOS E LAZER'],BRINQUEDOS E LAZER
4805,bef5d5c7e0fa907f3aefa9d3873c4f90,['MODA E BELEZA'],MODA E BELEZA
4806,beff862ded25ef1ad1087c93317e89f1,['CASA E CONFORTO'],CASA E CONFORTO
4807,bf00ad2335cd5715823f0f1980a8e8ab,"['ELETRONICOS,INFORMATICA E AUDIO']","ELETRONICOS,INFORMATICA E AUDIO"
4808,bf0b7464d227364486f59a79f335a212,"['LIVROS, MUSICA E PAPELARIA']","LIVROS, MUSICA E PAPELARIA"
4809,bf122b1684abe6417e2e2eb2ababa7b9,['PET SHOP'],PET SHOP
4810,bf1884f9aca840a9b8738d4bef0945b0,['MODA E BELEZA'],MODA E BELEZA
4811,bf205457ee84ab84c423d67b88239982,"['ELETRONICOS,INFORMATICA E AUDIO']","ELETRONICOS,INFORMATICA E AUDIO"
4812,bf20a3dc1ce70ff4b1c392d2efb503ad,['MODA E BELEZA'],MODA E BELEZA
4813,bf247f0c5b4e3a8993f0e0e1f0d4ff87,['FERRAMENTAS E CONSTRUCAO'],FERRAMENTAS E CONSTRUCAO
4814,bf321eacd8e3dad568b84111dc820e55,['MOVEIS E ELETRODOMESTICOS'],MOVEIS E ELETRODOMESTICOS
4815,bf3381b72ab1dc63ee282883a9018a9d,"['ELETRONICOS,INFORMATICA E AUDIO']","ELETRONICOS,INFORMATICA E AUDIO"
4816,bf5099786cc9dcd17a4961c9406fb3f3,"['ELETRONICOS,INFORMATICA E AUDIO']","ELETRONICOS,INFORMATICA E AUDIO"
4817,bf59b8c2b20f173069f5304326665611,"['ELETRONICOS,INFORMATICA E AUDIO']","ELETRONICOS,INFORMATICA E AUDIO"
4818,bf6ae1909b2e970bb1c4f1119b324b64,"['ELETRONICOS,INFORMATICA E AUDIO']","ELETRONICOS,INFORMATICA E AUDIO"
4819,bf79e4fa55a389d494f47feb2654892c,"['ELETRONICOS,INFORMATICA E AUDIO']","ELETRONICOS,INFORMATICA E AUDIO"
4820,bf855e7e3d03c67755603ee3ec6f740a,['FERRAMENTAS E CONSTRUCAO'],FERRAMENTAS E CONSTRUCAO
4821,bf866aa88acb3c2595d0627c7a6bedf7,['MODA E BELEZA'],MODA E BELEZA
4822,bf99266f91395a536eec2caf09bad879,['CASA E CONFORTO'],CASA E CONFORTO
4823,bf9a3a8d9db6be5e4dfcfe2f071ef405,['MODA E BELEZA'],MODA E BELEZA
4824,bf9b9000c617c6eb39e6666c98f7493d,['CASA E CONFORTO'],CASA E CONFORTO
4825,bf9c50664a2f68936562e38446c321d9,['FERRAMENTAS E CONSTRUCAO'],FERRAMENTAS E CONSTRUCAO
4826,bfa7f4169cb6c6e8221434275a2a0ab7,['PET SHOP'],PET SHOP
4827,bfa84c85baf67d4ed4923a3d8d6a18bf,['MODA E BELEZA'],MODA E BELEZA
4828,bfaefe509209a9477bd599fb0658f4ec,['AUTOMOTIVO'],AUTOMOTIVO
4829,bfbd0f9bdef84302105ad712db648a6c,['MODA E BELEZA'],MODA E BELEZA
4830,bfcec91a0841313fabd35ed075e4a8f5,"['ELETRONICOS,INFORMATICA E AUDIO']","ELETRONICOS,INFORMATICA E AUDIO"
4831,bfd6463a3d508931213215b96d69f5b7,['ALIMENTOS'],ALIMENTOS
4832,bfdda01969e3428f5b74096b3d6081d9,['MODA E BELEZA'],MODA E BELEZA
4833,bfdfa2b4742c41cf4853fd72cf7c9815,['MOVEIS E ELETRODOMESTICOS'],MOVEIS E ELETRODOMESTICOS
4834,bfdfcb5b457a83ebc43eccb8d8531f7f,['BRINQUEDOS E LAZER'],BRINQUEDOS E LAZER
4835,bfe378d529206e45ce2ae4095aba264b,['BRINQUEDOS E LAZER'],BRINQUEDOS E LAZER
4836,c0030bfe8607128802ab2b0c500a016a,['FERRAMENTAS E CONSTRUCAO'],FERRAMENTAS E CONSTRUCAO
4837,c005c973843746a08a6ea826af4ce0c0,['MOVEIS E ELETRODOMESTICOS'],MOVEIS E ELETRODOMESTICOS
4838,c012d344cb9c8788cdbf60b4e4d1fc43,['AUTOMOTIVO'],AUTOMOTIVO
4839,c02d8b5948dda3c7be497b0349c7256c,['MODA E BELEZA'],MODA E BELEZA
4840,c02f1c85742b8acbc1c02a8d7e6d71dd,['BEBES'],BEBES
4841,c03db9e9e3664ee812e8fc4d00f324c9,['ARTES E DECORACAO'],ARTES E DECORACAO
4842,c03ece81b9b15ca2f4fae4b061076d49,['BRINQUEDOS E LAZER'],BRINQUEDOS E LAZER
4843,c0501d3db0e3b05744f4aa2c83338a43,"['ELETRONICOS,INFORMATICA E AUDIO']","ELETRONICOS,INFORMATICA E AUDIO"
4844,c05959bbcc139450377c258a39f80602,['MOVEIS E ELETRODOMESTICOS'],MOVEIS E ELETRODOMESTICOS
4845,c05a45e107ce04b5439d590f79acf195,['CASA E CONFORTO'],CASA E CONFORTO
4846,c064d2ccc74eafa9f92b6e742708b48c,['MODA E BELEZA'],MODA E BELEZA
4847,c06c0d95b042ae403f799cf2027cd54f,['MODA E BELEZA'],MODA E BELEZA
4848,c0740c543da48abb89b054604e7e9250,['CASA E CONFORTO'],CASA E CONFORTO
4849,c07b8f5324dbc378865ca2d1c9883236,['BRINQUEDOS E LAZER'],BRINQUEDOS E LAZER
4850,c0902caa9df6e499f3aa6d5acb55f6c5,['CASA E CONFORTO'],CASA E CONFORTO
4851,c0937aec7cd0f2ff17c2586520713fd7,"['ELETRONICOS,INFORMATICA E AUDIO']","ELETRONICOS,INFORMATICA E AUDIO"
4852,c09b04d29fbb1982a8af49b8ada809e8,['BEBES'],BEBES
4853,c0a44fead1bf940766c68e73c9224dd2,"['ELETRONICOS,INFORMATICA E AUDIO']","ELETRONICOS,INFORMATICA E AUDIO"
4854,c0afa67d21507622f9edddcf9b56ee4b,['MODA E BELEZA'],MODA E BELEZA
4855,c0b2c20ed167622980ba4586d4f60168,"['ELETRONICOS,INFORMATICA E AUDIO']","ELETRONICOS,INFORMATICA E AUDIO"
4856,c0bc3a7a457b7bf1cef49c366c5832af,['MODA E BELEZA'],MODA E BELEZA
4857,c0c876d98ac48f4ddb75a5645f6f5016,"['ELETRONICOS,INFORMATICA E AUDIO']","ELETRONICOS,INFORMATICA E AUDIO"
4858,c0e184ce4df1d9df3ef40938ab7ee173,['ALIMENTOS'],ALIMENTOS
4859,c0f7519024e35aecc37f31b7578711ba,['MODA E BELEZA'],MODA E BELEZA
4860,c0f8ab6b8ca98ae53f4acc203b206e0d,['MOVEIS E ELETRODOMESTICOS'],MOVEIS E ELETRODOMESTICOS
4861,c117260dea8a83dda05418ae635e57bb,"['ELETRONICOS,INFORMATICA E AUDIO']","ELETRONICOS,INFORMATICA E AUDIO"
4862,c1242e3f591a1f8ab11d51f2aedb1bb0,['CASA E CONFORTO'],CASA E CONFORTO
4863,c124ca6c2e3c84647f8694c95abec68b,['MODA E BELEZA'],MODA E BELEZA
4864,c12658dc350b49b1970455764f1137f3,['BRINQUEDOS E LAZER'],BRINQUEDOS E LAZER
4865,c1307860856bd6bad58e1b21facf55cd,['CASA E CONFORTO'],CASA E CONFORTO
4866,c130ce426e4cd480fb71381c3535a0af,['MODA E BELEZA'],MODA E BELEZA
4867,c1310d06e793969c9dfc72a433db577f,['CASA E CONFORTO'],CASA E CONFORTO
4868,c1414100e5e04a4b7a2ddb9b080ec71b,"['ELETRONICOS,INFORMATICA E AUDIO']","ELETRONICOS,INFORMATICA E AUDIO"
4869,c14323552816050d396da49c9f23ae1e,['MODA E BELEZA'],MODA E BELEZA
4870,c1459f8c6638b835a54df0c0246ce486,"['ELETRONICOS,INFORMATICA E AUDIO']","ELETRONICOS,INFORMATICA E AUDIO"
4871,c14ecd7b2fd9b06640b5ef67f195ee36,['BRINQUEDOS E LAZER'],BRINQUEDOS E LAZER
4872,c169aacf98c6f6cc7854bde4bdbc9a06,['MODA E BELEZA'],MODA E BELEZA
4873,c1712e588b4d7547170f454dba1ef0c3,['MODA E BELEZA'],MODA E BELEZA
4874,c1773baeca3e466698f90611606eadeb,['MODA E BELEZA'],MODA E BELEZA
4875,c17afd24d0fb29f48d670eb52bc1036e,['MOVEIS E ELETRODOMESTICOS'],MOVEIS E ELETRODOMESTICOS
4876,c17bc584fe68bdf389241631455fc2a5,['MODA E BELEZA'],MODA E BELEZA
4877,c1812e7a79c6b129af4128c0474ea917,['BRINQUEDOS E LAZER'],BRINQUEDOS E LAZER
4878,c1875eb040541568d58640849b68b052,['MODA E BELEZA'],MODA E BELEZA
4879,c19c55592299c2b3c838a4b77b639ed3,['MODA E BELEZA'],MODA E BELEZA
4880,c1a2ee16a0ebb378f57bdf69fcf45b79,['MOVEIS E ELETRODOMESTICOS'],MOVEIS E ELETRODOMESTICOS
4881,c1a9b3fbea92e83c4a08229da82a0136,"['ELETRONICOS,INFORMATICA E AUDIO']","ELETRONICOS,INFORMATICA E AUDIO"
4882,c1ae51115a5ffffd12f15c709654d2c0,['MODA E BELEZA'],MODA E BELEZA
4883,c1aee3898c27b4b86706a7a0259efd19,['MOVEIS E ELETRODOMESTICOS'],MOVEIS E ELETRODOMESTICOS
4884,c1b0aef054d96bbc7d6c28478af21483,['MODA E BELEZA'],MODA E BELEZA
4885,c1bcd85491d0472bf5d90c9890197a75,['CASA E CONFORTO'],CASA E CONFORTO
4886,c1c21cae98ee61e65524445ce418f9d9,['MODA E BELEZA'],MODA E BELEZA
4887,c1c4911d5c28f6d20c01a3ce2e2b8413,['BEBES'],BEBES
4888,c1c4e2a7fb7eb8066b69234d0b3fd446,['BRINQUEDOS E LAZER'],BRINQUEDOS E LAZER
4889,c1ce7c20699d83bcfb424c8e800a1788,['BRINQUEDOS E LAZER'],BRINQUEDOS E LAZER
4890,c1d47bf45869556f656d75e071338018,"['ELETRONICOS,INFORMATICA E AUDIO']","ELETRONICOS,INFORMATICA E AUDIO"
4891,c1dc9326b9f99f2db29af061a59cbe8d,['ARTES E DECORACAO'],ARTES E DECORACAO
4892,c1df4a5d1b544e51e2f038412f96c0a9,['BRINQUEDOS E LAZER'],BRINQUEDOS E LAZER
4893,c1e0ca05590ed1c16d7aaa4c96fdced6,"['LIVROS, MUSICA E PAPELARIA']","LIVROS, MUSICA E PAPELARIA"
4894,c1eb421afe27745d1845f27fdbd14e45,"['ELETRONICOS,INFORMATICA E AUDIO']","ELETRONICOS,INFORMATICA E AUDIO"
4895,c1ecc1e54515cde540ca84bb519839b1,['MOVEIS E ELETRODOMESTICOS'],MOVEIS E ELETRODOMESTICOS
4896,c206348085f589eaf3bcd60a005bb15c,['MODA E BELEZA'],MODA E BELEZA
4897,c21a68b298ad2f57646d554dcb49fed8,"['AGRO, INDUSTRIA E NEGOCIOS']","AGRO, INDUSTRIA E NEGOCIOS"
4898,c21d1e70c15865d3e15e6e42c9c80b2d,['BRINQUEDOS E LAZER'],BRINQUEDOS E LAZER
4899,c21e59c9c618133611b4c96a9eefca19,"['ELETRONICOS,INFORMATICA E AUDIO']","ELETRONICOS,INFORMATICA E AUDIO"
4900,c22857ca01052cca0c4dea70902c5a92,"['ELETRONICOS,INFORMATICA E AUDIO']","ELETRONICOS,INFORMATICA E AUDIO"
4901,c2392e568835f3d748e67d74da04c934,"['ELETRONICOS,INFORMATICA E AUDIO']","ELETRONICOS,INFORMATICA E AUDIO"
4902,c23fa8593c1bb932ba79051a7e201255,['MOVEIS E ELETRODOMESTICOS'],MOVEIS E ELETRODOMESTICOS
4903,c2414e3bcb42ad5f67a0b161ed96f8fa,['FERRAMENTAS E CONSTRUCAO'],FERRAMENTAS E CONSTRUCAO
4904,c25b7410c11056133dd5908057f4ce6a,['MOVEIS E ELETRODOMESTICOS'],MOVEIS E ELETRODOMESTICOS
4905,c262594e0801a04a4946d2f9a16972cd,['CASA E CONFORTO'],CASA E CONFORTO
4906,c262d9407971d247fc7683fc716ab9ab,['CASA E CONFORTO'],CASA E CONFORTO
4907,c2673706bb89f4fa18b1837c6dd088e1,['FERRAMENTAS E CONSTRUCAO'],FERRAMENTAS E CONSTRUCAO
4908,c2682afdb84368351a76f8b0c8cc47d9,['MODA E BELEZA'],MODA E BELEZA
4909,c271d6d965ce901e7efaae6879247e43,['MOVEIS E ELETRODOMESTICOS'],MOVEIS E ELETRODOMESTICOS
4910,c27815f7e3dd0b926b58552628481575,['MOVEIS E ELETRODOMESTICOS'],MOVEIS E ELETRODOMESTICOS
4911,c27a26005da9b758c804674cc9aa2da1,['MOVEIS E ELETRODOMESTICOS'],MOVEIS E ELETRODOMESTICOS
4912,c289e5c187ac5cff9d78eba42f7058b4,"['ELETRONICOS,INFORMATICA E AUDIO']","ELETRONICOS,INFORMATICA E AUDIO"
4913,c2926e31138df3c04db3e35ee72471ff,['BRINQUEDOS E LAZER'],BRINQUEDOS E LAZER
4914,c2a550cc5f966506b717532441c221e5,['BEBES'],BEBES
4915,c2abe874b6f1922459cfee827c8f02f8,['CASA E CONFORTO'],CASA E CONFORTO
4916,c2b0ee6a1e5f209275ed0f373614b9b2,['MODA E BELEZA'],MODA E BELEZA
4917,c2b32a9eef15f09698bb2ec1a17a6a70,"['ELETRONICOS,INFORMATICA E AUDIO']","ELETRONICOS,INFORMATICA E AUDIO"
4918,c2be39a9987d992896de790f005d1bf4,['AUTOMOTIVO'],AUTOMOTIVO
4919,c2ca2bb17ed706c909f7011c18b1ba98,['ARTES E DECORACAO'],ARTES E DECORACAO
4920,c2ec5dfbcdd442236f5aa871c8da0593,['MODA E BELEZA'],MODA E BELEZA
4921,c2efb2d934de1605bc2c96e51f7ee352,['MODA E BELEZA'],MODA E BELEZA
4922,c3172e32bc52d8dde2aa5c6cb36cddfd,['BRINQUEDOS E LAZER'],BRINQUEDOS E LAZER
4923,c31fe565e37944f6feb1d908a9a550ee,['CASA E CONFORTO'],CASA E CONFORTO
4924,c33917dff50a1d91d9d26ea3c5e3a65a,"['LIVROS, MUSICA E PAPELARIA']","LIVROS, MUSICA E PAPELARIA"
4925,c33a15434dbf8582136285a3e2995d1c,['MODA E BELEZA'],MODA E BELEZA
4926,c3483e54e973d333c6365c217f4422b9,['MODA E BELEZA'],MODA E BELEZA
4927,c348b5c61b62673ad4d11a8564de5742,['MOVEIS E ELETRODOMESTICOS'],MOVEIS E ELETRODOMESTICOS
4928,c349154248a3236a01cba7d40dbef250,['FERRAMENTAS E CONSTRUCAO'],FERRAMENTAS E CONSTRUCAO
4929,c365542345d9e49d2a7b3bfe7b89b559,"['LIVROS, MUSICA E PAPELARIA']","LIVROS, MUSICA E PAPELARIA"
4930,c3665b33e58190870d82a79cc835cc30,['MOVEIS E ELETRODOMESTICOS'],MOVEIS E ELETRODOMESTICOS
4931,c36b97b242c0409d5f536b647b56256e,['FERRAMENTAS E CONSTRUCAO'],FERRAMENTAS E CONSTRUCAO
4932,c37055276c0cc69b996259acf465906b,['CASA E CONFORTO'],CASA E CONFORTO
4933,c38c9bc64c50852ae814ac2dc6bff45d,['AUTOMOTIVO'],AUTOMOTIVO
4934,c38db22a86ae94a2a5a9dd2d5700f6cb,['MODA E BELEZA'],MODA E BELEZA
4935,c3911802445a557d4e9a4c2f2328de0c,"['ELETRONICOS,INFORMATICA E AUDIO']","ELETRONICOS,INFORMATICA E AUDIO"
4936,c39c97c1d22e4a4486ce849afb668211,['CASA E CONFORTO'],CASA E CONFORTO
4937,c3a151fc45138447691e8231ffbca189,['MODA E BELEZA'],MODA E BELEZA
4938,c3b3b91815037977b255690978788e1a,['BRINQUEDOS E LAZER'],BRINQUEDOS E LAZER
4939,c3bc950aed66e7b8176ffb5223639f03,['MODA E BELEZA'],MODA E BELEZA
4940,c3ce4348607876c449622d8803771aa8,"['ELETRONICOS,INFORMATICA E AUDIO']","ELETRONICOS,INFORMATICA E AUDIO"
4941,c3e06da7b224bfb3d077ca32fa23bff1,['AUTOMOTIVO'],AUTOMOTIVO
4942,c40180549a3a3bdff8f27b84bfff14ba,['CASA E CONFORTO'],CASA E CONFORTO
4943,c40c55aca205a68dd5132a6c7791b478,['BRINQUEDOS E LAZER'],BRINQUEDOS E LAZER
4944,c40c8f44fadbd73ec33576de59af7037,['MOVEIS E ELETRODOMESTICOS'],MOVEIS E ELETRODOMESTICOS
4945,c42032f3265e1b479a385e0b537252b8,['MOVEIS E ELETRODOMESTICOS'],MOVEIS E ELETRODOMESTICOS
4946,c429654419aacfe84ec52dd4c45f064d,['MODA E BELEZA'],MODA E BELEZA
4947,c42c77adb71ee6c1ca91e61888a18932,"['ELETRONICOS,INFORMATICA E AUDIO']","ELETRONICOS,INFORMATICA E AUDIO"
4948,c44b3f142eb33ac2b018b105dff8692d,['FERRAMENTAS E CONSTRUCAO'],FERRAMENTAS E CONSTRUCAO
4949,c462a724e0a22bbc88bdecbed3ca72c4,['MOVEIS E ELETRODOMESTICOS'],MOVEIS E ELETRODOMESTICOS
4950,c46deef64dc8913af348b596ff4fc40d,['BRINQUEDOS E LAZER'],BRINQUEDOS E LAZER
4951,c470c4940c653080f16ba7e4cf1eb08c,"['ELETRONICOS,INFORMATICA E AUDIO']","ELETRONICOS,INFORMATICA E AUDIO"
4952,c488a16bc2a85f7f72b6d05b6556c279,"['ELETRONICOS,INFORMATICA E AUDIO']","ELETRONICOS,INFORMATICA E AUDIO"
4953,c48c006cc34f94c1fb2aa8afd2c1cc9f,['FERRAMENTAS E CONSTRUCAO'],FERRAMENTAS E CONSTRUCAO
4954,c496970811b313659dbbcfd57ffd1b42,"['LIVROS, MUSICA E PAPELARIA']","LIVROS, MUSICA E PAPELARIA"
4955,c49be9a11fd13933307cc6a19b03a895,['CASA E CONFORTO'],CASA E CONFORTO
4956,c4a813b981516ec9f56994ad042d9fbd,['CASA E CONFORTO'],CASA E CONFORTO
4957,c4adb90544e7914c3148466f7ab31491,['CASA E CONFORTO'],CASA E CONFORTO
4958,c4b2b908aab6585b6a3147ac72952242,['MODA E BELEZA'],MODA E BELEZA
4959,c4c4d6af87a38d11687de496459bb99b,['ARTES E DECORACAO'],ARTES E DECORACAO
4960,c4c6ad1225b0e8f8c23aaf36a96431b7,['MOVEIS E ELETRODOMESTICOS'],MOVEIS E ELETRODOMESTICOS
4961,c4cce729f23dd590b26da3aca2d8c598,['CASA E CONFORTO'],CASA E CONFORTO
4962,c4dbc879a0f2bca255b51ca96ef04847,['CASA E CONFORTO'],CASA E CONFORTO
4963,c4fc1de96bdade6bff864108f4887d3d,['ARTES E DECORACAO'],ARTES E DECORACAO
4964,c505a1999c5ad6aacc8339242d824073,['PET SHOP'],PET SHOP
4965,c5118d11c7071b2962ba03249bc6b305,['MODA E BELEZA'],MODA E BELEZA
4966,c5222412ad9d123721c453c7c21a6cfa,['MODA E BELEZA'],MODA E BELEZA
4967,c52b0e0ae184fb645004980db2d194a1,['MODA E BELEZA'],MODA E BELEZA
4968,c52e91d0960446c0624a5a984188ffba,['AUTOMOTIVO'],AUTOMOTIVO
4969,c537dcd8b3ea902501cfa7610144a641,['FERRAMENTAS E CONSTRUCAO'],FERRAMENTAS E CONSTRUCAO
4970,c539e0e8403e4e2f09aec95e073a9f85,"['ELETRONICOS,INFORMATICA E AUDIO']","ELETRONICOS,INFORMATICA E AUDIO"
4971,c53b15af645d91a057ddba9d0e1f21c7,['BRINQUEDOS E LAZER'],BRINQUEDOS E LAZER
4972,c53b2f33c8e307e7253650b9dc6cadd1,['MOVEIS E ELETRODOMESTICOS'],MOVEIS E ELETRODOMESTICOS
4973,c547c9add673a922b5bf997e06202754,"['ELETRONICOS,INFORMATICA E AUDIO']","ELETRONICOS,INFORMATICA E AUDIO"
4974,c54856ceaaaf3a273f3921da4faf1e8f,['CASA E CONFORTO'],CASA E CONFORTO
4975,c55e1514675dc10976509a057394e27f,['MODA E BELEZA'],MODA E BELEZA
4976,c565668594ff62ffd95ef9f06d90742f,['CASA E CONFORTO'],CASA E CONFORTO
4977,c56e2c015a90b5df2c2564aa5f15be50,['MODA E BELEZA'],MODA E BELEZA
4978,c57ae5ddbc1ce170981df1880afd9dd1,"['ELETRONICOS,INFORMATICA E AUDIO']","ELETRONICOS,INFORMATICA E AUDIO"
4979,c589bcc1414f7d7d949f353b1d1a45d9,['BRINQUEDOS E LAZER'],BRINQUEDOS E LAZER
4980,c595bbefb93ccf827f9dd4b7c3f25785,['BRINQUEDOS E LAZER'],BRINQUEDOS E LAZER
4981,c5a06d75e7ddf0ed779053a64ee08c7e,['MOVEIS E ELETRODOMESTICOS'],MOVEIS E ELETRODOMESTICOS
4982,c5a2bd922645770b148755d89a577853,['MODA E BELEZA'],MODA E BELEZA
4983,c5a49aa0c426e9c86aeb67a275c1a490,"['ELETRONICOS,INFORMATICA E AUDIO']","ELETRONICOS,INFORMATICA E AUDIO"
4984,c5b977015b27b1b086bebf07bd454df6,['CASA E CONFORTO'],CASA E CONFORTO
4985,c5c439c95db69979fd8f66c6eec564e5,"['ELETRONICOS,INFORMATICA E AUDIO']","ELETRONICOS,INFORMATICA E AUDIO"
4986,c5db390bf36fe80e070c684c92f7b44a,"['LIVROS, MUSICA E PAPELARIA']","LIVROS, MUSICA E PAPELARIA"
4987,c5de257a3b1e0eccc238b501b939b9dd,"['ELETRONICOS,INFORMATICA E AUDIO']","ELETRONICOS,INFORMATICA E AUDIO"
4988,c5f43352377291361dad9a7366ae1c89,"['ELETRONICOS,INFORMATICA E AUDIO']","ELETRONICOS,INFORMATICA E AUDIO"
4989,c5fb461f4d5a4b5457fd3029e1d1543a,"['ELETRONICOS,INFORMATICA E AUDIO']","ELETRONICOS,INFORMATICA E AUDIO"
4990,c60c1ff560443153d7f50771e5fe9b92,"['ELETRONICOS,INFORMATICA E AUDIO']","ELETRONICOS,INFORMATICA E AUDIO"
4991,c6122e6a623a45c8dfc876f10733682f,['CASA E CONFORTO'],CASA E CONFORTO
4992,c61e3efc183db6b89f5556efb5aa8797,['MODA E BELEZA'],MODA E BELEZA
4993,c632f9a8a1b942e306b0335429bdb142,['AUTOMOTIVO'],AUTOMOTIVO
4994,c64cd8af895f9e6795a7cb35f9004e37,['BRINQUEDOS E LAZER'],BRINQUEDOS E LAZER
4995,c64f7f0d99ba9d06966f9bfe36e564ee,['MOVEIS E ELETRODOMESTICOS'],MOVEIS E ELETRODOMESTICOS
4996,c661253cb9754d5c570886f866e9e4c9,['AUTOMOTIVO'],AUTOMOTIVO
4997,c679466a1ba6a8bdedcb2396f9e1dcbd,"['ELETRONICOS,INFORMATICA E AUDIO']","ELETRONICOS,INFORMATICA E AUDIO"
4998,c679d7c1b3724f6bafd104526934a932,['BEBES'],BEBES
4999,c68531b87a0e5baf9b8f526ec20d04e5,['MOVEIS E ELETRODOMESTICOS'],MOVEIS E ELETRODOMESTICOS
5000,c68d536a69b345791fac24a064e2648f,['CASA E CONFORTO'],CASA E CONFORTO
5001,c68d61e0221d10f9ffd722a96a2f10cb,['CASA E CONFORTO'],CASA E CONFORTO
5002,c6a9052634caae576f272ecf2e3a9b1e,['BRINQUEDOS E LAZER'],BRINQUEDOS E LAZER
5003,c6b504c2796cc68a698cd95f0b68d569,"['ELETRONICOS,INFORMATICA E AUDIO']","ELETRONICOS,INFORMATICA E AUDIO"
5004,c6b91873827689f33c1a45cd4bccd049,"['ELETRONICOS,INFORMATICA E AUDIO']","ELETRONICOS,INFORMATICA E AUDIO"
5005,c6c5a3bd6cdccabdc09336d43f4897b0,"['ELETRONICOS,INFORMATICA E AUDIO']","ELETRONICOS,INFORMATICA E AUDIO"
5006,c6ceea8c10c1521a2f993bc956800cf5,"['ELETRONICOS,INFORMATICA E AUDIO']","ELETRONICOS,INFORMATICA E AUDIO"
5007,c6d3ba7aef0216cb6c540497c845f0ba,"['LIVROS, MUSICA E PAPELARIA']","LIVROS, MUSICA E PAPELARIA"
5008,c6d53b50b9624bf6575b96607dd5b109,['FERRAMENTAS E CONSTRUCAO'],FERRAMENTAS E CONSTRUCAO
5009,c6f3dad60242a9cb7ce0486b495862bd,['MOVEIS E ELETRODOMESTICOS'],MOVEIS E ELETRODOMESTICOS
5010,c6f52d94c1f44ee12e0fecf4b347bdc6,['ARTES E DECORACAO'],ARTES E DECORACAO
5011,c70e94e95cae9b1a4ad2510d55a521e3,['MODA E BELEZA'],MODA E BELEZA
5012,c711d7f26c4563f427379e7ed3bfdc51,['MOVEIS E ELETRODOMESTICOS'],MOVEIS E ELETRODOMESTICOS
5013,c7197036433dac8ba4041a18b0b435aa,['CASA E CONFORTO'],CASA E CONFORTO
5014,c723cae5d4f9bbee98063ac1f181f5c1,['MOVEIS E ELETRODOMESTICOS'],MOVEIS E ELETRODOMESTICOS
5015,c72b9a169668381c6a1d12462a2e05e3,"['ELETRONICOS,INFORMATICA E AUDIO']","ELETRONICOS,INFORMATICA E AUDIO"
5016,c74223049609b069ad87a46eea34ca45,['MODA E BELEZA'],MODA E BELEZA
5017,c745e617482a01d21b32bca11a598621,['BRINQUEDOS E LAZER'],BRINQUEDOS E LAZER
5018,c74781be12a00f1e31f7160673c27190,['BEBES'],BEBES
5019,c7521177a460038dfb9802a58ea41c3d,['MODA E BELEZA'],MODA E BELEZA
5020,c7528ad3eeabc9fee6d6839e687f69dc,['MODA E BELEZA'],MODA E BELEZA
5021,c75f4211fdf83ec2f56c89a1f41bf3ec,['ARTES E DECORACAO'],ARTES E DECORACAO
5022,c760cdc6e5179c774d347aced5107555,['BRINQUEDOS E LAZER'],BRINQUEDOS E LAZER
5023,c7680ec9a4fd2773375fa6817d60ffc9,['CASA E CONFORTO'],CASA E CONFORTO
5024,c771032d318005136655d3e3bf60bf54,"['ELETRONICOS,INFORMATICA E AUDIO']","ELETRONICOS,INFORMATICA E AUDIO"
5025,c7740e0a4fdfedf93d82593caadc5640,['MOVEIS E ELETRODOMESTICOS'],MOVEIS E ELETRODOMESTICOS
5026,c77e3aa4caf8e752789d9b7ce1caf352,['CASA E CONFORTO'],CASA E CONFORTO
5027,c783d28b6b50273d1c44505fb6276b2b,['FERRAMENTAS E CONSTRUCAO'],FERRAMENTAS E CONSTRUCAO
5028,c79900d1005d1a8fdaa9f25cd94e5110,"['ELETRONICOS,INFORMATICA E AUDIO']","ELETRONICOS,INFORMATICA E AUDIO"
5029,c7993b9c3400e607391a4927068193a3,['FERRAMENTAS E CONSTRUCAO'],FERRAMENTAS E CONSTRUCAO
5030,c79a917805a59a652684b80b61a94840,['FERRAMENTAS E CONSTRUCAO'],FERRAMENTAS E CONSTRUCAO
5031,c79cc9cc01a118d224618bf964a0c1ea,['ARTES E DECORACAO'],ARTES E DECORACAO
5032,c7ab4f518d1a47c3f78768c41c887d1b,['CASA E CONFORTO'],CASA E CONFORTO
5033,c7ba0cafd5334b18b4103846dfd723d4,['MOVEIS E ELETRODOMESTICOS'],MOVEIS E ELETRODOMESTICOS
5034,c7be34133b7857a83dec6494df176713,['MODA E BELEZA'],MODA E BELEZA
5035,c7c28a159a907d1d0ff580856daffa72,['CASA E CONFORTO'],CASA E CONFORTO
5036,c7c6ca7db4f3b52d2fd70aeeb13d8e69,['BRINQUEDOS E LAZER'],BRINQUEDOS E LAZER
5037,c7e5dcc08eec0d2beca3642ca762a0b7,['MODA E BELEZA'],MODA E BELEZA
5038,c7f036825b3a87b42323205cee8a693c,['BEBES'],BEBES
5039,c7f459819fbc882d63765b5488f6fc8c,['ARTES E DECORACAO'],ARTES E DECORACAO
5040,c801ee070159af89f5ce2b8c03e9e032,['CASA E CONFORTO'],CASA E CONFORTO
5041,c8023e0c57ff641ff4ddedebd343128b,"['ELETRONICOS,INFORMATICA E AUDIO']","ELETRONICOS,INFORMATICA E AUDIO"
5042,c8097c4a079d36884044cd13c0df3452,['MODA E BELEZA'],MODA E BELEZA
5043,c81bd857bc1711b4f9cba7c927f16144,['BRINQUEDOS E LAZER'],BRINQUEDOS E LAZER
5044,c833391c20c67e486071538365c1edae,['MOVEIS E ELETRODOMESTICOS'],MOVEIS E ELETRODOMESTICOS
5045,c8350e245c8ca4aa481b246c4afeb1ce,['ARTES E DECORACAO'],ARTES E DECORACAO
5046,c83bfcbbc1e49ea80f7a77732efa3d48,['CASA E CONFORTO'],CASA E CONFORTO
5047,c83f1117bc97d473fec6e5d6ff5dce92,['BEBES'],BEBES
5048,c8453f6044a72ced1761251c5edec66e,['CASA E CONFORTO'],CASA E CONFORTO
5049,c85289fdb95c9cf1cdd688af14513e33,"['ELETRONICOS,INFORMATICA E AUDIO']","ELETRONICOS,INFORMATICA E AUDIO"
5050,c85f30d2bcd5e2a640f2c99024171998,['BEBES'],BEBES
5051,c861c72a760c0b073de162e9e981509b,['MOVEIS E ELETRODOMESTICOS'],MOVEIS E ELETRODOMESTICOS
5052,c87cc78ca07ba880ee80a9a881583a0d,['MODA E BELEZA'],MODA E BELEZA
5053,c8899924318a9e94b6bb939c2e0413d6,['AUTOMOTIVO'],AUTOMOTIVO
5054,c893d855b41d9ebc443d3addef1755b0,"['ELETRONICOS,INFORMATICA E AUDIO']","ELETRONICOS,INFORMATICA E AUDIO"
5055,c8ade02b622c1316fc0d05a427492f9c,['MODA E BELEZA'],MODA E BELEZA
5056,c8c684d11191f71210df7c6a22115def,['BRINQUEDOS E LAZER'],BRINQUEDOS E LAZER
5057,c8cb7b0f298cd146d61e1ce533494bca,['BRINQUEDOS E LAZER'],BRINQUEDOS E LAZER
5058,c8d355d9b0027d16b4f22804df2bbc2d,['FERRAMENTAS E CONSTRUCAO'],FERRAMENTAS E CONSTRUCAO
5059,c8de7919d8d79c2bb4bb86e34697039d,['BEBES'],BEBES
5060,c8e35783a2527cdf286c54e2ae9727db,['CASA E CONFORTO'],CASA E CONFORTO
5061,c8e6cc0d58104bbddf6c5c8d07f58bf7,"['ELETRONICOS,INFORMATICA E AUDIO']","ELETRONICOS,INFORMATICA E AUDIO"
5062,c8e84603674d71b14595773f1374773d,"['ELETRONICOS,INFORMATICA E AUDIO']","ELETRONICOS,INFORMATICA E AUDIO"
5063,c8f6b2cfd4ae525f62e7f2af94f529d7,"['ELETRONICOS,INFORMATICA E AUDIO']","ELETRONICOS,INFORMATICA E AUDIO"
5064,c8f8f9f5df7a6ce2beaa9de85fbf8ca1,['CASA E CONFORTO'],CASA E CONFORTO
5065,c91097d5f017e8117c4930db4bc51c66,['BEBES'],BEBES
5066,c919ace1499c5ef88133bf33307ba863,['MOVEIS E ELETRODOMESTICOS'],MOVEIS E ELETRODOMESTICOS
5067,c91ab67852b71357615925883e88cb8f,['CASA E CONFORTO'],CASA E CONFORTO
5068,c938c0f0b42620a6be99b3f558ead0f8,['BRINQUEDOS E LAZER'],BRINQUEDOS E LAZER
5069,c93d8c5d743044e34a559198afa97c86,"['ELETRONICOS,INFORMATICA E AUDIO']","ELETRONICOS,INFORMATICA E AUDIO"
5070,c95bc5d3cdd34cf9698e69308b545f48,"['ELETRONICOS,INFORMATICA E AUDIO']","ELETRONICOS,INFORMATICA E AUDIO"
5071,c95e84ae7a7ece4f18736621998851f3,['MODA E BELEZA'],MODA E BELEZA
5072,c9653cca1e27f0816402332712a4c87f,['CASA E CONFORTO'],CASA E CONFORTO
5073,c97c5a964e8d8032ce2da2cbf89d2183,['MODA E BELEZA'],MODA E BELEZA
5074,c982c1af10010b2f227a2ceb69a994fa,['CASA E CONFORTO'],CASA E CONFORTO
5075,c98f20eb107a235a15b60b2b5de731da,"['LIVROS, MUSICA E PAPELARIA']","LIVROS, MUSICA E PAPELARIA"
5076,c995be74082b70d3ec06d817e73f7300,['CASA E CONFORTO' 'MOVEIS E ELETRODOMESTICOS'],Misto
5077,c99f7c8803c7a958c31ba67e7432ba16,['AUTOMOTIVO'],AUTOMOTIVO
5078,c9a088f0077de94d4b7e57e5a234cea8,['MOVEIS E ELETRODOMESTICOS'],MOVEIS E ELETRODOMESTICOS
5079,c9a4157fc325f9df022d812f02226d85,['MODA E BELEZA'],MODA E BELEZA
5080,c9b448b4e0098e41e8ac370c26bcccd3,['MOVEIS E ELETRODOMESTICOS'],MOVEIS E ELETRODOMESTICOS
5081,c9c76a6cf34575ea054a043a4d03c0a1,['FERRAMENTAS E CONSTRUCAO'],FERRAMENTAS E CONSTRUCAO
5082,c9d46caad10d4c85f1eded254193e2a5,['MODA E BELEZA'],MODA E BELEZA
5083,c9d89b0c3d42591ac04fa956aef8fd14,"['ELETRONICOS,INFORMATICA E AUDIO']","ELETRONICOS,INFORMATICA E AUDIO"
5084,c9dacb231adb8fe3a8d4d452aa10bfe1,"['ELETRONICOS,INFORMATICA E AUDIO']","ELETRONICOS,INFORMATICA E AUDIO"
5085,c9dbfdbd1f10a0b35896dec49bee8884,"['ELETRONICOS,INFORMATICA E AUDIO']","ELETRONICOS,INFORMATICA E AUDIO"
5086,c9ebdcaac4bc255b035e5e250a45f7d0,['BRINQUEDOS E LAZER'],BRINQUEDOS E LAZER
5087,ca07593549f1816d26a572e06dc1eab6,['AUTOMOTIVO'],AUTOMOTIVO
5088,ca0f56eab306ab99911de4c96727a104,['AUTOMOTIVO'],AUTOMOTIVO
5089,ca16493fe5b61d25c22f1c751a181fab,['CASA E CONFORTO'],CASA E CONFORTO
5090,ca212ae794bbfd785ba7d86a1b7e9f2c,['BEBES'],BEBES
5091,ca29aec188eb04a764fce98c6f69232c,"['ELETRONICOS,INFORMATICA E AUDIO']","ELETRONICOS,INFORMATICA E AUDIO"
5092,ca2b020221599ee940c1bb5be191cbf9,['MODA E BELEZA'],MODA E BELEZA
5093,ca30221c79e8dbd7ece2df810c1969fd,['FERRAMENTAS E CONSTRUCAO'],FERRAMENTAS E CONSTRUCAO
5094,ca46dc3fa4fe36c0a82c9e69bcb94fb6,['MOVEIS E ELETRODOMESTICOS'],MOVEIS E ELETRODOMESTICOS
5095,ca4ba0b98a93b132627b97a29c658637,['MOVEIS E ELETRODOMESTICOS'],MOVEIS E ELETRODOMESTICOS
5096,ca4d9163f73c29c767a726571e8baf23,"['ELETRONICOS,INFORMATICA E AUDIO']","ELETRONICOS,INFORMATICA E AUDIO"
5097,ca512c4d6486887e158c4400d6406c19,['MOVEIS E ELETRODOMESTICOS'],MOVEIS E ELETRODOMESTICOS
5098,ca575ea0d8cb38ef5d4d3bdded6ee535,['CASA E CONFORTO'],CASA E CONFORTO
5099,ca5a6a09733f353ede92562e5d858d88,"['ELETRONICOS,INFORMATICA E AUDIO']","ELETRONICOS,INFORMATICA E AUDIO"
5100,ca621c614abfc6d64f4a093ade1249b9,['CASA E CONFORTO'],CASA E CONFORTO
5101,ca66d500112900d75968df9716752250,['CASA E CONFORTO'],CASA E CONFORTO
5102,ca6a7dfbbaebac08df32693f6e6c95a1,['MOVEIS E ELETRODOMESTICOS'],MOVEIS E ELETRODOMESTICOS
5103,ca710aeaf469a14db2f46bf1bf7f5c54,"['ELETRONICOS,INFORMATICA E AUDIO']","ELETRONICOS,INFORMATICA E AUDIO"
5104,ca7176941d0e15c620cebcdcf36af650,['AUTOMOTIVO'],AUTOMOTIVO
5105,ca759ab8f22c84329b8dbcb5192ef923,['CASA E CONFORTO'],CASA E CONFORTO
5106,ca7a62dce548a9bd31b4fd4f12af30d8,['BRINQUEDOS E LAZER'],BRINQUEDOS E LAZER
5107,ca843d205ec288c96c0133bc678c44e8,"['ELETRONICOS,INFORMATICA E AUDIO']","ELETRONICOS,INFORMATICA E AUDIO"
5108,ca93131de2c3fc58df457b40df4aff78,['CASA E CONFORTO'],CASA E CONFORTO
5109,caa15e1aa25a513739966e10636def94,"['ELETRONICOS,INFORMATICA E AUDIO']","ELETRONICOS,INFORMATICA E AUDIO"
5110,caac03dc57366d1423cbfe4bfcd8d18f,"['LIVROS, MUSICA E PAPELARIA']","LIVROS, MUSICA E PAPELARIA"
5111,caadb6f85ad7ef6bc72a66e1724c1313,['MODA E BELEZA'],MODA E BELEZA
5112,cac7b35f7108f26a0b806132cfee4439,['MODA E BELEZA'],MODA E BELEZA
5113,cac853d40d32850dba1ccff2c9f17269,"['ELETRONICOS,INFORMATICA E AUDIO']","ELETRONICOS,INFORMATICA E AUDIO"
5114,cacb12ecbd3fcaf21b5556085730369a,['MOVEIS E ELETRODOMESTICOS'],MOVEIS E ELETRODOMESTICOS
5115,cacb1996e2de4ef6334c5223259544e0,['MODA E BELEZA'],MODA E BELEZA
5116,cad07bb1dea448e4277d6bb42be1c1af,['MOVEIS E ELETRODOMESTICOS'],MOVEIS E ELETRODOMESTICOS
5117,cad4f1f1630718b17426b3f335d0404e,['FERRAMENTAS E CONSTRUCAO'],FERRAMENTAS E CONSTRUCAO
5118,cadf799bab2fdd6d82d549d720595d8b,['MOVEIS E ELETRODOMESTICOS'],MOVEIS E ELETRODOMESTICOS
5119,cae550bd1bf7bfba357a10319a0fb4be,['MODA E BELEZA'],MODA E BELEZA
5120,caeae132e3ebfb4af85f98f054c37ef6,['BEBES'],BEBES
5121,caef38892cf9eefb7fa25d54e803ba20,['BRINQUEDOS E LAZER'],BRINQUEDOS E LAZER
5122,cafc9b2f7d35ec42bdb74347cc6e8a70,"['LIVROS, MUSICA E PAPELARIA']","LIVROS, MUSICA E PAPELARIA"
5123,cafde70fc65139700e7366af413055fe,['FERRAMENTAS E CONSTRUCAO'],FERRAMENTAS E CONSTRUCAO
5124,cafe1030b50f6fbe232a1532e95c89a6,['MODA E BELEZA'],MODA E BELEZA
5125,cb00070405704f99f49cf9e9e2794c77,['MOVEIS E ELETRODOMESTICOS'],MOVEIS E ELETRODOMESTICOS
5126,cb01f5da9344f4c8dce9d954754b4253,"['ELETRONICOS,INFORMATICA E AUDIO']","ELETRONICOS,INFORMATICA E AUDIO"
5127,cb0bac4d77dd88efafddb7a974286b27,['PET SHOP'],PET SHOP
5128,cb123d857949246d3e5f1c532280c023,['MODA E BELEZA'],MODA E BELEZA
5129,cb23b55fbda69bd2ff574bf553b47e8c,['MODA E BELEZA'],MODA E BELEZA
5130,cb2909ecbfb8c77f77bdcce55ddcfba1,['MODA E BELEZA'],MODA E BELEZA
5131,cb30b4382e88bfeafdbc1010a026de1c,['CASA E CONFORTO'],CASA E CONFORTO
5132,cb3633965eff0518e61c0d44f06fe48f,['MODA E BELEZA'],MODA E BELEZA
5133,cb4591b9a09b86b55be10a9ea234de8c,['MODA E BELEZA'],MODA E BELEZA
5134,cb478ef8997c7e80eaf0bae4ccc02a6d,['FERRAMENTAS E CONSTRUCAO'],FERRAMENTAS E CONSTRUCAO
5135,cb47bdb6944b3df9373054e6ab62cf46,['ARTES E DECORACAO'],ARTES E DECORACAO
5136,cb50f73cef605fc87294854be93d6636,['MOVEIS E ELETRODOMESTICOS'],MOVEIS E ELETRODOMESTICOS
5137,cb51128a709fc24d52f27aa407697411,['CASA E CONFORTO'],CASA E CONFORTO
5138,cb6b0165d96a5abe74613ab5e67407ae,['BRINQUEDOS E LAZER'],BRINQUEDOS E LAZER
5139,cb6c7e4c5890bba3ee99ad3f97877d9a,['MODA E BELEZA'],MODA E BELEZA
5140,cb6e441ff2ef574ce08d3709426f88ec,"['ELETRONICOS,INFORMATICA E AUDIO']","ELETRONICOS,INFORMATICA E AUDIO"
5141,cb794d74f80c0dff5257f123400a063c,['CASA E CONFORTO'],CASA E CONFORTO
5142,cb7def57f4ae68a387231ee8e446bd50,['CASA E CONFORTO'],CASA E CONFORTO
5143,cb81db8b34483bc0d7852c6d862fcff4,['BEBES'],BEBES
5144,cb8372ec4562008e6648acf4fa8b81c7,['FERRAMENTAS E CONSTRUCAO'],FERRAMENTAS E CONSTRUCAO
5145,cb837ba275cf8ffa9ded7e18f7743b49,['PET SHOP'],PET SHOP
5146,cb8ac0a66ab9381703d4a2c473bba526,['BRINQUEDOS E LAZER'],BRINQUEDOS E LAZER
5147,cba5e2a02a8613805d4478be468a9a7a,"['ELETRONICOS,INFORMATICA E AUDIO']","ELETRONICOS,INFORMATICA E AUDIO"
5148,cbb7f51e60703b11747df0c449934468,['MOVEIS E ELETRODOMESTICOS'],MOVEIS E ELETRODOMESTICOS
5149,cbc22d4690ec52283dd156e6f30ba818,"['ELETRONICOS,INFORMATICA E AUDIO']","ELETRONICOS,INFORMATICA E AUDIO"
5150,cbc956fc2a27bbc8dc18bd3a27ce7127,['ARTES E DECORACAO'],ARTES E DECORACAO
5151,cbcbf16b779a45730bd03de1dc68131b,['BEBES'],BEBES
5152,cbcffd62e7d1e6d26d3a6657731cb96a,['MODA E BELEZA'],MODA E BELEZA
5153,cbe1b25dcc644c1107175a532b85549c,"['ELETRONICOS,INFORMATICA E AUDIO']","ELETRONICOS,INFORMATICA E AUDIO"
5154,cbe9eae36605cf2bd005c6bc1ae5f864,['CASA E CONFORTO'],CASA E CONFORTO
5155,cbec497198427d28e8c84e2ccaffb6e3,['AUTOMOTIVO'],AUTOMOTIVO
5156,cc06813c8d9909633f390ed9b5df999f,"['ELETRONICOS,INFORMATICA E AUDIO']","ELETRONICOS,INFORMATICA E AUDIO"
5157,cc0ef7be3ac8e4f2887c5ea6dc590e41,['BRINQUEDOS E LAZER'],BRINQUEDOS E LAZER
5158,cc15ef8448a7506bdcd6eb851c0aea1f,['FERRAMENTAS E CONSTRUCAO'],FERRAMENTAS E CONSTRUCAO
5159,cc178cb47677a3eae9282800d609ffb4,['CASA E CONFORTO'],CASA E CONFORTO
5160,cc1ddc7d7f30076a8cf87d86eecd6606,"['ELETRONICOS,INFORMATICA E AUDIO']","ELETRONICOS,INFORMATICA E AUDIO"
5161,cc61a8a634ed495116b2ce1fc8d1a1e1,['BRINQUEDOS E LAZER'],BRINQUEDOS E LAZER
5162,cc6e15491d167d2bd2d0eef0d14970c8,['BRINQUEDOS E LAZER'],BRINQUEDOS E LAZER
5163,cc7a01248e3779979631ce8dea5c8292,['BEBES'],BEBES
5164,cc8389c87998ef48d592285b08d5106d,"['ELETRONICOS,INFORMATICA E AUDIO']","ELETRONICOS,INFORMATICA E AUDIO"
5165,cca5e85092bfd9c1cb6c4d936cd86ecd,['CASA E CONFORTO'],CASA E CONFORTO
5166,ccbabfa81bc2a6cb8f2326278a01d55c,['CASA E CONFORTO'],CASA E CONFORTO
5167,cccb57e7a01fe8d245ce2027974b455e,"['ELETRONICOS,INFORMATICA E AUDIO']","ELETRONICOS,INFORMATICA E AUDIO"
5168,ccce59b16257bf1384f3cd838824ac18,"['ELETRONICOS,INFORMATICA E AUDIO']","ELETRONICOS,INFORMATICA E AUDIO"
5169,cce224811ba8fea016c049693c3e0402,['CASA E CONFORTO'],CASA E CONFORTO
5170,cce2f38a1c903ff25cc0da92e7423d8c,"['ELETRONICOS,INFORMATICA E AUDIO']","ELETRONICOS,INFORMATICA E AUDIO"
5171,cce3f49cd454ef2ad2924bc694eb1df8,['MODA E BELEZA'],MODA E BELEZA
5172,ccebf8871fd33d082a64082120ce4e80,['MOVEIS E ELETRODOMESTICOS'],MOVEIS E ELETRODOMESTICOS
5173,ccf8a8b92abacf806c88702be2848cce,['CASA E CONFORTO'],CASA E CONFORTO
5174,cd002226356c8056b3e5d2ab6098543f,['FERRAMENTAS E CONSTRUCAO'],FERRAMENTAS E CONSTRUCAO
5175,cd0b902d14f0c8d23aa34f4d50bf7843,['FERRAMENTAS E CONSTRUCAO'],FERRAMENTAS E CONSTRUCAO
5176,cd0d42e029e3b56ba5f53f6c59e5541b,['MODA E BELEZA'],MODA E BELEZA
5177,cd1c59db504eaebe7f53d4cb13b5dc1a,['MODA E BELEZA'],MODA E BELEZA
5178,cd2f69bee54086eeb259dc69de724245,['MODA E BELEZA'],MODA E BELEZA
5179,cd302cb2dc6786acab6add1e4867c38d,"['ELETRONICOS,INFORMATICA E AUDIO']","ELETRONICOS,INFORMATICA E AUDIO"
5180,cd317fc34a4ea25ea8d1743f003712ac,['MODA E BELEZA'],MODA E BELEZA
5181,cd472c4843f0157551fb2c99b21d3786,['CASA E CONFORTO'],CASA E CONFORTO
5182,cd63595a31d3717ff7ea9a0b041104a9,['MOVEIS E ELETRODOMESTICOS'],MOVEIS E ELETRODOMESTICOS
5183,cd7af87d109a2d47a87bdfc23a259052,['CASA E CONFORTO'],CASA E CONFORTO
5184,cd8c262644247fea6ddb4bbda562bc92,['MODA E BELEZA'],MODA E BELEZA
5185,cd9b65ef397b95d0e1fa108caad89718,"['LIVROS, MUSICA E PAPELARIA']","LIVROS, MUSICA E PAPELARIA"
5186,cd9f7b10571863a4339b5ccdd2365f2f,"['ELETRONICOS,INFORMATICA E AUDIO']","ELETRONICOS,INFORMATICA E AUDIO"
5187,cda0a53768d83bf2269db3cee554cb99,['CASA E CONFORTO'],CASA E CONFORTO
5188,cdaa116d3c2521b4b6976043508d0943,['MODA E BELEZA'],MODA E BELEZA
5189,cdbe57b33f10dd54db2421744ab4a045,['MODA E BELEZA'],MODA E BELEZA
5190,cdc6f3d564f23d5a74718b6506312d73,['CASA E CONFORTO'],CASA E CONFORTO
5191,cdc8b4ad3c6deb7fc303fb91abe7bc0f,['BRINQUEDOS E LAZER'],BRINQUEDOS E LAZER
5192,cdcdd974adb1606df89687f10cf130eb,['MOVEIS E ELETRODOMESTICOS'],MOVEIS E ELETRODOMESTICOS
5193,cdde87555bcd91df4fa4f191cbc77774,['MODA E BELEZA'],MODA E BELEZA
5194,cdeec5de39a62045ad7edd0f00cc8858,"['ELETRONICOS,INFORMATICA E AUDIO']","ELETRONICOS,INFORMATICA E AUDIO"
5195,cdf713b645faa55bba5c66e66aeef41e,"['LIVROS, MUSICA E PAPELARIA']","LIVROS, MUSICA E PAPELARIA"
5196,ce101239d4d3c22d02503fc803c73be6,['CASA E CONFORTO'],CASA E CONFORTO
5197,ce14e551b308d863fc17c8c43f15d87b,['ARTES E DECORACAO'],ARTES E DECORACAO
5198,ce1d8e2734844f085e379ebe4c653994,['CASA E CONFORTO'],CASA E CONFORTO
5199,ce3306b493edca02b65cedf9da8f0f7d,['MODA E BELEZA'],MODA E BELEZA
5200,ce3a36c0bcc4edf5c49a0a29b3da3963,['MOVEIS E ELETRODOMESTICOS'],MOVEIS E ELETRODOMESTICOS
5201,ce42a8b69a1f006400c700bb5616f736,['FERRAMENTAS E CONSTRUCAO'],FERRAMENTAS E CONSTRUCAO
5202,ce5420f8e3e7e46d19de72c08c690ffc,"['ELETRONICOS,INFORMATICA E AUDIO']","ELETRONICOS,INFORMATICA E AUDIO"
5203,ce567b5a7b6da61e51d45dfb2e1553c6,"['ELETRONICOS,INFORMATICA E AUDIO']","ELETRONICOS,INFORMATICA E AUDIO"
5204,ce63c9b68df2841a944a62de0cd1bc0c,"['ELETRONICOS,INFORMATICA E AUDIO']","ELETRONICOS,INFORMATICA E AUDIO"
5205,ce74c5a481b64dd9d76c6c766d5dc72b,['BRINQUEDOS E LAZER'],BRINQUEDOS E LAZER
5206,ce7c736a1e04308e78a6032b5b3a695e,['MODA E BELEZA'],MODA E BELEZA
5207,ce7e2fea4efc732fbc5fd04753f2e549,['MODA E BELEZA'],MODA E BELEZA
5208,ce82e57d70480ae9aa7bfad4a7c3392b,['MOVEIS E ELETRODOMESTICOS'],MOVEIS E ELETRODOMESTICOS
5209,ce8bc9d1350f5e9b6b22fcf981df3aa2,"['ELETRONICOS,INFORMATICA E AUDIO']","ELETRONICOS,INFORMATICA E AUDIO"
5210,ce9fc4b5d521bad32b0c3893b9b3788f,['MOVEIS E ELETRODOMESTICOS'],MOVEIS E ELETRODOMESTICOS
5211,cea95d05ab9ed4492e8be1c2122efcb7,"['ELETRONICOS,INFORMATICA E AUDIO']","ELETRONICOS,INFORMATICA E AUDIO"
5212,cec04b13070b06e2f7326de94287d60d,['MOVEIS E ELETRODOMESTICOS'],MOVEIS E ELETRODOMESTICOS
5213,cecff548587c9609f2223971989c94c0,['CASA E CONFORTO'],CASA E CONFORTO
5214,ced336e4408b7aa8e70c72bc5bd87b30,['CASA E CONFORTO'],CASA E CONFORTO
5215,cef9742a4d6a0ad30273fa8f19015fe0,['MOVEIS E ELETRODOMESTICOS'],MOVEIS E ELETRODOMESTICOS
5216,cf082b2bb0204ce0ba54ba584cbd3fd4,['CASA E CONFORTO'],CASA E CONFORTO
5217,cf0e03e1812c8c676e5f37237bd08af0,['AUTOMOTIVO'],AUTOMOTIVO
5218,cf31da4c70df57f682299bfbc26a685b,"['ELETRONICOS,INFORMATICA E AUDIO']","ELETRONICOS,INFORMATICA E AUDIO"
5219,cf34f0c3c6464f6cbca4e16b810f5553,['CASA E CONFORTO'],CASA E CONFORTO
5220,cf574d4b1efd3d5e152a4cb181b35f8b,"['ELETRONICOS,INFORMATICA E AUDIO']","ELETRONICOS,INFORMATICA E AUDIO"
5221,cf5a089353c76e21f2461f8b6d6f883e,['CASA E CONFORTO'],CASA E CONFORTO
5222,cf5bae440125a8f7eccfde72d25e1913,['MODA E BELEZA'],MODA E BELEZA
5223,cf5c16c1ce5b2de3b5141ae26b58f65f,['BEBES'],BEBES
5224,cf66a791440b22e6e21c4c339d07c001,"['ELETRONICOS,INFORMATICA E AUDIO']","ELETRONICOS,INFORMATICA E AUDIO"
5225,cf785a05b67a9d6bc87e8cb56ec94e77,['MOVEIS E ELETRODOMESTICOS'],MOVEIS E ELETRODOMESTICOS
5226,cf788ee4258fde5130bb5651bda63918,['CASA E CONFORTO' 'MOVEIS E ELETRODOMESTICOS'],Misto
5227,cf8ed2e1892b687d2ab983835459a604,['BRINQUEDOS E LAZER'],BRINQUEDOS E LAZER
5228,cfa4fa27b417971e86d8127cb688712f,['MODA E BELEZA'],MODA E BELEZA
5229,cfa78b997e329a5295b4ee6972c02979,"['ELETRONICOS,INFORMATICA E AUDIO']","ELETRONICOS,INFORMATICA E AUDIO"
5230,cfb601982b3ff65c1821561ec49625bd,['AUTOMOTIVO'],AUTOMOTIVO
5231,cfbf483c7d7176367a983006d36de1f9,"['LIVROS, MUSICA E PAPELARIA']","LIVROS, MUSICA E PAPELARIA"
5232,cfd5e54c14f22b62683cea7ed91caa24,"['ELETRONICOS,INFORMATICA E AUDIO']","ELETRONICOS,INFORMATICA E AUDIO"
5233,cfed507ac357129f750f05a0d7d71b15,['MOVEIS E ELETRODOMESTICOS'],MOVEIS E ELETRODOMESTICOS
5234,cff46468993417e62aaa9555e5b06195,['CASA E CONFORTO'],CASA E CONFORTO
5235,cff5d131d68af2eef5268034defe07ca,['BEBES'],BEBES
5236,cffc3fce7450b2db5f6294229289299b,"['ELETRONICOS,INFORMATICA E AUDIO']","ELETRONICOS,INFORMATICA E AUDIO"
5237,cffd2e0d6321d2d79aac6c8166a55085,['CASA E CONFORTO'],CASA E CONFORTO
5238,d00fc126358622ba5ae0ba1a334b3bc5,['ARTES E DECORACAO'],ARTES E DECORACAO
5239,d010facca14d57e997bf54e52f0ea03b,"['ELETRONICOS,INFORMATICA E AUDIO']","ELETRONICOS,INFORMATICA E AUDIO"
5240,d0269d8e6e340202e519f59cefeb094d,['MODA E BELEZA'],MODA E BELEZA
5241,d028930433677c26ca42772687789041,['BRINQUEDOS E LAZER'],BRINQUEDOS E LAZER
5242,d0368fa99cb0d8c87221ad122cfc24b5,['MOVEIS E ELETRODOMESTICOS'],MOVEIS E ELETRODOMESTICOS
5243,d038483af80789e9de38f63310a82f9c,['BRINQUEDOS E LAZER'],BRINQUEDOS E LAZER
5244,d05d5881240a2b6f02e90a83bddc85cd,['BRINQUEDOS E LAZER'],BRINQUEDOS E LAZER
5245,d066df43cd1f2f04cc57f289179dd234,['PET SHOP'],PET SHOP
5246,d071612bc42212e206ac393b52b1f457,['MOVEIS E ELETRODOMESTICOS'],MOVEIS E ELETRODOMESTICOS
5247,d079556268ebfb6ee516faac531c2f78,['ARTES E DECORACAO'],ARTES E DECORACAO
5248,d09430535a1c386621c95790a3bbc0dd,['BRINQUEDOS E LAZER'],BRINQUEDOS E LAZER
5249,d0951ca2244d54908c43b6de2aec3974,['CASA E CONFORTO'],CASA E CONFORTO
5250,d09937858506b4fd15ea217ad6c16a95,['FERRAMENTAS E CONSTRUCAO'],FERRAMENTAS E CONSTRUCAO
5251,d0a13158f5857572b99f8f9c6be9cfa5,['FERRAMENTAS E CONSTRUCAO'],FERRAMENTAS E CONSTRUCAO
5252,d0a3f2251346c62e270f1680cbac775d,['MODA E BELEZA'],MODA E BELEZA
5253,d0b446af99e79a960dd8c63777fc65df,['FERRAMENTAS E CONSTRUCAO'],FERRAMENTAS E CONSTRUCAO
5254,d0c6b8ee36354c87e501cc93b88dc057,['CASA E CONFORTO'],CASA E CONFORTO
5255,d0ddded2fb44f032154b6149cce5e2e6,['BRINQUEDOS E LAZER'],BRINQUEDOS E LAZER
5256,d0e36957b6d2a04cc21ba07f7bbad90a,['CASA E CONFORTO'],CASA E CONFORTO
5257,d0ea854aa5d2827dc112df0048f817b2,['FERRAMENTAS E CONSTRUCAO'],FERRAMENTAS E CONSTRUCAO
5258,d0fd9595949095f91592a79bd26a2126,['BEBES'],BEBES
5259,d1092f5c7d5bd489e3fe4c7d0746c2aa,['MODA E BELEZA'],MODA E BELEZA
5260,d115642fba3060e4082472bb2801b111,['CASA E CONFORTO'],CASA E CONFORTO
5261,d1158619ad4cc6e0de905250f28ade12,['CASA E CONFORTO'],CASA E CONFORTO
5262,d124af20920be41458d0325b9827df31,['AUTOMOTIVO'],AUTOMOTIVO
5263,d12938a56eae845fa37620309ec0eea6,['MOVEIS E ELETRODOMESTICOS'],MOVEIS E ELETRODOMESTICOS
5264,d129a390b12dad8097fca575b31aba6c,['MODA E BELEZA'],MODA E BELEZA
5265,d1322489f9218946b75ab9822e92157c,"['LIVROS, MUSICA E PAPELARIA']","LIVROS, MUSICA E PAPELARIA"
5266,d13f0023cb08bf6e41a2479ca897f64c,['CASA E CONFORTO'],CASA E CONFORTO
5267,d140e3b2c8717b000f1ea33c496480e8,['CASA E CONFORTO'],CASA E CONFORTO
5268,d153828b4671c4e7f706bf676b05eb67,"['AGRO, INDUSTRIA E NEGOCIOS']","AGRO, INDUSTRIA E NEGOCIOS"
5269,d1594d3b636b86cf4ce22e2ca650a55c,['CASA E CONFORTO'],CASA E CONFORTO
5270,d16b2207d93383dc91aa5da54cec3d0a,['CASA E CONFORTO'],CASA E CONFORTO
5271,d17cef1f461b1a777ffe306534d10b02,['ARTES E DECORACAO'],ARTES E DECORACAO
5272,d17f1a91c60b8fe9d060b2579f04fd0a,['ARTES E DECORACAO'],ARTES E DECORACAO
5273,d1872a759d4c1e5437aa708d64ff592c,"['ELETRONICOS,INFORMATICA E AUDIO']","ELETRONICOS,INFORMATICA E AUDIO"
5274,d1a9489720f6071530979a98e14b2772,['AUTOMOTIVO'],AUTOMOTIVO
5275,d1aa2409cda0cbe698a489a0f9364c2a,['MODA E BELEZA'],MODA E BELEZA
5276,d1ac79e195d42ffecfe5abe8428c6535,['CASA E CONFORTO'],CASA E CONFORTO
5277,d1b1a90a35eab67950b29a4a38f9a04c,['MOVEIS E ELETRODOMESTICOS'],MOVEIS E ELETRODOMESTICOS
5278,d1b62a5d2ca100631325506820830ec2,['MODA E BELEZA'],MODA E BELEZA
5279,d1bf35d75370a60c682bef1964a52443,['PET SHOP'],PET SHOP
5280,d1c6fa11a0fb958619647d438f9e4849,['CASA E CONFORTO'],CASA E CONFORTO
5281,d1e0427b410886678a52f73caa44e264,"['ELETRONICOS,INFORMATICA E AUDIO']","ELETRONICOS,INFORMATICA E AUDIO"
5282,d1e70a2caefe08771e0acbcf89df4900,"['LIVROS, MUSICA E PAPELARIA']","LIVROS, MUSICA E PAPELARIA"
5283,d1f789756b59a9fb40b3becadeac90e4,['AUTOMOTIVO'],AUTOMOTIVO
5284,d2142399ae9975a18c099e642c5e48f9,['MODA E BELEZA'],MODA E BELEZA
5285,d22e18fae4fa9ff5b0e28b9685e84365,['MOVEIS E ELETRODOMESTICOS'],MOVEIS E ELETRODOMESTICOS
5286,d22f0b06e1519065d7eddb2ba6b79b63,['FERRAMENTAS E CONSTRUCAO'],FERRAMENTAS E CONSTRUCAO
5287,d236cf5ba33b4dad75e39c1d080f536e,['MODA E BELEZA'],MODA E BELEZA
5288,d23957cc89dc81d6073de66716d2cf82,"['ELETRONICOS,INFORMATICA E AUDIO']","ELETRONICOS,INFORMATICA E AUDIO"
5289,d247ca22fce9ccacbc4adb556e4083f7,['BEBES'],BEBES
5290,d24e8541128cea179a11a65176e0a96f,['CASA E CONFORTO'],CASA E CONFORTO
5291,d2553946a905ea785bc3d4910cb10c4e,['FERRAMENTAS E CONSTRUCAO'],FERRAMENTAS E CONSTRUCAO
5292,d2578728ecc606f42c30e24e6ef79c90,['MODA E BELEZA'],MODA E BELEZA
5293,d2621e5ff64aedbbc297e323fc18bfe6,['MODA E BELEZA'],MODA E BELEZA
5294,d2724b0b7b8d7bbfa7d11f7415f5c551,['CASA E CONFORTO'],CASA E CONFORTO
5295,d28b9e0b37f4799ddad3d4599b1d160c,"['ELETRONICOS,INFORMATICA E AUDIO']","ELETRONICOS,INFORMATICA E AUDIO"
5296,d28fbd94b527be0512683c3e03aa37eb,['MOVEIS E ELETRODOMESTICOS'],MOVEIS E ELETRODOMESTICOS
5297,d2926e7840bb47e67fc52b79646cc2bb,['MODA E BELEZA'],MODA E BELEZA
5298,d2975b514d409e2944d8d63ec7156292,['FERRAMENTAS E CONSTRUCAO'],FERRAMENTAS E CONSTRUCAO
5299,d2a94b559b24b1de56f07450701095ff,"['ELETRONICOS,INFORMATICA E AUDIO']","ELETRONICOS,INFORMATICA E AUDIO"
5300,d2aefa1e404936eb9c5660ac2bde4ecb,"['ELETRONICOS,INFORMATICA E AUDIO']","ELETRONICOS,INFORMATICA E AUDIO"
5301,d2c57d721916c36343711be4e205ad5e,"['ELETRONICOS,INFORMATICA E AUDIO']","ELETRONICOS,INFORMATICA E AUDIO"
5302,d2cc32c3614a3446aef94cfc1ade79b3,"['ELETRONICOS,INFORMATICA E AUDIO']","ELETRONICOS,INFORMATICA E AUDIO"
5303,d2ccdd8d747d4abf9c77b65728010ca8,['BRINQUEDOS E LAZER'],BRINQUEDOS E LAZER
5304,d2ce7421730f81ac57551e623ed3522d,['CASA E CONFORTO'],CASA E CONFORTO
5305,d2cf258da81ae1043667e2f77c510deb,['MODA E BELEZA'],MODA E BELEZA
5306,d2d8c96cdc3a00c418d2a5539e598add,['MOVEIS E ELETRODOMESTICOS'],MOVEIS E ELETRODOMESTICOS
5307,d2dee958cbda7c87cbc097cf2f5f6c1e,['FERRAMENTAS E CONSTRUCAO'],FERRAMENTAS E CONSTRUCAO
5308,d2f4bbcf8e2d36f9e13fba6a75c7269a,['CASA E CONFORTO'],CASA E CONFORTO
5309,d2f8ef9dd1714fcac7de9f0aef13d21a,['MODA E BELEZA'],MODA E BELEZA
5310,d2fd9295960f8b867bbe434b2c9c7f42,['CASA E CONFORTO'],CASA E CONFORTO
5311,d30680568af2e9f0aeba3420292df26d,['MODA E BELEZA'],MODA E BELEZA
5312,d30c22b84ba5239f2ae0fc078be7611c,['MOVEIS E ELETRODOMESTICOS'],MOVEIS E ELETRODOMESTICOS
5313,d311155c38169d602c7337aba432ee01,['CASA E CONFORTO'],CASA E CONFORTO
5314,d31bf98bc1f5a409da2c22085a8a7140,['BRINQUEDOS E LAZER'],BRINQUEDOS E LAZER
5315,d3310038bbf991ce02501a51022f5283,['AUTOMOTIVO'],AUTOMOTIVO
5316,d340d7c22ff2502b0385a1bc50c83999,['BRINQUEDOS E LAZER'],BRINQUEDOS E LAZER
5317,d34b43bca6cc1cb6d49c06d6090770eb,['BRINQUEDOS E LAZER'],BRINQUEDOS E LAZER
5318,d34bae2145edd5228bf4d92832988284,['MOVEIS E ELETRODOMESTICOS'],MOVEIS E ELETRODOMESTICOS
5319,d34f01a9355c71adcc41fbc504e8609f,['CASA E CONFORTO'],CASA E CONFORTO
5320,d3537c571b02f225be1bc2d3b936beff,['CASA E CONFORTO'],CASA E CONFORTO
5321,d35c1cd70132b8215cbe4c943537d139,['CASA E CONFORTO'],CASA E CONFORTO
5322,d35fa2f0829d8cb22065f23bb19a6768,['BRINQUEDOS E LAZER'],BRINQUEDOS E LAZER
5323,d369d156735fab51bb2ef5c47e8d3e72,"['ELETRONICOS,INFORMATICA E AUDIO']","ELETRONICOS,INFORMATICA E AUDIO"
5324,d36ad3f4b22bb20d764f83cfe6ab045d,"['ELETRONICOS,INFORMATICA E AUDIO']","ELETRONICOS,INFORMATICA E AUDIO"
5325,d37222a038dff3570139ecf1b452dd3d,['MODA E BELEZA'],MODA E BELEZA
5326,d3775e436e60258e62e678a0f68a0f8d,['BRINQUEDOS E LAZER'],BRINQUEDOS E LAZER
5327,d3782eb2976abf986175941c51364aab,['BRINQUEDOS E LAZER' 'FERRAMENTAS E CONSTRUCAO'],Misto
5328,d3793d54f38c9790d5db6329288bfc76,['BEBES'],BEBES
5329,d37d89dd6d36e423ff7296dc9482c53e,['ARTES E DECORACAO'],ARTES E DECORACAO
5330,d37f1c9ea5fc235b81a0f3051d57b30b,['MOVEIS E ELETRODOMESTICOS'],MOVEIS E ELETRODOMESTICOS
5331,d38cfff41619a58ae9fb4bb3be5cdfa6,['CASA E CONFORTO'],CASA E CONFORTO
5332,d3920d21fca6f163bb21d3fbf37270a7,"['LIVROS, MUSICA E PAPELARIA']","LIVROS, MUSICA E PAPELARIA"
5333,d3aa5667ad65af7fa58a5481d0aff07a,['BRINQUEDOS E LAZER'],BRINQUEDOS E LAZER
5334,d3af2af4c9e5b37fbf3379cfd6d45b01,"['ELETRONICOS,INFORMATICA E AUDIO']","ELETRONICOS,INFORMATICA E AUDIO"
5335,d3b7594cc1a07125979df784dbec5c5e,"['ELETRONICOS,INFORMATICA E AUDIO']","ELETRONICOS,INFORMATICA E AUDIO"
5336,d3cb6dffcf96cec441e9f4bf3367d133,['CASA E CONFORTO'],CASA E CONFORTO
5337,d3e38f61c91f2cdbf65e9e2c025f34ea,['ARTES E DECORACAO'],ARTES E DECORACAO
5338,d3fdc781c4b06febef9311a7fcf93eb5,['MODA E BELEZA'],MODA E BELEZA
5339,d4005327f11da579bc626fa9c21518f3,"['ELETRONICOS,INFORMATICA E AUDIO']","ELETRONICOS,INFORMATICA E AUDIO"
5340,d4148052141383039b68bbb6bd525f3b,['MODA E BELEZA'],MODA E BELEZA
5341,d41e788456c003180df7deee0def224e,['CASA E CONFORTO'],CASA E CONFORTO
5342,d41eaefcbf24537ea6d79847d02a02f7,['PET SHOP'],PET SHOP
5343,d43e30d5d28bc173660aeae6559e535a,['MODA E BELEZA'],MODA E BELEZA
5344,d4501b76dceffd5cb10f4d720e6c3ff2,['MODA E BELEZA'],MODA E BELEZA
5345,d47221803d32f8f54b53694c19f0a368,['ARTES E DECORACAO'],ARTES E DECORACAO
5346,d483bb3f567fb6178f1c27240a01f44d,"['ELETRONICOS,INFORMATICA E AUDIO']","ELETRONICOS,INFORMATICA E AUDIO"
5347,d48a999f0dd3cb2fdaf985d4f116e1ec,"['LIVROS, MUSICA E PAPELARIA']","LIVROS, MUSICA E PAPELARIA"
5348,d49132be94be94057aadb0fdd665943b,['BRINQUEDOS E LAZER'],BRINQUEDOS E LAZER
5349,d4a55c0235e5b57bb0cc9939dcb321bb,"['ELETRONICOS,INFORMATICA E AUDIO']","ELETRONICOS,INFORMATICA E AUDIO"
5350,d4a78a98efe45057f41725b8cd358a18,['BEBES'],BEBES
5351,d4b97a63d751219f528e5c3067341564,['MODA E BELEZA'],MODA E BELEZA
5352,d4cc34ee536a5c492013d384f6348ec4,['MODA E BELEZA'],MODA E BELEZA
5353,d4d140e1cbc20856440a8343432848c4,['MOVEIS E ELETRODOMESTICOS'],MOVEIS E ELETRODOMESTICOS
5354,d4d70141598f959f855ea0b6266ca5c6,['FERRAMENTAS E CONSTRUCAO'],FERRAMENTAS E CONSTRUCAO
5355,d4e093fd69adbd71da43cf5f3bf204d4,['CASA E CONFORTO'],CASA E CONFORTO
5356,d4e413e096efb5d9b209b28ac79c62b7,['MOVEIS E ELETRODOMESTICOS'],MOVEIS E ELETRODOMESTICOS
5357,d5157e3d901001c846b12765379f95a8,['MODA E BELEZA'],MODA E BELEZA
5358,d52140bee663636aa4f6057e50bc06a3,['MODA E BELEZA'],MODA E BELEZA
5359,d5244670e213108e7d21f54a42548613,"['ELETRONICOS,INFORMATICA E AUDIO']","ELETRONICOS,INFORMATICA E AUDIO"
5360,d53539c07b0e0bb28c0468574526dc88,['FERRAMENTAS E CONSTRUCAO'],FERRAMENTAS E CONSTRUCAO
5361,d53fe820dc149e739012c03f9409f67a,"['LIVROS, MUSICA E PAPELARIA']","LIVROS, MUSICA E PAPELARIA"
5362,d555e208900fa538476880123fe0bf31,['CASA E CONFORTO'],CASA E CONFORTO
5363,d55cd104a6a05987a3b55d39c0e77995,['MODA E BELEZA'],MODA E BELEZA
5364,d55d7b1f89a06d58b4ee58e148dcbe4c,"['ELETRONICOS,INFORMATICA E AUDIO']","ELETRONICOS,INFORMATICA E AUDIO"
5365,d573a47c29466bb2e4e46aef0ff04f23,"['ELETRONICOS,INFORMATICA E AUDIO']","ELETRONICOS,INFORMATICA E AUDIO"
5366,d57afd1eb0696854d3351e5926aa9813,"['ELETRONICOS,INFORMATICA E AUDIO']","ELETRONICOS,INFORMATICA E AUDIO"
5367,d592b9dfd1c2dba8bbf5f398c6aaa65b,"['ELETRONICOS,INFORMATICA E AUDIO']","ELETRONICOS,INFORMATICA E AUDIO"
5368,d5a9c802f335dab69b88e69434d0dd43,['MODA E BELEZA'],MODA E BELEZA
5369,d5aa77f5eed8acdd598a687ccc27cfa8,['BEBES'],BEBES
5370,d5aeb56df77bc1d4b5ff5a069ca1830c,"['ELETRONICOS,INFORMATICA E AUDIO']","ELETRONICOS,INFORMATICA E AUDIO"
5371,d5af8fc30f7ecc4a1b23de7dc0377e9f,['MOVEIS E ELETRODOMESTICOS'],MOVEIS E ELETRODOMESTICOS
5372,d5b20c4d4aa379d9215dba07d60c7e24,['MODA E BELEZA'],MODA E BELEZA
5373,d5b6b10a0acfe51d85e7da606c4dd371,['CASA E CONFORTO'],CASA E CONFORTO
5374,d5bcb8f80071a67b57f191f45f7faf88,['BRINQUEDOS E LAZER'],BRINQUEDOS E LAZER
5375,d5c99387bb0975f7fd307eab0b02bd63,"['ELETRONICOS,INFORMATICA E AUDIO']","ELETRONICOS,INFORMATICA E AUDIO"
5376,d5d0a8a952a3b7592fe9d29bec801ca3,['FERRAMENTAS E CONSTRUCAO'],FERRAMENTAS E CONSTRUCAO
5377,d5d2ae369fe7ac6280ed401b33781e91,['BRINQUEDOS E LAZER'],BRINQUEDOS E LAZER
5378,d5d415a80776eabc101e98603d000455,['CASA E CONFORTO'],CASA E CONFORTO
5379,d5da3d3e9a68ba109b6f8f0d2ad567cf,['BRINQUEDOS E LAZER'],BRINQUEDOS E LAZER
5380,d5f143e9c159a5f1c33f7477c89db770,['FERRAMENTAS E CONSTRUCAO'],FERRAMENTAS E CONSTRUCAO
5381,d5fb6c4b88ed9fecd56a1debfa28c295,['CASA E CONFORTO'],CASA E CONFORTO
5382,d6027c4f8b46f61d7d4a2782b56e603d,['MODA E BELEZA'],MODA E BELEZA
5383,d60f3552bae079e5ca539727400d118e,['MODA E BELEZA'],MODA E BELEZA
5384,d61bffbc774423716f28903a5df2c4f8,"['ELETRONICOS,INFORMATICA E AUDIO']","ELETRONICOS,INFORMATICA E AUDIO"
5385,d61c0e8066e7a5a2e6071533b9efdd95,['ALIMENTOS'],ALIMENTOS
5386,d61c57ca1a55ced6197d4f0c6da594e8,['BEBES'],BEBES
5387,d61e965b73507ff3aae57337ec2f20ca,['MOVEIS E ELETRODOMESTICOS'],MOVEIS E ELETRODOMESTICOS
5388,d6352e09945d985e2d2ef82baed4cec0,"['ELETRONICOS,INFORMATICA E AUDIO']","ELETRONICOS,INFORMATICA E AUDIO"
5389,d6461ecc120609d0cef78fea638e47fe,['BRINQUEDOS E LAZER'],BRINQUEDOS E LAZER
5390,d6620af765cb60ea04b7cc1a22c37a0c,['MOVEIS E ELETRODOMESTICOS'],MOVEIS E ELETRODOMESTICOS
5391,d66690b9ba115c379910e119811db520,['BRINQUEDOS E LAZER'],BRINQUEDOS E LAZER
5392,d671370d11048a2dab56335d3d91823e,['BRINQUEDOS E LAZER'],BRINQUEDOS E LAZER
5393,d67f2941b4a27d61f6176446533e3766,"['LIVROS, MUSICA E PAPELARIA']","LIVROS, MUSICA E PAPELARIA"
5394,d692ef54145c9cb3322ec2e5508aa3f4,['MOVEIS E ELETRODOMESTICOS'],MOVEIS E ELETRODOMESTICOS
5395,d698f250537eaef39df378be5aae95f0,"['LIVROS, MUSICA E PAPELARIA']","LIVROS, MUSICA E PAPELARIA"
5396,d699f9002b554ba113242e137107125a,"['LIVROS, MUSICA E PAPELARIA']","LIVROS, MUSICA E PAPELARIA"
5397,d6a1d76fa4b149278faebfac03272bff,['CASA E CONFORTO'],CASA E CONFORTO
5398,d6a2e1d3b958b6c5cb3af6f1d4d4a203,['MOVEIS E ELETRODOMESTICOS'],MOVEIS E ELETRODOMESTICOS
5399,d6a55340021ebcaf3b321d5a34c6c31e,['MODA E BELEZA'],MODA E BELEZA
5400,d6a6ab6b5f102f746569eb2c620e8be6,['MODA E BELEZA'],MODA E BELEZA
5401,d6acdc262a2077df3faa69e3d3deca2b,['CASA E CONFORTO'],CASA E CONFORTO
5402,d6b11927bdeea5f5786a486aa301d183,"['ELETRONICOS,INFORMATICA E AUDIO']","ELETRONICOS,INFORMATICA E AUDIO"
5403,d6c877d8995925578fdeb1d186915549,['MOVEIS E ELETRODOMESTICOS'],MOVEIS E ELETRODOMESTICOS
5404,d6cb7abec3164d194483906f3702748a,['CASA E CONFORTO'],CASA E CONFORTO
5405,d6d47a77da8f82d0d6d55be296afce73,['AUTOMOTIVO'],AUTOMOTIVO
5406,d6e4c66836507e15b054fd436417a9d0,"['ELETRONICOS,INFORMATICA E AUDIO']","ELETRONICOS,INFORMATICA E AUDIO"
5407,d6e7d19f0fe4b6df00f3e0389d859e44,['BRINQUEDOS E LAZER'],BRINQUEDOS E LAZER
5408,d6f8b3535ac92252b48bd5e4c47a6593,['CASA E CONFORTO'],CASA E CONFORTO
5409,d6facb241e387bcff2026c6cc25eaf68,"['ELETRONICOS,INFORMATICA E AUDIO']","ELETRONICOS,INFORMATICA E AUDIO"
5410,d6ffe2b49a34a724f0b9bd6bb80529d2,['MODA E BELEZA'],MODA E BELEZA
5411,d71ddeb3600f197986283a88b7d360ca,['MODA E BELEZA'],MODA E BELEZA
5412,d725a73ed0e99e678f0a6862e3d09539,['CASA E CONFORTO'],CASA E CONFORTO
5413,d7299ed1ce267fef299fca83511a0e17,"['ELETRONICOS,INFORMATICA E AUDIO']","ELETRONICOS,INFORMATICA E AUDIO"
5414,d731191f76c39fe5c7d22edddb6836ba,['MOVEIS E ELETRODOMESTICOS'],MOVEIS E ELETRODOMESTICOS
5415,d7362aa5fe91fbcde99a34eb3f592a36,['CASA E CONFORTO'],CASA E CONFORTO
5416,d74791c08aaa52d2224fb2486e311413,['FERRAMENTAS E CONSTRUCAO'],FERRAMENTAS E CONSTRUCAO
5417,d748ba7c92c165252bd17cae1b93fd81,['CASA E CONFORTO'],CASA E CONFORTO
5418,d74c5191d69390293b9be9c2efaa8d38,['MODA E BELEZA'],MODA E BELEZA
5419,d75796c30863b988b36022bb5f1b8e16,['MODA E BELEZA'],MODA E BELEZA
5420,d75ec4cf8c3c2afb8cd60498e725dfe3,"['ELETRONICOS,INFORMATICA E AUDIO']","ELETRONICOS,INFORMATICA E AUDIO"
5421,d76b1c20f53889c519b279d714ddc647,['FERRAMENTAS E CONSTRUCAO'],FERRAMENTAS E CONSTRUCAO
5422,d76d4d90a253651a393ba10c27ebd2e8,['MODA E BELEZA'],MODA E BELEZA
5423,d7746bb26fc8c125b8f286378c23049d,['MODA E BELEZA'],MODA E BELEZA
5424,d77cf2f162aee9c140d2b98ed09019c9,['MODA E BELEZA'],MODA E BELEZA
5425,d784639512baf997ba554af514e51246,"['ELETRONICOS,INFORMATICA E AUDIO']","ELETRONICOS,INFORMATICA E AUDIO"
5426,d788474677e79e148bb5cf2c5f0f637a,['MOVEIS E ELETRODOMESTICOS'],MOVEIS E ELETRODOMESTICOS
5427,d78f157135db9ba4f043330c2b62dfb4,"['ELETRONICOS,INFORMATICA E AUDIO']","ELETRONICOS,INFORMATICA E AUDIO"
5428,d7918e406132d7c81f1b845276b03a3b,['MOVEIS E ELETRODOMESTICOS'],MOVEIS E ELETRODOMESTICOS
5429,d79c75050fb130c942055bff27c1be5a,['FERRAMENTAS E CONSTRUCAO'],FERRAMENTAS E CONSTRUCAO
5430,d7a2c0c1ff66b314f3bf166fb4157fd4,"['AGRO, INDUSTRIA E NEGOCIOS']","AGRO, INDUSTRIA E NEGOCIOS"
5431,d7b5d2ab1f5ac54aebca769d1d8f8a44,['BRINQUEDOS E LAZER'],BRINQUEDOS E LAZER
5432,d7d4afc3fb829c97bf4669cec420064e,['MODA E BELEZA'],MODA E BELEZA
5433,d7d9b2d3d6316241ec880b97446b797e,"['ELETRONICOS,INFORMATICA E AUDIO']","ELETRONICOS,INFORMATICA E AUDIO"
5434,d7f0f03f8aff02c307964f1ecb044a5f,['BRINQUEDOS E LAZER'],BRINQUEDOS E LAZER
5435,d7f99a9d27a65a88e4aba096e5ba4a47,"['ELETRONICOS,INFORMATICA E AUDIO']","ELETRONICOS,INFORMATICA E AUDIO"
5436,d807318c6ed8193c569cad0f755131fa,['MODA E BELEZA'],MODA E BELEZA
5437,d813035bf048e38cbc188dec25b228c9,['MODA E BELEZA'],MODA E BELEZA
5438,d828baeaa3a4bf3f9f4e239432e1987b,['BRINQUEDOS E LAZER'],BRINQUEDOS E LAZER
5439,d83e73ca49e7e9ec7ba0154139858fc8,['MODA E BELEZA'],MODA E BELEZA
5440,d83ed20d296bdd288f45b29843643bc9,"['ELETRONICOS,INFORMATICA E AUDIO']","ELETRONICOS,INFORMATICA E AUDIO"
5441,d84ff9150e7677a1de43990fff1868ef,['MOVEIS E ELETRODOMESTICOS'],MOVEIS E ELETRODOMESTICOS
5442,d8541096e0d84a41ea8e5761296a7ab9,['FERRAMENTAS E CONSTRUCAO'],FERRAMENTAS E CONSTRUCAO
5443,d860631771a39cab8dbd1fd3c9d9b46b,['MODA E BELEZA'],MODA E BELEZA
5444,d8734ba226623cf1c86b3cce8cbffa78,['FERRAMENTAS E CONSTRUCAO'],FERRAMENTAS E CONSTRUCAO
5445,d877555d54e7b6c523dce69ff6eed257,['CASA E CONFORTO'],CASA E CONFORTO
5446,d87b1839583018f4810f6dc5b3a273e8,['BRINQUEDOS E LAZER'],BRINQUEDOS E LAZER
5447,d883754340c635b6b1946e3db8b33ceb,['MOVEIS E ELETRODOMESTICOS'],MOVEIS E ELETRODOMESTICOS
5448,d8871dabf991b93f323970274f492e85,"['LIVROS, MUSICA E PAPELARIA']","LIVROS, MUSICA E PAPELARIA"
5449,d8874b1e052a1771375e5b95b0b739ca,['FERRAMENTAS E CONSTRUCAO'],FERRAMENTAS E CONSTRUCAO
5450,d889a5c3c332cab5d493b0bdd9b8d295,['MOVEIS E ELETRODOMESTICOS'],MOVEIS E ELETRODOMESTICOS
5451,d88e0d5fa41661ce03cf6cf336527646,['BRINQUEDOS E LAZER'],BRINQUEDOS E LAZER
5452,d8970edba4396fca8d53449f1942a530,['ARTES E DECORACAO'],ARTES E DECORACAO
5453,d89d67960e5c163e8afc1d83cf53db77,['MODA E BELEZA'],MODA E BELEZA
5454,d8b354d53fff40dcc80a7e64dbfc2878,['AUTOMOTIVO'],AUTOMOTIVO
5455,d8b396712d55ccad35aa9a1391aa74a1,['AUTOMOTIVO'],AUTOMOTIVO
5456,d8b57220afe3f1416bb889cc0e61aa67,"['ELETRONICOS,INFORMATICA E AUDIO']","ELETRONICOS,INFORMATICA E AUDIO"
5457,d8c26c70018f669b95557792546bc4dc,['MODA E BELEZA'],MODA E BELEZA
5458,d8c441318d48082352e8592142db807c,['CASA E CONFORTO'],CASA E CONFORTO
5459,d8d7542ef46c4b0c88f0f51efa97268a,['FERRAMENTAS E CONSTRUCAO'],FERRAMENTAS E CONSTRUCAO
5460,d8dbb44d7c5b1fd8e7f41b49e27053d7,['CASA E CONFORTO'],CASA E CONFORTO
5461,d8e82d1f482cdb6ddce0701ace3bc6c8,['MOVEIS E ELETRODOMESTICOS'],MOVEIS E ELETRODOMESTICOS
5462,d8ef09348b56313fe0bed98e79378ea2,['FERRAMENTAS E CONSTRUCAO'],FERRAMENTAS E CONSTRUCAO
5463,d8f4ac2b5cf577657a2165a7c75857ff,['CASA E CONFORTO'],CASA E CONFORTO
5464,d8f68e0ae10289264edb3f3bf8cac054,"['ELETRONICOS,INFORMATICA E AUDIO']","ELETRONICOS,INFORMATICA E AUDIO"
5465,d905856c062516e1bd43377034e5c615,['MODA E BELEZA'],MODA E BELEZA
5466,d908de4c1a0a5ef56f75e404abb7ee10,['CASA E CONFORTO'],CASA E CONFORTO
5467,d90bb9bb62261c6f02505180307b479b,"['ELETRONICOS,INFORMATICA E AUDIO']","ELETRONICOS,INFORMATICA E AUDIO"
5468,d90d49263be4b2c4af68184313640fa6,"['ELETRONICOS,INFORMATICA E AUDIO']","ELETRONICOS,INFORMATICA E AUDIO"
5469,d91340e9348bc8b0e4971c128f2c0254,['MODA E BELEZA'],MODA E BELEZA
5470,d916aef37da586876fc49a24ecc609e8,['MODA E BELEZA'],MODA E BELEZA
5471,d9184093392a8a7af118edd2a5c9aabc,['CASA E CONFORTO'],CASA E CONFORTO
5472,d9206b6df475ed69a1f7de7ecc2d9401,['MODA E BELEZA'],MODA E BELEZA
5473,d9237a626ce181c849177a05d3e863f2,"['ELETRONICOS,INFORMATICA E AUDIO']","ELETRONICOS,INFORMATICA E AUDIO"
5474,d9374184c685550085112ae190d8f9c0,['AUTOMOTIVO'],AUTOMOTIVO
5475,d93a680cc497c0df20ea2023a89dc68e,['CASA E CONFORTO'],CASA E CONFORTO
5476,d9426f18fc5bcdadd300db98a31fe40b,['PET SHOP'],PET SHOP
5477,d949d786471f33d1aab24d9818b79061,['MODA E BELEZA'],MODA E BELEZA
5478,d95dc7171d00d08c5e2c57e693161db7,"['ELETRONICOS,INFORMATICA E AUDIO']","ELETRONICOS,INFORMATICA E AUDIO"
5479,d96dd69ac1c031310e28e40e22130149,['FERRAMENTAS E CONSTRUCAO'],FERRAMENTAS E CONSTRUCAO
5480,d9877e15acab7084c36ddb2cdc47cbc5,['MOVEIS E ELETRODOMESTICOS'],MOVEIS E ELETRODOMESTICOS
5481,d9985b5e60fcad79a6e2eed78bafedf4,['MOVEIS E ELETRODOMESTICOS'],MOVEIS E ELETRODOMESTICOS
5482,d99b8ff94ddb329c1d7e03ab9d9019e3,['CASA E CONFORTO'],CASA E CONFORTO
5483,d99ec4acbeb86fccf934f257ebd6baa3,['MODA E BELEZA'],MODA E BELEZA
5484,d9bc6265a0fd5fd74e4c1db0ee72d753,['MODA E BELEZA'],MODA E BELEZA
5485,d9c97ab2098fe0b71eb51aa660f74fe2,['AUTOMOTIVO'],AUTOMOTIVO
5486,d9d4a02bb9f1087deec1dae728740cdb,['BEBES'],BEBES
5487,d9d8694b11dccc4257dd55bd6744f0f1,['MODA E BELEZA'],MODA E BELEZA
5488,d9e5305b48eff370ffafa031d6027518,['BRINQUEDOS E LAZER'],BRINQUEDOS E LAZER
5489,d9ed7b8cfe99da8442618eabb0f9997c,['MODA E BELEZA'],MODA E BELEZA
5490,d9f2ee12d57f465026b7dd57c016c8bf,['MOVEIS E ELETRODOMESTICOS'],MOVEIS E ELETRODOMESTICOS
5491,da0686c22c00de36d95422798bdd9cde,['MODA E BELEZA'],MODA E BELEZA
5492,da1e438a39bc8b47403207e4c043594d,['FERRAMENTAS E CONSTRUCAO'],FERRAMENTAS E CONSTRUCAO
5493,da2473475b308a32775353337f5c3c6d,['MODA E BELEZA'],MODA E BELEZA
5494,da335e512c5172e253ee80cb42acf8aa,"['ELETRONICOS,INFORMATICA E AUDIO']","ELETRONICOS,INFORMATICA E AUDIO"
5495,da33789924d00b4f90906b4b94e70fe4,['MODA E BELEZA'],MODA E BELEZA
5496,da33da7f6eb79be4440ac5c606d6848a,['MODA E BELEZA'],MODA E BELEZA
5497,da406f1574c350c0e265dfa4afa6044b,['BRINQUEDOS E LAZER'],BRINQUEDOS E LAZER
5498,da6ff5aa71571cace6a438da4aff0326,"['ELETRONICOS,INFORMATICA E AUDIO']","ELETRONICOS,INFORMATICA E AUDIO"
5499,da708bf3b3d18eabce89e0b1d84588d6,['AUTOMOTIVO'],AUTOMOTIVO
5500,da8be3bb62e9bf01e2e1a3bfd74ebd1a,['FERRAMENTAS E CONSTRUCAO'],FERRAMENTAS E CONSTRUCAO
5501,da9234ffa7ba40ffe7d4c1e9f48b8d39,"['ELETRONICOS,INFORMATICA E AUDIO']","ELETRONICOS,INFORMATICA E AUDIO"
5502,da9d5d868a28b17116214d1240c22837,"['ELETRONICOS,INFORMATICA E AUDIO']","ELETRONICOS,INFORMATICA E AUDIO"
5503,dac20199c3b53e630f19bf3dc1744bba,['MODA E BELEZA'],MODA E BELEZA
5504,dac3a461489588cac0ab57343d625915,['CASA E CONFORTO'],CASA E CONFORTO
5505,dacb5451d8212730dc1a84aa53330a58,['CASA E CONFORTO'],CASA E CONFORTO
5506,dacbba6fa0fb5bbe678d0d3007b0be10,['BRINQUEDOS E LAZER'],BRINQUEDOS E LAZER
5507,dace50b472dbb4c65b72b71fc8f60c86,['BEBES'],BEBES
5508,dad7fd1c4434137c836f09ae15ec86a4,"['ELETRONICOS,INFORMATICA E AUDIO']","ELETRONICOS,INFORMATICA E AUDIO"
5509,dad86956863b4f2c6744baf0b3989a8a,"['ELETRONICOS,INFORMATICA E AUDIO']","ELETRONICOS,INFORMATICA E AUDIO"
5510,daed0f3aefd193de33c31e21b16a3b3a,['CASA E CONFORTO'],CASA E CONFORTO
5511,db0739bf37fcce80c6016745316101dd,['CASA E CONFORTO'],CASA E CONFORTO
5512,db10e5b34779ebe39e1bc929469eb841,['BRINQUEDOS E LAZER'],BRINQUEDOS E LAZER
5513,db1ae8f588760472271b496a2459ba6c,['BRINQUEDOS E LAZER'],BRINQUEDOS E LAZER
5514,db20f0c71fd126ce34d0b209e634f3d7,['FERRAMENTAS E CONSTRUCAO'],FERRAMENTAS E CONSTRUCAO
5515,db22f279752a5ef41428982b9a7ba8c3,"['ELETRONICOS,INFORMATICA E AUDIO']","ELETRONICOS,INFORMATICA E AUDIO"
5516,db29fa675e3fb38dc9f16106b18a43f8,['MODA E BELEZA'],MODA E BELEZA
5517,db2c7430f7ab0de1860b953f210f67c5,['MODA E BELEZA'],MODA E BELEZA
5518,db2dee8ce25524ad8374fa6d1b11849b,['BRINQUEDOS E LAZER'],BRINQUEDOS E LAZER
5519,db2e05029f564b8953ddf3766e3b99f5,['BRINQUEDOS E LAZER'],BRINQUEDOS E LAZER
5520,db2f0b731c53190c15527344d01f22f8,"['ELETRONICOS,INFORMATICA E AUDIO']","ELETRONICOS,INFORMATICA E AUDIO"
5521,db52d0bad6e4192503aaeea87004ed6a,"['ELETRONICOS,INFORMATICA E AUDIO']","ELETRONICOS,INFORMATICA E AUDIO"
5522,db56f4c0b87585abfe200b7ed15437d1,['MODA E BELEZA'],MODA E BELEZA
5523,db594d5ffa3060a8a682a7057a904f29,['BRINQUEDOS E LAZER'],BRINQUEDOS E LAZER
5524,db5f60962b917b4dd9d73efd3e121ff6,['MODA E BELEZA'],MODA E BELEZA
5525,db627a1f4bb56a7887ec7709535da727,"['ELETRONICOS,INFORMATICA E AUDIO']","ELETRONICOS,INFORMATICA E AUDIO"
5526,db70f8a5634ca9a20586be3dec6ad653,"['ELETRONICOS,INFORMATICA E AUDIO']","ELETRONICOS,INFORMATICA E AUDIO"
5527,db72d4b9dccc8768cb8691e888ae7f5f,['ARTES E DECORACAO'],ARTES E DECORACAO
5528,db73b0bf183667da81ff755fd5ab1228,"['ELETRONICOS,INFORMATICA E AUDIO']","ELETRONICOS,INFORMATICA E AUDIO"
5529,db747e7d69671f32e8e4ea7fdc1266ed,"['ELETRONICOS,INFORMATICA E AUDIO']","ELETRONICOS,INFORMATICA E AUDIO"
5530,db84f5852687abdb7f384d5ea4b638c9,['MODA E BELEZA'],MODA E BELEZA
5531,db91650415685ed0ea57e9d3e47bf887,['MOVEIS E ELETRODOMESTICOS'],MOVEIS E ELETRODOMESTICOS
5532,db9184ca76c81f6e6f102cda2b30e12f,['MODA E BELEZA'],MODA E BELEZA
5533,dbb56a8ecf60edb17a584daea927824a,"['ELETRONICOS,INFORMATICA E AUDIO']","ELETRONICOS,INFORMATICA E AUDIO"
5534,dbb786efd821d7f903d79cb502ba3083,['MOVEIS E ELETRODOMESTICOS'],MOVEIS E ELETRODOMESTICOS
5535,dbc097913df341f30b9f9e92f459cee2,['MODA E BELEZA'],MODA E BELEZA
5536,dbd10344065568345dadbd904bb51dc1,['CASA E CONFORTO'],CASA E CONFORTO
5537,dbd12212946ea52dc83895cb27918987,['CASA E CONFORTO'],CASA E CONFORTO
5538,dbe7275504c44f616bb3af98bcf94819,"['ELETRONICOS,INFORMATICA E AUDIO']","ELETRONICOS,INFORMATICA E AUDIO"
5539,dbeb15c52e114604b6f96141f354fbc6,['MODA E BELEZA'],MODA E BELEZA
5540,dbf2c0164b592abca90f6c6817f37a9b,['ARTES E DECORACAO'],ARTES E DECORACAO
5541,dbf84a758b184e6b2db6068e7cda2a11,['MODA E BELEZA'],MODA E BELEZA
5542,dbf97707cd97d5209511c307f315a361,['BRINQUEDOS E LAZER'],BRINQUEDOS E LAZER
5543,dc0265afb5f2ff28de815a866decb5ca,['MODA E BELEZA'],MODA E BELEZA
5544,dc03cba6a1d6cf5c28d1fde5dab9a0bd,['AUTOMOTIVO'],AUTOMOTIVO
5545,dc17a6461db14f3625728b10493ef332,['MODA E BELEZA'],MODA E BELEZA
5546,dc17c17282032d56b1ca7dfbb291cf07,['CASA E CONFORTO'],CASA E CONFORTO
5547,dc2c80fa5a4e2aa29182d399748d548b,['BRINQUEDOS E LAZER'],BRINQUEDOS E LAZER
5548,dc32acbe8d41196887e5d7ac6c2972bd,['MODA E BELEZA'],MODA E BELEZA
5549,dc35d914cb83cf05c85cdceb99c77989,['MODA E BELEZA'],MODA E BELEZA
5550,dc39d8fbbdc748fe466dd8af6bec5b6d,"['ELETRONICOS,INFORMATICA E AUDIO']","ELETRONICOS,INFORMATICA E AUDIO"
5551,dc427026beaee4c2f8944943cd8f33f1,['CASA E CONFORTO'],CASA E CONFORTO
5552,dc440c380cdaca851d50b4babb763a82,"['ELETRONICOS,INFORMATICA E AUDIO']","ELETRONICOS,INFORMATICA E AUDIO"
5553,dc53168ed84c77eb9eb18a8026bc393b,['MODA E BELEZA'],MODA E BELEZA
5554,dc5ba59adf78a3c3f5707f5bc83ca234,['MODA E BELEZA'],MODA E BELEZA
5555,dc5cb627d7efea62719ee5d36aa9254b,['MODA E BELEZA'],MODA E BELEZA
5556,dc66d93a6a91154ab8dd2e7779e9a1ac,['BRINQUEDOS E LAZER'],BRINQUEDOS E LAZER
5557,dc771d8720de3625596eb0b0fa043528,"['LIVROS, MUSICA E PAPELARIA']","LIVROS, MUSICA E PAPELARIA"
5558,dc7be79976943eeae2bd3e4530b511fd,['MODA E BELEZA'],MODA E BELEZA
5559,dc95c77dd5f88e79576808b9ed5e4df3,['BEBES'],BEBES
5560,dc9b5b176c87f1c3bc2d69b282873d5b,['CASA E CONFORTO'],CASA E CONFORTO
5561,dca63e525f9401c2d75b39006727511b,['BRINQUEDOS E LAZER'],BRINQUEDOS E LAZER
5562,dcb56bf601ec6f24940b3b1ab0aa5e2e,['CASA E CONFORTO'],CASA E CONFORTO
5563,dcbec508f4fc195063833b2054995d32,['MODA E BELEZA'],MODA E BELEZA
5564,dcc07c60d0b67d006e3b736ed1c75e69,"['ELETRONICOS,INFORMATICA E AUDIO']","ELETRONICOS,INFORMATICA E AUDIO"
5565,dcc806fad366274f6fbfc81da473b307,['CASA E CONFORTO'],CASA E CONFORTO
5566,dcc97daebf3b61efe164a8e507c677d1,['MODA E BELEZA'],MODA E BELEZA
5567,dcd299f4c7a32656bc0f15b81c7cfa39,['BRINQUEDOS E LAZER'],BRINQUEDOS E LAZER
5568,dcddaf0d2359e8b282ad24f1d84857bc,['ARTES E DECORACAO'],ARTES E DECORACAO
5569,dce46d381e2e85296ceba3ffbbe234b8,['ARTES E DECORACAO'],ARTES E DECORACAO
5570,dceea990c8cf652d8a6abcb265f27301,"['ELETRONICOS,INFORMATICA E AUDIO']","ELETRONICOS,INFORMATICA E AUDIO"
5571,dd013805a824a02edd2301fd442a1c1b,['BRINQUEDOS E LAZER'],BRINQUEDOS E LAZER
5572,dd04e5bf2ed0f48d340eb1b2820dcb7b,['MODA E BELEZA'],MODA E BELEZA
5573,dd0bea5264dc96c52500ff22a23655e8,['CASA E CONFORTO'],CASA E CONFORTO
5574,dd1e6c3ec773916f8f48f7401beefc6a,['MOVEIS E ELETRODOMESTICOS'],MOVEIS E ELETRODOMESTICOS
5575,dd445195b0424460abe3fe3bf4497228,"['ELETRONICOS,INFORMATICA E AUDIO']","ELETRONICOS,INFORMATICA E AUDIO"
5576,dd501072091c950a1e6bb5ea9182df2a,['BRINQUEDOS E LAZER'],BRINQUEDOS E LAZER
5577,dd5419332273c31581ae758c74874997,['CASA E CONFORTO'],CASA E CONFORTO
5578,dd5d0d5c3c3b67e1e49686ecc9b692fc,['MOVEIS E ELETRODOMESTICOS'],MOVEIS E ELETRODOMESTICOS
5579,dd67b7acc6c65e92fd2db3c8afd56b2c,['MODA E BELEZA'],MODA E BELEZA
5580,dd6ce2ca4b4f2f7b5698be76252d4c8e,"['ELETRONICOS,INFORMATICA E AUDIO']","ELETRONICOS,INFORMATICA E AUDIO"
5581,dd6ee4d96f0f3cf1432c3b82818e0387,['CASA E CONFORTO'],CASA E CONFORTO
5582,dd787ad9c97e5504d6ea0bd294906902,['MOVEIS E ELETRODOMESTICOS'],MOVEIS E ELETRODOMESTICOS
5583,dd8a350a80cdda9148a3c806549d2720,['CASA E CONFORTO'],CASA E CONFORTO
5584,dd9ab4c3632ba0320014ad633ea52470,['MODA E BELEZA'],MODA E BELEZA
5585,dda2dbc7b1340a2c9f8743feb8cbc432,['CASA E CONFORTO'],CASA E CONFORTO
5586,dda7f5aa048d24b2d639d470786b0564,['BRINQUEDOS E LAZER'],BRINQUEDOS E LAZER
5587,ddb831adbe504c02601f03328420af4d,"['ELETRONICOS,INFORMATICA E AUDIO']","ELETRONICOS,INFORMATICA E AUDIO"
5588,ddc162708923f29398f06661ac27c18a,['MODA E BELEZA'],MODA E BELEZA
5589,ddcdf215808306b8919f3cab54d88247,['BRINQUEDOS E LAZER'],BRINQUEDOS E LAZER
5590,dddd54d8113f120fbbbbe593502a2d47,['AUTOMOTIVO'],AUTOMOTIVO
5591,de0076b42a023f53b398ce9ab0d9009c,['MOVEIS E ELETRODOMESTICOS'],MOVEIS E ELETRODOMESTICOS
5592,de09bc4ff6a9de96b6895cd565f80e69,"['ELETRONICOS,INFORMATICA E AUDIO']","ELETRONICOS,INFORMATICA E AUDIO"
5593,de0d2b20f954a9610c624bd2706ca857,['MODA E BELEZA'],MODA E BELEZA
5594,de2198669f76c1dbd0d137f101a7d6f0,"['ELETRONICOS,INFORMATICA E AUDIO']","ELETRONICOS,INFORMATICA E AUDIO"
5595,de4958b5bf2da2859150af8192c3a3d0,['MODA E BELEZA'],MODA E BELEZA
5596,de4d7dbc75ae286c83ca660d77ac9f77,['MOVEIS E ELETRODOMESTICOS'],MOVEIS E ELETRODOMESTICOS
5597,de4f4689e7aef3a0fb87f25f66825abb,"['LIVROS, MUSICA E PAPELARIA']","LIVROS, MUSICA E PAPELARIA"
5598,de658852c7c4ebef68f148bdd87fbf41,"['ELETRONICOS,INFORMATICA E AUDIO']","ELETRONICOS,INFORMATICA E AUDIO"
5599,de65887c84d470bbd06abf600e7c7a62,['MODA E BELEZA'],MODA E BELEZA
5600,de74cb2fd733e35659ccfebf498ca02b,"['LIVROS, MUSICA E PAPELARIA']","LIVROS, MUSICA E PAPELARIA"
5601,de859e22b1ba2980cdd352637fb1ab0a,['BEBES'],BEBES
5602,de87be44e83ebc323acd6d4caec3ca57,['CASA E CONFORTO'],CASA E CONFORTO
5603,de8a2818f7fe963e53d394e7848bc9b2,"['LIVROS, MUSICA E PAPELARIA']","LIVROS, MUSICA E PAPELARIA"
5604,de92a2b76032cad82c67bdeda8f8b8de,['AUTOMOTIVO'],AUTOMOTIVO
5605,de969b697705a8e3239d2f760c644c8a,['MODA E BELEZA'],MODA E BELEZA
5606,de99d6864fd63eb9c2efdcf1432b5140,['CASA E CONFORTO'],CASA E CONFORTO
5607,dea56b3893564838aa0a8b56394f46a4,['BEBES'],BEBES
5608,deb3c789caa8b0587a5117cba27cd8b9,['MODA E BELEZA'],MODA E BELEZA
5609,deb46eedbf903626782bcc806f26df87,['CASA E CONFORTO'],CASA E CONFORTO
5610,debba1cc1685803f891dc845be9f9119,['CASA E CONFORTO'],CASA E CONFORTO
5611,dec16faa1b0d9cf85ae3630def401cfb,['ARTES E DECORACAO'],ARTES E DECORACAO
5612,dedfae6510ab02ac08526276e245e006,['BEBES'],BEBES
5613,defa53bfb8de9da3857ed69277b54d10,['ARTES E DECORACAO'],ARTES E DECORACAO
5614,df0a2eff6f0fc7262189d138f3defa0b,['MODA E BELEZA'],MODA E BELEZA
5615,df0bb4e3a5f6d5151441f441a58aa806,['MOVEIS E ELETRODOMESTICOS'],MOVEIS E ELETRODOMESTICOS
5616,df10d0bdfbbb6fb8e810bc327037518d,"['LIVROS, MUSICA E PAPELARIA']","LIVROS, MUSICA E PAPELARIA"
5617,df125b2cdede89b0ff68ccfb07682470,['FERRAMENTAS E CONSTRUCAO'],FERRAMENTAS E CONSTRUCAO
5618,df13face66b9408cd07ec0e5d9400668,"['ELETRONICOS,INFORMATICA E AUDIO']","ELETRONICOS,INFORMATICA E AUDIO"
5619,df156891939f37c451dfa81e3e724540,"['ELETRONICOS,INFORMATICA E AUDIO']","ELETRONICOS,INFORMATICA E AUDIO"
5620,df1673f73c6ab875ce62808a1e5e460b,['MODA E BELEZA'],MODA E BELEZA
5621,df1b378ac0b21d71ef1e642971d31530,['MOVEIS E ELETRODOMESTICOS'],MOVEIS E ELETRODOMESTICOS
5622,df207fc4a11e0b1988a438d86ccb3c1f,"['ELETRONICOS,INFORMATICA E AUDIO']","ELETRONICOS,INFORMATICA E AUDIO"
5623,df2b5e7523f6848076e498618e1a00d6,['MODA E BELEZA'],MODA E BELEZA
5624,df30286452a2054192bfb48c75e6287b,['CASA E CONFORTO'],CASA E CONFORTO
5625,df53ed4b08a845497e1f9aafa11fb2a4,"['ELETRONICOS,INFORMATICA E AUDIO']","ELETRONICOS,INFORMATICA E AUDIO"
5626,df5c9b471c8cb2bf4fd5d986d8811ed1,"['ELETRONICOS,INFORMATICA E AUDIO']","ELETRONICOS,INFORMATICA E AUDIO"
5627,df61cd26aece2f40eb66883de3a81e1f,['BRINQUEDOS E LAZER'],BRINQUEDOS E LAZER
5628,df65602000ffdf593af0979d8c8a8544,['MODA E BELEZA'],MODA E BELEZA
5629,df6d8b7768a047c2981bae0a24afbb01,"['ELETRONICOS,INFORMATICA E AUDIO']","ELETRONICOS,INFORMATICA E AUDIO"
5630,df7cfd00c1cf356a025d85b77e1121bc,['BRINQUEDOS E LAZER'],BRINQUEDOS E LAZER
5631,df81dcb40098fb783a6525fa2f868bc9,['ARTES E DECORACAO'],ARTES E DECORACAO
5632,df9eb91b90f72e0b73a3b71466a9a44f,['MODA E BELEZA'],MODA E BELEZA
5633,dfa6eead1006319e9774de25417757a7,['CASA E CONFORTO'],CASA E CONFORTO
5634,dfa7d326a489fe0c01a652351a552b43,['MODA E BELEZA'],MODA E BELEZA
5635,dfb10cbc46a4cb952de477a6ea509dfd,['MODA E BELEZA'],MODA E BELEZA
5636,dfb7ad2750d51f15a654d8734414a6f4,"['ELETRONICOS,INFORMATICA E AUDIO']","ELETRONICOS,INFORMATICA E AUDIO"
5637,dfd392778e7a38df71de5abb039ed533,['CASA E CONFORTO'],CASA E CONFORTO
5638,dfe27a883f9272758eb75f9ac80c1812,['MOVEIS E ELETRODOMESTICOS'],MOVEIS E ELETRODOMESTICOS
5639,dfe5f68118c2576143240b8d78e5940a,['MOVEIS E ELETRODOMESTICOS'],MOVEIS E ELETRODOMESTICOS
5640,e006d85a5a918d5695190c08c923eadb,['BRINQUEDOS E LAZER'],BRINQUEDOS E LAZER
5641,e0100dc88768c6ca8b1b419fde8a50fb,['MODA E BELEZA'],MODA E BELEZA
5642,e02abba86c2340a09ce002e3dcff5229,['MODA E BELEZA'],MODA E BELEZA
5643,e02d61b42452cc6737650331d8bc8ad7,['MODA E BELEZA'],MODA E BELEZA
5644,e030f5da42afc3b5b81b24d7c4d1bcb0,"['ELETRONICOS,INFORMATICA E AUDIO']","ELETRONICOS,INFORMATICA E AUDIO"
5645,e031b115c17b49bdf313c9150d4cfdb0,['MOVEIS E ELETRODOMESTICOS'],MOVEIS E ELETRODOMESTICOS
5646,e032067cbea43b5e3d9a4c1ebec40f3d,['MOVEIS E ELETRODOMESTICOS'],MOVEIS E ELETRODOMESTICOS
5647,e039f5e97da2cafaa001b4be0efa36ea,['FERRAMENTAS E CONSTRUCAO'],FERRAMENTAS E CONSTRUCAO
5648,e0429c361ab5500f38ecdc7a37f99955,['MODA E BELEZA'],MODA E BELEZA
5649,e06b4a36b87fa33d65f03cc6b3108d1f,['MODA E BELEZA'],MODA E BELEZA
5650,e072ad0e4dabf06b9e381c614c27c903,"['ELETRONICOS,INFORMATICA E AUDIO']","ELETRONICOS,INFORMATICA E AUDIO"
5651,e0751bde470ca1e50b59a49b0d3d8fb6,['MOVEIS E ELETRODOMESTICOS'],MOVEIS E ELETRODOMESTICOS
5652,e077d52f6cbef7bb5e3e3e147e44a189,['BRINQUEDOS E LAZER'],BRINQUEDOS E LAZER
5653,e07857247dc486cab4563ffb9d9aeba1,['MODA E BELEZA'],MODA E BELEZA
5654,e083c10e9dd625b9ce09aff04e0d54a7,['CASA E CONFORTO'],CASA E CONFORTO
5655,e0a50ed7a5ce30e34da29ca222748a5c,['PET SHOP'],PET SHOP
5656,e0bacd42e5f8077488c0a9f4dcfe66da,['MOVEIS E ELETRODOMESTICOS'],MOVEIS E ELETRODOMESTICOS
5657,e0be013981866fa58c41c93cab57594a,"['ELETRONICOS,INFORMATICA E AUDIO']","ELETRONICOS,INFORMATICA E AUDIO"
5658,e0d2a8f85504cc90d52a2ca9a8e64f28,['ARTES E DECORACAO'],ARTES E DECORACAO
5659,e0d821e9ff2e0fc0823d159792d9a2e6,"['ELETRONICOS,INFORMATICA E AUDIO']","ELETRONICOS,INFORMATICA E AUDIO"
5660,e1017b936851c9cfe214af471fa314ac,"['ELETRONICOS,INFORMATICA E AUDIO']","ELETRONICOS,INFORMATICA E AUDIO"
5661,e102b2494339fab55c3daf18187409a6,"['ELETRONICOS,INFORMATICA E AUDIO']","ELETRONICOS,INFORMATICA E AUDIO"
5662,e10b36804f91a77995a7a1f3b5454f24,['AUTOMOTIVO'],AUTOMOTIVO
5663,e10c080e6f7f8136087836cadcd26199,['MODA E BELEZA'],MODA E BELEZA
5664,e10c65499c59e57eea4d979ac5eb3d0f,['CASA E CONFORTO'],CASA E CONFORTO
5665,e115da7a49ec2acf622e1f31da65cfb9,['CASA E CONFORTO'],CASA E CONFORTO
5666,e117f2d33b09b76b46edadbd2ca908a7,['CASA E CONFORTO'],CASA E CONFORTO
5667,e11ac0d86982b86bcde829263d5a38ec,['PET SHOP'],PET SHOP
5668,e12a43dfe9ec2b96d302683d1db0f613,['AUTOMOTIVO'],AUTOMOTIVO
5669,e12aeddf85ba20f8e2d865a28b32fbd8,['BEBES'],BEBES
5670,e1320973675a5fc37fab54cb22c582ab,['MODA E BELEZA'],MODA E BELEZA
5671,e134db9b2f9178ed55725a25b33e48c4,['BRINQUEDOS E LAZER'],BRINQUEDOS E LAZER
5672,e13c8ddd0d03ac5525c6b54d0442e9a5,['MODA E BELEZA'],MODA E BELEZA
5673,e151e57b4f9e794ebddd2ac390d0ba99,['MODA E BELEZA'],MODA E BELEZA
5674,e153a0dcb8018427c43753f0e1edba6e,['ARTES E DECORACAO'],ARTES E DECORACAO
5675,e158e6aaed1732fbac39e9411f33f48a,['MOVEIS E ELETRODOMESTICOS'],MOVEIS E ELETRODOMESTICOS
5676,e15b3513c9d37fdf4a36b88911a5c515,['FERRAMENTAS E CONSTRUCAO'],FERRAMENTAS E CONSTRUCAO
5677,e15ea1f7534d809bdc05d3c5ecedf24c,"['AGRO, INDUSTRIA E NEGOCIOS']","AGRO, INDUSTRIA E NEGOCIOS"
5678,e16532416e7fa0b226f67cb0a05696c2,['ARTES E DECORACAO'],ARTES E DECORACAO
5679,e170172588e00bedc8daf9183629644e,['BRINQUEDOS E LAZER'],BRINQUEDOS E LAZER
5680,e175b8edb692594c903e6a020fe94d8f,['CASA E CONFORTO'],CASA E CONFORTO
5681,e17d2e2d4c3e655845a5ed84c9409490,['MOVEIS E ELETRODOMESTICOS'],MOVEIS E ELETRODOMESTICOS
5682,e1858f6bd914487d80ff867c0bc12116,['FERRAMENTAS E CONSTRUCAO'],FERRAMENTAS E CONSTRUCAO
5683,e192b63496e874f9ec02a62d97ac23be,['MOVEIS E ELETRODOMESTICOS'],MOVEIS E ELETRODOMESTICOS
5684,e194f9ac9793de14b87eecf9b3532421,['FERRAMENTAS E CONSTRUCAO'],FERRAMENTAS E CONSTRUCAO
5685,e1a5a8d04768a9b9972f4bfb2c21a11c,"['ELETRONICOS,INFORMATICA E AUDIO']","ELETRONICOS,INFORMATICA E AUDIO"
5686,e1a9a4e68f9e918e0b27952d64dc51f8,['MOVEIS E ELETRODOMESTICOS'],MOVEIS E ELETRODOMESTICOS
5687,e1b0640460ef6ca7edd7c0039805e515,['CASA E CONFORTO'],CASA E CONFORTO
5688,e1c27845029801e7461bce7d580db092,['MODA E BELEZA'],MODA E BELEZA
5689,e1c8b1502b402a1284350d261a89cb9a,['CASA E CONFORTO'],CASA E CONFORTO
5690,e1cf4f3524c63c7e9c134666f89e722d,['CASA E CONFORTO'],CASA E CONFORTO
5691,e1da6a380c23eec0e20231c7b695f47e,['MOVEIS E ELETRODOMESTICOS'],MOVEIS E ELETRODOMESTICOS
5692,e2005caf6477eb1b0a0bcce785ecbb5d,['MODA E BELEZA'],MODA E BELEZA
5693,e215d6f06aeb94e2f6359a86e58dd39c,['BRINQUEDOS E LAZER'],BRINQUEDOS E LAZER
5694,e223ccde32fd470414931d963b07c4f8,['BRINQUEDOS E LAZER'],BRINQUEDOS E LAZER
5695,e2244e42c2d85b8e677c622dea93cd78,['CASA E CONFORTO'],CASA E CONFORTO
5696,e22a05fe5e9468a3bc9527967feeb3c9,['BRINQUEDOS E LAZER'],BRINQUEDOS E LAZER
5697,e23115216f6b79bda05036f94744a2dd,['CASA E CONFORTO'],CASA E CONFORTO
5698,e2329b38dc9971f2fb0f8247bbb641c2,['FERRAMENTAS E CONSTRUCAO'],FERRAMENTAS E CONSTRUCAO
5699,e247c295703844ab1b844311e25046a5,['MODA E BELEZA'],MODA E BELEZA
5700,e26405d4ea696a94eea2c9b2a344f625,['BRINQUEDOS E LAZER'],BRINQUEDOS E LAZER
5701,e269b2472c0546324acf4d09dd7acfab,['MODA E BELEZA'],MODA E BELEZA
5702,e27677cc62d6c8851e3b143c2e020291,"['ELETRONICOS,INFORMATICA E AUDIO']","ELETRONICOS,INFORMATICA E AUDIO"
5703,e277b1138569691c38391eeb121f3176,['CASA E CONFORTO'],CASA E CONFORTO
5704,e27c7d40e51c72cdb3841c34f9f1f301,['BRINQUEDOS E LAZER'],BRINQUEDOS E LAZER
5705,e27d61d435972fe5632bbfcdee617adf,['BRINQUEDOS E LAZER'],BRINQUEDOS E LAZER
5706,e2a03ccf5ea816036608b2d8c3ab8e60,['MOVEIS E ELETRODOMESTICOS'],MOVEIS E ELETRODOMESTICOS
5707,e2a97d88537ca889f9faa4c14d5106c2,"['ELETRONICOS,INFORMATICA E AUDIO']","ELETRONICOS,INFORMATICA E AUDIO"
5708,e2aa3c8ad14a870e32ae9718c84e0567,['BRINQUEDOS E LAZER'],BRINQUEDOS E LAZER
5709,e2af4ae300d48b96b78846e01a26c034,['FERRAMENTAS E CONSTRUCAO'],FERRAMENTAS E CONSTRUCAO
5710,e2b2feccda2c913e120d23c72b550cca,['ALIMENTOS'],ALIMENTOS
5711,e2bd28bec2c4b78b6b39dd0cda08c177,['CASA E CONFORTO'],CASA E CONFORTO
5712,e2cfe4b2af025a2ae3b1d8795f677525,['MODA E BELEZA'],MODA E BELEZA
5713,e2d9c66bdf5baf2058e9960542e386e2,['ARTES E DECORACAO'],ARTES E DECORACAO
5714,e2ea40e627fa59e27d40fce26a8b5a32,['AUTOMOTIVO'],AUTOMOTIVO
5715,e2efd05161881ff66ece867b9221e6df,['FERRAMENTAS E CONSTRUCAO'],FERRAMENTAS E CONSTRUCAO
5716,e2f55ffa361f22212fa093de97e60fec,['BRINQUEDOS E LAZER'],BRINQUEDOS E LAZER
5717,e3027423471c37ce2c9097bdec11b19d,['CASA E CONFORTO'],CASA E CONFORTO
5718,e305fbc65af17a0b60a9fcff63ebcbe8,['CASA E CONFORTO'],CASA E CONFORTO
5719,e3254323dd511d109978d37345cdcbae,['AUTOMOTIVO'],AUTOMOTIVO
5720,e328e23027b916218c9fba2f6cf9b682,['BRINQUEDOS E LAZER'],BRINQUEDOS E LAZER
5721,e339db2b9261f6f0d9d9f1c41b629050,['MOVEIS E ELETRODOMESTICOS'],MOVEIS E ELETRODOMESTICOS
5722,e33ed9bacaf02833f0c4dff6e8e20bff,"['ELETRONICOS,INFORMATICA E AUDIO']","ELETRONICOS,INFORMATICA E AUDIO"
5723,e343a798d653d6f5c1f48a4a7ef10337,['MODA E BELEZA'],MODA E BELEZA
5724,e359056f7d7b5f57f57e4d8f61b5659d,"['ELETRONICOS,INFORMATICA E AUDIO']","ELETRONICOS,INFORMATICA E AUDIO"
5725,e3667abef962f425cb19e50231a2456f,"['ELETRONICOS,INFORMATICA E AUDIO']","ELETRONICOS,INFORMATICA E AUDIO"
5726,e36821475008c5656ee16e2433f91133,"['ELETRONICOS,INFORMATICA E AUDIO']","ELETRONICOS,INFORMATICA E AUDIO"
5727,e383eea23b0b645f90cbb25a13a2ab93,['MODA E BELEZA'],MODA E BELEZA
5728,e38f48f35b9cec88386035b2ff883527,"['ELETRONICOS,INFORMATICA E AUDIO']","ELETRONICOS,INFORMATICA E AUDIO"
5729,e398683c47bda1cf86be8772a50b4579,['BRINQUEDOS E LAZER'],BRINQUEDOS E LAZER
5730,e39cc0368ca2a9ce8244880519c3b2ad,['MOVEIS E ELETRODOMESTICOS'],MOVEIS E ELETRODOMESTICOS
5731,e3a456432c2847da83a3cfb4fa72d9db,['CASA E CONFORTO'],CASA E CONFORTO
5732,e3bd7dc2201f2a5a9a0f68bc33f92f35,"['LIVROS, MUSICA E PAPELARIA']","LIVROS, MUSICA E PAPELARIA"
5733,e3c654307c9b3b9988c35371c5bbf738,['MOVEIS E ELETRODOMESTICOS'],MOVEIS E ELETRODOMESTICOS
5734,e3e1b813f658feb4bc2c345bc2d399f5,"['ELETRONICOS,INFORMATICA E AUDIO']","ELETRONICOS,INFORMATICA E AUDIO"
5735,e3e1d2fe1c3f816ace8a772a4dff8a1d,['CASA E CONFORTO'],CASA E CONFORTO
5736,e3e2cb00e99c9e726151683fe032019e,['CASA E CONFORTO'],CASA E CONFORTO
5737,e3f6d89187ed0a12fdd795ce6519f10e,['BEBES'],BEBES
5738,e3f6de94179bede8675ff97d0f3f3245,"['ELETRONICOS,INFORMATICA E AUDIO']","ELETRONICOS,INFORMATICA E AUDIO"
5739,e41e11b6bbfb361583ab92eb18bc9018,"['ELETRONICOS,INFORMATICA E AUDIO']","ELETRONICOS,INFORMATICA E AUDIO"
5740,e422d0e263d60b29075b7369ade6ace3,['MOVEIS E ELETRODOMESTICOS'],MOVEIS E ELETRODOMESTICOS
5741,e422e79c353461906ac09d654bd28ad7,['MODA E BELEZA'],MODA E BELEZA
5742,e42760f40f2fba3ba7529b6157adf501,"['LIVROS, MUSICA E PAPELARIA']","LIVROS, MUSICA E PAPELARIA"
5743,e4309eeca1cfe3c6df5a187c38817a5c,['MODA E BELEZA'],MODA E BELEZA
5744,e4313fe2f9d83782c9426892dc497ea4,['MOVEIS E ELETRODOMESTICOS'],MOVEIS E ELETRODOMESTICOS
5745,e43bf5e038481356e162cc65ab7fb1c2,['MODA E BELEZA'],MODA E BELEZA
5746,e44e7464ba4c5118eda918839e5dc20d,['BEBES'],BEBES
5747,e45f581751e44a52f09b4c1746612e54,"['ELETRONICOS,INFORMATICA E AUDIO']","ELETRONICOS,INFORMATICA E AUDIO"
5748,e4716dbd1591288ba2bb3def7ff36503,"['ELETRONICOS,INFORMATICA E AUDIO']","ELETRONICOS,INFORMATICA E AUDIO"
5749,e48b09695cacd2726aef9ef0e3730b47,['MOVEIS E ELETRODOMESTICOS'],MOVEIS E ELETRODOMESTICOS
5750,e48c42a05954c6542e0631596bfb6fe2,['FERRAMENTAS E CONSTRUCAO'],FERRAMENTAS E CONSTRUCAO
5751,e4a657b5747128e2b9e52f25e8255155,['BEBES'],BEBES
5752,e4a8c46a68d36806c7eece77ed233a3d,['MODA E BELEZA'],MODA E BELEZA
5753,e4a9d5a37203129914a3e9371fd5af07,"['ELETRONICOS,INFORMATICA E AUDIO']","ELETRONICOS,INFORMATICA E AUDIO"
5754,e4b5604780e8b0ba35b9335194254b33,['MODA E BELEZA'],MODA E BELEZA
5755,e4b86afb67e591d71050d108a2672dbb,"['ELETRONICOS,INFORMATICA E AUDIO']","ELETRONICOS,INFORMATICA E AUDIO"
5756,e4d17d00b2f18f1898c9449c1e7a8e09,['MODA E BELEZA'],MODA E BELEZA
5757,e4d54c2566ec92a7c50a268c87242065,['ARTES E DECORACAO'],ARTES E DECORACAO
5758,e4d88b96fb1801eb436496008e848e1a,"['ELETRONICOS,INFORMATICA E AUDIO']","ELETRONICOS,INFORMATICA E AUDIO"
5759,e4e95d2b1c7eb000eefef2efea68ef15,['MODA E BELEZA'],MODA E BELEZA
5760,e4f0fb907ebf79c450a8646d85c36d62,['BEBES'],BEBES
5761,e52c9dfec957c503bed5d050a39c740f,['BEBES'],BEBES
5762,e52f58b44b46886bcfbaecf6e66ba026,['CASA E CONFORTO'],CASA E CONFORTO
5763,e53516f14e3cc830f4afa84315707e9a,"['ELETRONICOS,INFORMATICA E AUDIO']","ELETRONICOS,INFORMATICA E AUDIO"
5764,e54db55a39ec332bc36c1176f6eb4773,['MODA E BELEZA'],MODA E BELEZA
5765,e5535466d23681cc97013097a0644150,['ARTES E DECORACAO'],ARTES E DECORACAO
5766,e55ccf4e8ae6aa77431729b1bf96d741,"['ELETRONICOS,INFORMATICA E AUDIO']","ELETRONICOS,INFORMATICA E AUDIO"
5767,e56bf94fb5b2e858e8b8896c565a96a0,"['ELETRONICOS,INFORMATICA E AUDIO']","ELETRONICOS,INFORMATICA E AUDIO"
5768,e56d6fad37333104e525678504e3b8c3,['MOVEIS E ELETRODOMESTICOS'],MOVEIS E ELETRODOMESTICOS
5769,e56eaa15f5d9c288f33592ab67c02692,['ALIMENTOS'],ALIMENTOS
5770,e573bcbd71e063eb151e44500cd89360,['ALIMENTOS'],ALIMENTOS
5771,e57a911e022b8f667771dd09d31b9af1,"['ELETRONICOS,INFORMATICA E AUDIO']","ELETRONICOS,INFORMATICA E AUDIO"
5772,e59e9afe2a1001d3d088289b474366e7,['AUTOMOTIVO'],AUTOMOTIVO
5773,e5b028d46d9a166f78ac079067c847c2,"['ELETRONICOS,INFORMATICA E AUDIO']","ELETRONICOS,INFORMATICA E AUDIO"
5774,e5b92893da73abb227f25730ffa69680,['MODA E BELEZA'],MODA E BELEZA
5775,e5bcc19af03dc9c714d381752e9f724f,['CASA E CONFORTO'],CASA E CONFORTO
5776,e5c32f239371faa3bdade23da46b2921,['FERRAMENTAS E CONSTRUCAO'],FERRAMENTAS E CONSTRUCAO
5777,e5c7a5b71152d600527c22d71745e3b4,['ARTES E DECORACAO'],ARTES E DECORACAO
5778,e5c7db6481f467875bd4d52357a8f8a1,"['ELETRONICOS,INFORMATICA E AUDIO']","ELETRONICOS,INFORMATICA E AUDIO"
5779,e5ca14277889553a80cd3b8379bb9389,['MODA E BELEZA'],MODA E BELEZA
5780,e5d4c985cfb24d8e62045041e4df6087,['BRINQUEDOS E LAZER'],BRINQUEDOS E LAZER
5781,e5d5cc62d5d1e1a4e31d7e581247de3d,['BRINQUEDOS E LAZER'],BRINQUEDOS E LAZER
5782,e5d8928be637c8681b509d5188b3d979,['BEBES'],BEBES
5783,e5df40271cc99ceb080a6681f786bf7a,['CASA E CONFORTO'],CASA E CONFORTO
5784,e5f19a5270a65dd6e5deb65c0b16d719,['MODA E BELEZA'],MODA E BELEZA
5785,e5f9a6228c6f504115c5a514b109aaaf,['BRINQUEDOS E LAZER'],BRINQUEDOS E LAZER
5786,e5faf44e4252434f1b561aa34e1a9ab3,"['ELETRONICOS,INFORMATICA E AUDIO']","ELETRONICOS,INFORMATICA E AUDIO"
5787,e5fd5e805f5dc431020bf61dcf6f56ae,['CASA E CONFORTO'],CASA E CONFORTO
5788,e615a2b8229ae8a3b78cc267735d538f,"['LIVROS, MUSICA E PAPELARIA']","LIVROS, MUSICA E PAPELARIA"
5789,e625c854b7283c2fc48fae7f8048ec91,['FERRAMENTAS E CONSTRUCAO'],FERRAMENTAS E CONSTRUCAO
5790,e62c3201015050463bc2e3b6599a6bc5,['BEBES'],BEBES
5791,e63b248df856bd4aa542bdbc7f8f2f35,"['ELETRONICOS,INFORMATICA E AUDIO']","ELETRONICOS,INFORMATICA E AUDIO"
5792,e63e244ec02470ece2ac502d7548e3fd,['AUTOMOTIVO'],AUTOMOTIVO
5793,e641c4c52bd0059576b2ed7d7acc2feb,"['ELETRONICOS,INFORMATICA E AUDIO']","ELETRONICOS,INFORMATICA E AUDIO"
5794,e64e0f28c8abfe6f9a018e383c11c428,"['ELETRONICOS,INFORMATICA E AUDIO']","ELETRONICOS,INFORMATICA E AUDIO"
5795,e65ddff691f659fab67bed2e90069d9b,['MODA E BELEZA'],MODA E BELEZA
5796,e65fa5f31ce4436d38bcf5e109fd43e4,['MOVEIS E ELETRODOMESTICOS'],MOVEIS E ELETRODOMESTICOS
5797,e66cc852b36edb438911a0865e65ed40,['MOVEIS E ELETRODOMESTICOS'],MOVEIS E ELETRODOMESTICOS
5798,e677b67c28dfc75969bbf0ff515c0983,['MOVEIS E ELETRODOMESTICOS'],MOVEIS E ELETRODOMESTICOS
5799,e67c5e18a6f322301db55af5c4541aff,['MOVEIS E ELETRODOMESTICOS'],MOVEIS E ELETRODOMESTICOS
5800,e68ff101d8dda789b0846f5a65ae55b7,['ARTES E DECORACAO'],ARTES E DECORACAO
5801,e6994fc60ac218b01bd168895ef8399e,['MOVEIS E ELETRODOMESTICOS'],MOVEIS E ELETRODOMESTICOS
5802,e6acd035a11603d3f61a37185f681a5c,['FERRAMENTAS E CONSTRUCAO'],FERRAMENTAS E CONSTRUCAO
5803,e6af93ea6ff2947b8760af3dc581f50b,"['ELETRONICOS,INFORMATICA E AUDIO']","ELETRONICOS,INFORMATICA E AUDIO"
5804,e6b23db78d4473c921fb9315e04b5c0f,"['LIVROS, MUSICA E PAPELARIA']","LIVROS, MUSICA E PAPELARIA"
5805,e6b6557ce111de79b31cc857f20ba212,['AUTOMOTIVO'],AUTOMOTIVO
5806,e6bed0846d5d268bf1ebcf66eab19a42,['CASA E CONFORTO'],CASA E CONFORTO
5807,e6cdacd5274dbf478d422d7144e0e9b5,['CASA E CONFORTO'],CASA E CONFORTO
5808,e6d47ca86bcbef462feb6a77ce1d21ce,['CASA E CONFORTO'],CASA E CONFORTO
5809,e6dadbb941fc1ddd84fc8d2ef19b71c1,['BRINQUEDOS E LAZER'],BRINQUEDOS E LAZER
5810,e6e2049ec5847e14fd9898496125c8b9,['CASA E CONFORTO'],CASA E CONFORTO
5811,e6f4802ce2213981609f7384568b3a1d,['MODA E BELEZA'],MODA E BELEZA
5812,e703b57c60a71b0b7cae20a5209efea2,['BRINQUEDOS E LAZER'],BRINQUEDOS E LAZER
5813,e706765d0ab55ce790c7713ddc4e1ecf,"['ELETRONICOS,INFORMATICA E AUDIO']","ELETRONICOS,INFORMATICA E AUDIO"
5814,e70aa4ace2e2d3140d4b09564030f5b9,['AUTOMOTIVO'],AUTOMOTIVO
5815,e713f65c5d4bdb8c51c935cd205c3b22,"['ELETRONICOS,INFORMATICA E AUDIO']","ELETRONICOS,INFORMATICA E AUDIO"
5816,e71957268efa9cb98b393a6851836014,['ARTES E DECORACAO'],ARTES E DECORACAO
5817,e72618bee51ae5e11af9d42ce16be85d,"['ELETRONICOS,INFORMATICA E AUDIO']","ELETRONICOS,INFORMATICA E AUDIO"
5818,e72e5c3d6b68cd8c81559186a0ebc58f,"['LIVROS, MUSICA E PAPELARIA']","LIVROS, MUSICA E PAPELARIA"
5819,e743287a2def21228e3becf7e66f6fef,['BEBES'],BEBES
5820,e74d46b7bf8761d0fabbb6bb8b94ea82,['MOVEIS E ELETRODOMESTICOS'],MOVEIS E ELETRODOMESTICOS
5821,e74f16cd18d4e5b3dfbcc81e880430d9,"['ELETRONICOS,INFORMATICA E AUDIO']","ELETRONICOS,INFORMATICA E AUDIO"
5822,e7519cd023554b4884a8df704a4ed7b9,['MOVEIS E ELETRODOMESTICOS'],MOVEIS E ELETRODOMESTICOS
5823,e7591928e884f24aa164ee55fd05d56d,"['ELETRONICOS,INFORMATICA E AUDIO']","ELETRONICOS,INFORMATICA E AUDIO"
5824,e75f1bbf23dbdb449cd179f07abb8eaf,['FERRAMENTAS E CONSTRUCAO'],FERRAMENTAS E CONSTRUCAO
5825,e75fa6144e2d8bfb834bba12ac534788,['CASA E CONFORTO'],CASA E CONFORTO
5826,e7741e6bb1dfbc9d36e13da26d517d4c,['MODA E BELEZA'],MODA E BELEZA
5827,e7744f6b47fb7de31a60035c997d3956,['BRINQUEDOS E LAZER'],BRINQUEDOS E LAZER
5828,e776b74b3a3d027e47ecd39ea6a1d737,['AUTOMOTIVO'],AUTOMOTIVO
5829,e77e25ad4185ce8fba142eafcd1442da,['FERRAMENTAS E CONSTRUCAO'],FERRAMENTAS E CONSTRUCAO
5830,e78602addbd8567873e9ad519d11ad9c,['CASA E CONFORTO'],CASA E CONFORTO
5831,e78cde66f03731202b0f5e082b0b0cff,"['ELETRONICOS,INFORMATICA E AUDIO']","ELETRONICOS,INFORMATICA E AUDIO"
5832,e79714832b01797085c10409669150d5,['MODA E BELEZA'],MODA E BELEZA
5833,e7a0d968e1490c9d5c075df5f3e751ce,['MODA E BELEZA'],MODA E BELEZA
5834,e7a5701bb4e7ef276c46b8bc82100d14,['BRINQUEDOS E LAZER'],BRINQUEDOS E LAZER
5835,e7a9fabed044b8b1a75e6b95dba9bd92,['CASA E CONFORTO'],CASA E CONFORTO
5836,e7ab20977cf6ea5cc4a63b3ecf897dd3,['CASA E CONFORTO'],CASA E CONFORTO
5837,e7ad3898894027b09ce153449f7bc10d,['BEBES'],BEBES
5838,e7ae3271e5b38526b2bfdfb2d7695689,['AUTOMOTIVO'],AUTOMOTIVO
5839,e7b463065498659c48a3b2ac3b1cc6b0,['MODA E BELEZA'],MODA E BELEZA
5840,e7b87b156cde9f1d3a765da80d093d6a,"['ELETRONICOS,INFORMATICA E AUDIO']","ELETRONICOS,INFORMATICA E AUDIO"
5841,e7c528a2df211045020684c3db8bddc4,['MODA E BELEZA'],MODA E BELEZA
5842,e7d13304a29e6bd28f4a937a5f2507e5,['MODA E BELEZA'],MODA E BELEZA
5843,e7d3f9457c859cd5b63a25a4c2afb2e0,['CASA E CONFORTO'],CASA E CONFORTO
5844,e7f65461e6bfbb6977c3d24ff623024e,['MOVEIS E ELETRODOMESTICOS'],MOVEIS E ELETRODOMESTICOS
5845,e7fc47a9bd5fd8c1d1b566d1553be0f4,['FERRAMENTAS E CONSTRUCAO'],FERRAMENTAS E CONSTRUCAO
5846,e8051e65754422caf457412193df751d,['CASA E CONFORTO'],CASA E CONFORTO
5847,e80607d735f571309e8438fb2ca4f594,['BRINQUEDOS E LAZER'],BRINQUEDOS E LAZER
5848,e80adaeb250096a2042a63c4b3d20bcf,"['ELETRONICOS,INFORMATICA E AUDIO']","ELETRONICOS,INFORMATICA E AUDIO"
5849,e80d26af187e86a23accb193a999be40,['MODA E BELEZA'],MODA E BELEZA
5850,e80e2d3130b41e2f2771f7b558432ac9,['MODA E BELEZA'],MODA E BELEZA
5851,e813a30360cebcbde709b43acab13bda,"['ELETRONICOS,INFORMATICA E AUDIO']","ELETRONICOS,INFORMATICA E AUDIO"
5852,e81fbdf6c9bbdc3b6a9cd243b617e576,['ARTES E DECORACAO'],ARTES E DECORACAO
5853,e82a48563b753b7df504aba7e01f9faf,['MODA E BELEZA'],MODA E BELEZA
5854,e83965852a6e35ed713250e090367ff7,['BRINQUEDOS E LAZER'],BRINQUEDOS E LAZER
5855,e84484718ecfbc4f6c98105b691b2bd8,['ARTES E DECORACAO'],ARTES E DECORACAO
5856,e84aab6af2a71fdd57e937740dc5a3dc,['BEBES'],BEBES
5857,e84fc9bd9b30107feb50736a4763e483,"['ELETRONICOS,INFORMATICA E AUDIO']","ELETRONICOS,INFORMATICA E AUDIO"
5858,e86118c5fd6d905b7346a83baca017e2,['BRINQUEDOS E LAZER'],BRINQUEDOS E LAZER
5859,e86c9bfc5e5cce878c7d0c2419927cd7,['MODA E BELEZA'],MODA E BELEZA
5860,e86fb2abd1932ca34230cb407378e9d8,['MOVEIS E ELETRODOMESTICOS'],MOVEIS E ELETRODOMESTICOS
5861,e88333581538e25e87d48b2dbc1782b8,['MODA E BELEZA'],MODA E BELEZA
5862,e885304ec221dd09a24101f0dd920504,['MODA E BELEZA'],MODA E BELEZA
5863,e886c6890329e3b34b75f755974c4349,['BEBES'],BEBES
5864,e889aad082e12cd57386cac961a62d61,['BRINQUEDOS E LAZER'],BRINQUEDOS E LAZER
5865,e88f99d9e433a6a8968b38b7dd55b080,['MODA E BELEZA'],MODA E BELEZA
5866,e8a874f0c34734d1f21dc074967f0a07,['ARTES E DECORACAO'],ARTES E DECORACAO
5867,e8aae0a8c069453ead56360bfdf31d76,['CASA E CONFORTO'],CASA E CONFORTO
5868,e8b777112a2c5482e9005c327997cc21,['MOVEIS E ELETRODOMESTICOS'],MOVEIS E ELETRODOMESTICOS
5869,e8c68bc8849a22ef58e4ee2a76e04dea,['AUTOMOTIVO'],AUTOMOTIVO
5870,e8c7196e322086d2f22890afc5f7e750,['CASA E CONFORTO'],CASA E CONFORTO
5871,e8ea9d1180aed78c71b3a9361bcdb9cb,['CASA E CONFORTO'],CASA E CONFORTO
5872,e8ef78a9ce417db856269e84091403f2,['CASA E CONFORTO'],CASA E CONFORTO
5873,e8f1e6bc58ce50eb224d5ea7408a88c0,['MODA E BELEZA'],MODA E BELEZA
5874,e90bdeb22eaefb4d086cfec85e172214,['BEBES'],BEBES
5875,e9171e375d76592a7c88e9f155664869,"['ELETRONICOS,INFORMATICA E AUDIO']","ELETRONICOS,INFORMATICA E AUDIO"
5876,e92900da13e75122f18f3694fd9e0230,"['ELETRONICOS,INFORMATICA E AUDIO']","ELETRONICOS,INFORMATICA E AUDIO"
5877,e935ce70219fca7400f41fa9b59aad56,"['ELETRONICOS,INFORMATICA E AUDIO']","ELETRONICOS,INFORMATICA E AUDIO"
5878,e957dd85ec954750362d63f541339f4c,"['ELETRONICOS,INFORMATICA E AUDIO']","ELETRONICOS,INFORMATICA E AUDIO"
5879,e977b374d773afa133c09a9215ed08c2,['MODA E BELEZA'],MODA E BELEZA
5880,e97842d8eba41c516082ed8f5c1292cb,"['ELETRONICOS,INFORMATICA E AUDIO']","ELETRONICOS,INFORMATICA E AUDIO"
5881,e979a3bd2f7e22a805e38dd992d5defe,['MODA E BELEZA'],MODA E BELEZA
5882,e980f0348ae8c85c6eb7e23e9ee42b27,"['ELETRONICOS,INFORMATICA E AUDIO']","ELETRONICOS,INFORMATICA E AUDIO"
5883,e9acbfa0efe448cca0db0508f8641ac9,"['ELETRONICOS,INFORMATICA E AUDIO']","ELETRONICOS,INFORMATICA E AUDIO"
5884,e9b6e40d2bb6586f7be9c87170ceaacf,['MOVEIS E ELETRODOMESTICOS'],MOVEIS E ELETRODOMESTICOS
5885,e9d9941f914d3f702a186f0176ae231f,['MODA E BELEZA'],MODA E BELEZA
5886,e9dc230425f2e6480a1ff929cd2582d5,['BRINQUEDOS E LAZER'],BRINQUEDOS E LAZER
5887,e9df66519c360c741bedc488149685e9,['BEBES'],BEBES
5888,e9e7c0bdfc844989ef92818d7f77f9b2,['MOVEIS E ELETRODOMESTICOS'],MOVEIS E ELETRODOMESTICOS
5889,e9fecd900cce6b52424121bf98911932,['CASA E CONFORTO'],CASA E CONFORTO
5890,ea0640a9f021b9f129b25d54e4c649f2,['MODA E BELEZA'],MODA E BELEZA
5891,ea0aecca2de1f337e8a16c457f407eb3,['CASA E CONFORTO'],CASA E CONFORTO
5892,ea29d09fa496c9e054d57d5f7f153478,"['ELETRONICOS,INFORMATICA E AUDIO']","ELETRONICOS,INFORMATICA E AUDIO"
5893,ea37cd94a6d10959260b311f58cc5e0f,['MOVEIS E ELETRODOMESTICOS'],MOVEIS E ELETRODOMESTICOS
5894,ea38dbbe2044b5c96bf31ff508ba1aad,['CASA E CONFORTO'],CASA E CONFORTO
5895,ea500d2d546dac2099f6ab0531823025,['MODA E BELEZA'],MODA E BELEZA
5896,ea5552c430325cbf26a8b504d5805925,"['AGRO, INDUSTRIA E NEGOCIOS']","AGRO, INDUSTRIA E NEGOCIOS"
5897,ea5cec9447a41351dabd449056d1992a,['MODA E BELEZA'],MODA E BELEZA
5898,ea60e9579f440bbca132b795ff54807f,['BRINQUEDOS E LAZER'],BRINQUEDOS E LAZER
5899,ea639b1119b066a5966041d2367ce1e7,['AUTOMOTIVO'],AUTOMOTIVO
5900,ea67a5b1807c5b8fca4641beaf7a76f1,['CASA E CONFORTO'],CASA E CONFORTO
5901,ea70810a7aa753a29c08ba0bff6edde5,"['ELETRONICOS,INFORMATICA E AUDIO']","ELETRONICOS,INFORMATICA E AUDIO"
5902,ea733405d742855b5e66606f15b493c7,['CASA E CONFORTO'],CASA E CONFORTO
5903,ea758df7f35b0c9481727b5430b21f85,['MOVEIS E ELETRODOMESTICOS'],MOVEIS E ELETRODOMESTICOS
5904,ea77eb4f349110679bde0e77541dcb2e,['CASA E CONFORTO'],CASA E CONFORTO
5905,ea7e528106f7ea156423a2cbafd75bc2,['FERRAMENTAS E CONSTRUCAO'],FERRAMENTAS E CONSTRUCAO
5906,ea9f636a11e6bf8cfdfc6acf40590c66,['CASA E CONFORTO'],CASA E CONFORTO
5907,eaab306c6d995d32606b73651e619bc8,['MODA E BELEZA'],MODA E BELEZA
5908,eaae5bd20fb15d85aa673d9b7c0e8ca5,['MOVEIS E ELETRODOMESTICOS'],MOVEIS E ELETRODOMESTICOS
5909,eaae5e87592113d14ab25a25bf5105e6,['BRINQUEDOS E LAZER'],BRINQUEDOS E LAZER
5910,ead4bdb20456cba846bb4d83e5a870a0,['FERRAMENTAS E CONSTRUCAO'],FERRAMENTAS E CONSTRUCAO
5911,eadaca4f30575b6c3a4c4efebce9d252,['AUTOMOTIVO'],AUTOMOTIVO
5912,eaf42d23fedb6d8d7747c8ab44b8784e,['BRINQUEDOS E LAZER'],BRINQUEDOS E LAZER
5913,eaf77fff2564e301d10b2a335babf44b,"['LIVROS, MUSICA E PAPELARIA']","LIVROS, MUSICA E PAPELARIA"
5914,eafa7bec49243b47c23e9bdf98096f62,['FERRAMENTAS E CONSTRUCAO'],FERRAMENTAS E CONSTRUCAO
5915,eafef0e6c44f121531569a69a318c3b3,['ARTES E DECORACAO'],ARTES E DECORACAO
5916,eb09635680fadffb33358e40b05c9029,['BRINQUEDOS E LAZER'],BRINQUEDOS E LAZER
5917,eb2efae7334e4776381755ecd7c831dc,['BRINQUEDOS E LAZER'],BRINQUEDOS E LAZER
5918,eb4a3d0046ad19061885dc5ce242068f,['MODA E BELEZA'],MODA E BELEZA
5919,eb5158d41f671648c1c954d8330b2f8f,"['ELETRONICOS,INFORMATICA E AUDIO']","ELETRONICOS,INFORMATICA E AUDIO"
5920,eb54c63c566516c6052fa30db3558c17,['BRINQUEDOS E LAZER'],BRINQUEDOS E LAZER
5921,eb6033b2518720d786be9501a56fb156,['CASA E CONFORTO'],CASA E CONFORTO
5922,eb6ab30cb30bdde1094fc3b0ee26a2d9,['ARTES E DECORACAO'],ARTES E DECORACAO
5923,eb76dacd087607fabfce4eb43d0f59d6,['BEBES'],BEBES
5924,eb785b1fc66ac703e6801aef45d2397b,['MODA E BELEZA'],MODA E BELEZA
5925,eb8243aae992ce5262d8bfc305cdf6af,['PET SHOP'],PET SHOP
5926,eb9467fb82e562d5d44ece6d6b8a42d0,"['ELETRONICOS,INFORMATICA E AUDIO']","ELETRONICOS,INFORMATICA E AUDIO"
5927,eb951538a1e505560662159b6b4ef965,['MOVEIS E ELETRODOMESTICOS'],MOVEIS E ELETRODOMESTICOS
5928,ebb0572173c1ff1b9b126bf4d2ed9114,['MODA E BELEZA'],MODA E BELEZA
5929,ebb3e66835c25802e7337b9bbf4f0768,['BRINQUEDOS E LAZER'],BRINQUEDOS E LAZER
5930,ebc1b6869013db46733e56deb933dd5a,['CASA E CONFORTO'],CASA E CONFORTO
5931,ebc8529a43a15aa54156695392ab28cc,['CASA E CONFORTO'],CASA E CONFORTO
5932,ebca4856d6b3b849437fe99d11633d25,['BRINQUEDOS E LAZER'],BRINQUEDOS E LAZER
5933,ebd33d4995d183ba4c6ed1e273816aa7,['ALIMENTOS'],ALIMENTOS
5934,ebdda80942c80aa56b15e26ebf8211ed,"['ELETRONICOS,INFORMATICA E AUDIO']","ELETRONICOS,INFORMATICA E AUDIO"
5935,ebeff2700216eccd71f9e7de886652b3,['CASA E CONFORTO'],CASA E CONFORTO
5936,ebf6d4734dafb7b6c2c67b98db1b90c4,['CASA E CONFORTO'],CASA E CONFORTO
5937,ec149fdcafd89d783f2942078e182e1e,['BRINQUEDOS E LAZER'],BRINQUEDOS E LAZER
5938,ec34ce0f06a9a35ebf0f0496d595bc84,['BRINQUEDOS E LAZER'],BRINQUEDOS E LAZER
5939,ec38e40a750810e337a528576f0090e7,['CASA E CONFORTO'],CASA E CONFORTO
5940,ec48402bbc28b1e4f252da4031bd502a,['AUTOMOTIVO'],AUTOMOTIVO
5941,ec74f95e952a1019fb566fe39c383dfe,"['LIVROS, MUSICA E PAPELARIA']","LIVROS, MUSICA E PAPELARIA"
5942,ec7d99eece03a8b60c61f6a9ca504094,['MODA E BELEZA'],MODA E BELEZA
5943,ec97666defb2e1fade6931649731f776,['FERRAMENTAS E CONSTRUCAO'],FERRAMENTAS E CONSTRUCAO
5944,ec9fb5672156edeac876e628a92456c0,"['ELETRONICOS,INFORMATICA E AUDIO']","ELETRONICOS,INFORMATICA E AUDIO"
5945,ecb17a16374a8822430c8edb3358a407,['ALIMENTOS'],ALIMENTOS
5946,ecb4506fc58364816a5133b8abf1f645,['FERRAMENTAS E CONSTRUCAO'],FERRAMENTAS E CONSTRUCAO
5947,ecb4d57a1f4dabdb34dcc3ddba82bc51,['CASA E CONFORTO'],CASA E CONFORTO
5948,eccb333547035c917db4396ff94c3182,"['ELETRONICOS,INFORMATICA E AUDIO']","ELETRONICOS,INFORMATICA E AUDIO"
5949,ece3ab91bd67ba73563dd0468fc3bde2,['MODA E BELEZA'],MODA E BELEZA
5950,ecf6789fa93718435fc6279a4c051917,['MODA E BELEZA'],MODA E BELEZA
5951,ecf9330db0f11c5086969ed6c7468d4a,['BRINQUEDOS E LAZER'],BRINQUEDOS E LAZER
5952,ecfc862cb2fabd3d5f9c86117a9baff0,['CASA E CONFORTO'],CASA E CONFORTO
5953,ed04b75d1e0aabba1830432d54c2396b,['BRINQUEDOS E LAZER'],BRINQUEDOS E LAZER
5954,ed0a8bb0a99484236c428b5ae6447117,"['LIVROS, MUSICA E PAPELARIA']","LIVROS, MUSICA E PAPELARIA"
5955,ed130f481df6a3d6729bee8371261e93,['MODA E BELEZA'],MODA E BELEZA
5956,ed1691ef26bd8279bd5946561af1ff0d,['MOVEIS E ELETRODOMESTICOS'],MOVEIS E ELETRODOMESTICOS
5957,ed3641039dfd0e24abc6ecef17cb01e2,['MODA E BELEZA'],MODA E BELEZA
5958,ed3646c08c3440dfcf19f92588bf1ff1,['FERRAMENTAS E CONSTRUCAO'],FERRAMENTAS E CONSTRUCAO
5959,ed4116f3f55e67e9a26b9f1891ba2497,['MOVEIS E ELETRODOMESTICOS'],MOVEIS E ELETRODOMESTICOS
5960,ed4bb81d1c09ad5eb9d421a2447387ce,['MODA E BELEZA'],MODA E BELEZA
5961,ed5ca6f65d3f6aef9523179820d7e294,['BRINQUEDOS E LAZER'],BRINQUEDOS E LAZER
5962,ed6276997e362e1ac151005a739fd684,['BRINQUEDOS E LAZER'],BRINQUEDOS E LAZER
5963,ed69463ce85109f7c23511a77f8dc603,['MODA E BELEZA'],MODA E BELEZA
5964,ed7729e6796b85362ae02f41ae06ea03,['CASA E CONFORTO'],CASA E CONFORTO
5965,ed8319a94e3499f610df892d44e45767,"['ELETRONICOS,INFORMATICA E AUDIO']","ELETRONICOS,INFORMATICA E AUDIO"
5966,ed8998927739822537e027a5af81b07f,['MODA E BELEZA'],MODA E BELEZA
5967,ed8e9faf1b75f43ee027103957135663,['AUTOMOTIVO'],AUTOMOTIVO
5968,ed92e8596b1e39671065510a4f5b0920,"['ELETRONICOS,INFORMATICA E AUDIO']","ELETRONICOS,INFORMATICA E AUDIO"
5969,ed9a73914b6e0fca8d1b8939f2c41879,['CASA E CONFORTO'],CASA E CONFORTO
5970,ed9b3b9e44dcd0fdbe1bffbdeaf4d2ce,"['LIVROS, MUSICA E PAPELARIA']","LIVROS, MUSICA E PAPELARIA"
5971,ed9e4b8509d37b7dd87c23fb4cc69452,['MODA E BELEZA'],MODA E BELEZA
5972,ed9fb3a28b1ec934fa636779c9d1a3ba,"['LIVROS, MUSICA E PAPELARIA']","LIVROS, MUSICA E PAPELARIA"
5973,eda6d64dcda58906e8d961f3d630b6f4,['ARTES E DECORACAO'],ARTES E DECORACAO
5974,edb858219a0b7155ce5b977c044ef9f9,['CASA E CONFORTO'],CASA E CONFORTO
5975,edc39c747837ab7258f382372e798824,['AUTOMOTIVO'],AUTOMOTIVO
5976,edd9339c2bbb9d43caa9dd4984474273,['MODA E BELEZA'],MODA E BELEZA
5977,edf0616bd376b3416b676c10dffad049,['MOVEIS E ELETRODOMESTICOS'],MOVEIS E ELETRODOMESTICOS
5978,ee0eea7eab4735c851dddf163cf434cc,"['ELETRONICOS,INFORMATICA E AUDIO']","ELETRONICOS,INFORMATICA E AUDIO"
5979,ee23b3b765cd771cec0d54bebd5364be,['AUTOMOTIVO'],AUTOMOTIVO
5980,ee24dc874cf2cb44acd098173b7ff240,"['ELETRONICOS,INFORMATICA E AUDIO']","ELETRONICOS,INFORMATICA E AUDIO"
5981,ee26442f130a74cb3b1d184ece5acd12,['MODA E BELEZA'],MODA E BELEZA
5982,ee27c5db38b1e5eba4ca12bbe0cef731,['CASA E CONFORTO'],CASA E CONFORTO
5983,ee2bcc3fca40f8992903209e91a6e19d,"['ELETRONICOS,INFORMATICA E AUDIO']","ELETRONICOS,INFORMATICA E AUDIO"
5984,ee43fa4abdcd5f9e2c4ab7f972628c3d,['BEBES'],BEBES
5985,ee45911bb0f3165bc61d3cbf92f37506,['BRINQUEDOS E LAZER'],BRINQUEDOS E LAZER
5986,ee482a8248d67e42aa1105d14a941a47,"['ELETRONICOS,INFORMATICA E AUDIO']","ELETRONICOS,INFORMATICA E AUDIO"
5987,ee4a95415255b5c54189071b8c1a2c53,"['ELETRONICOS,INFORMATICA E AUDIO']","ELETRONICOS,INFORMATICA E AUDIO"
5988,ee4f89a4d2cea2a4910f24c491696af1,['CASA E CONFORTO'],CASA E CONFORTO
5989,ee5e794b783fcf28dc28ff987a6f08b2,['CASA E CONFORTO'],CASA E CONFORTO
5990,ee7ea70b0b47cb7cd9db025c348510ad,['MODA E BELEZA'],MODA E BELEZA
5991,ee84d18908ccf2b4c57008c552b98d1c,['ARTES E DECORACAO'],ARTES E DECORACAO
5992,ee88bb223301673ac86437df9974b25d,['CASA E CONFORTO'],CASA E CONFORTO
5993,ee92bc34f8de7fa0c865952a83834964,['MOVEIS E ELETRODOMESTICOS'],MOVEIS E ELETRODOMESTICOS
5994,ee93f66dd4c1471023afa917f63536d3,['MODA E BELEZA'],MODA E BELEZA
5995,ee9881886ccdd7fb25bf631d38c0fc35,['MODA E BELEZA'],MODA E BELEZA
5996,eea6beb3e8f3a7eafaf03ea844ae6021,['MODA E BELEZA'],MODA E BELEZA
5997,eedfea77a364bd7d7081632d66520b89,['MOVEIS E ELETRODOMESTICOS'],MOVEIS E ELETRODOMESTICOS
5998,eeecf0540c4a674f123d57397790b15e,"['ELETRONICOS,INFORMATICA E AUDIO']","ELETRONICOS,INFORMATICA E AUDIO"
5999,eeefa455d74943dff6a84508fcab8542,['ARTES E DECORACAO'],ARTES E DECORACAO
6000,ef00af19f3e4667ac596baf6656e0ee4,['PET SHOP'],PET SHOP
6001,ef2ae6f6dbd9a78f9634b9fe22b0bee7,['CASA E CONFORTO'],CASA E CONFORTO
6002,ef3d759ba50b03b99a1f7785496d554c,"['ELETRONICOS,INFORMATICA E AUDIO']","ELETRONICOS,INFORMATICA E AUDIO"
6003,ef3f0f39681fd089fef832371fe8ef35,['AUTOMOTIVO'],AUTOMOTIVO
6004,ef43d5664bd1ab24fd6b38b5a8ca3cf6,['BEBES' 'BRINQUEDOS E LAZER'],Misto
6005,ef519547cb72d3ac42ff707948fdb963,['CASA E CONFORTO'],CASA E CONFORTO
6006,ef53159b7b28df06945b68eb2b65abc1,['MOVEIS E ELETRODOMESTICOS'],MOVEIS E ELETRODOMESTICOS
6007,ef709a4dccff4d7df51305cc4f1dddde,['PET SHOP'],PET SHOP
6008,ef85abe875a2c11ed5321f610f7afa28,['MODA E BELEZA'],MODA E BELEZA
6009,ef8ab3e652b44dfe541199dc0b9f5d09,['MODA E BELEZA'],MODA E BELEZA
6010,ef95c45a2c0fca1b7aaee8da7c0013f1,['CASA E CONFORTO'],CASA E CONFORTO
6011,efac22dd2be7399535968466224f162d,['FERRAMENTAS E CONSTRUCAO'],FERRAMENTAS E CONSTRUCAO
6012,efb4d60fb4f120700df27e9032a18b54,['BRINQUEDOS E LAZER'],BRINQUEDOS E LAZER
6013,efd2c0c31366671a99bb3eba61b5459a,['BRINQUEDOS E LAZER'],BRINQUEDOS E LAZER
6014,efd8fbb5584dbe0c69cc120e0a1e1a35,['CASA E CONFORTO'],CASA E CONFORTO
6015,efe2bd0e4d25b933231492f36a6e1847,['MODA E BELEZA'],MODA E BELEZA
6016,efe9bd98be3cb5cb5c87e7ca27abe613,['BRINQUEDOS E LAZER'],BRINQUEDOS E LAZER
6017,efeaeef213e3c173e91d9ffe670ba677,"['ELETRONICOS,INFORMATICA E AUDIO']","ELETRONICOS,INFORMATICA E AUDIO"
6018,eff7518af43b9c489aefc02f5957f330,['FERRAMENTAS E CONSTRUCAO'],FERRAMENTAS E CONSTRUCAO
6019,eff815e07af90858dc1de0952b153b9d,['PET SHOP'],PET SHOP
6020,f001d39de25ce801a4b275f5ad3e1c2e,['CASA E CONFORTO'],CASA E CONFORTO
6021,f00c74caaa25430b1fa361c158e8996a,"['ELETRONICOS,INFORMATICA E AUDIO']","ELETRONICOS,INFORMATICA E AUDIO"
6022,f00cdb6f9004b64118cf7814d3a03cff,['MODA E BELEZA'],MODA E BELEZA
6023,f00e76913de005d1e688bde18d970dff,['BRINQUEDOS E LAZER'],BRINQUEDOS E LAZER
6024,f01954cab76ef5d938d291d2f1d201e5,['MOVEIS E ELETRODOMESTICOS'],MOVEIS E ELETRODOMESTICOS
6025,f033a26ffcfd028f925b880c5ba6779c,['ARTES E DECORACAO'],ARTES E DECORACAO
6026,f03ccc35dd341e035efa0ca47c83cf10,['CASA E CONFORTO'],CASA E CONFORTO
6027,f04479bb4e07ce7b8ac1d2287b528541,['CASA E CONFORTO'],CASA E CONFORTO
6028,f054382082622c6e7164f1fea5d4209f,['MOVEIS E ELETRODOMESTICOS'],MOVEIS E ELETRODOMESTICOS
6029,f0680fed8d1da7afd02cc656cb6d57e9,['MODA E BELEZA'],MODA E BELEZA
6030,f07ffa8133ca1dcbc015a9c0ee98c872,['BEBES'],BEBES
6031,f081de5f638ebea21bfb2cc74339e925,['MOVEIS E ELETRODOMESTICOS'],MOVEIS E ELETRODOMESTICOS
6032,f087f83b6e2db9f35f412e6ce337a35f,['MODA E BELEZA'],MODA E BELEZA
6033,f08987078dd6364b07e3db42b792a1e9,['BRINQUEDOS E LAZER'],BRINQUEDOS E LAZER
6034,f08f463d66cc5bfe30cd30cbe9177ad0,['MODA E BELEZA'],MODA E BELEZA
6035,f095f540bdb49344ad5fc17cc494e88e,['FERRAMENTAS E CONSTRUCAO'],FERRAMENTAS E CONSTRUCAO
6036,f099e70d7cf0a758ccb7fb362d477166,['BRINQUEDOS E LAZER'],BRINQUEDOS E LAZER
6037,f09ab7ba678ff9971a9e9b52999030ea,['MOVEIS E ELETRODOMESTICOS'],MOVEIS E ELETRODOMESTICOS
6038,f0b3b8301161711933b5fa04d6191a0e,['MODA E BELEZA'],MODA E BELEZA
6039,f0c5109edd3bd711ebbffac37016ac1c,['MODA E BELEZA'],MODA E BELEZA
6040,f0d9a9e5ae6be6b5b74b1d58208e6261,['FERRAMENTAS E CONSTRUCAO'],FERRAMENTAS E CONSTRUCAO
6041,f0e12869508b76f983393f9207582cc0,['MODA E BELEZA'],MODA E BELEZA
6042,f0e3fe1f0a0a04e3e51efb76a536a099,['MODA E BELEZA'],MODA E BELEZA
6043,f0ea1a5c37278e95cbd4d8684c999341,"['ELETRONICOS,INFORMATICA E AUDIO']","ELETRONICOS,INFORMATICA E AUDIO"
6044,f0eaecfa7f4a74e4227e177eb23ed299,['BRINQUEDOS E LAZER'],BRINQUEDOS E LAZER
6045,f0f9153be6d430178e9a23d78d3c1261,['MODA E BELEZA'],MODA E BELEZA
6046,f103c0690f687250cc224964d54e53fe,"['ELETRONICOS,INFORMATICA E AUDIO']","ELETRONICOS,INFORMATICA E AUDIO"
6047,f1096b41dcbdf89e08328fe0a54ab07c,['BEBES'],BEBES
6048,f11a42c865e929c2b7709f3390d1bc7f,['BRINQUEDOS E LAZER'],BRINQUEDOS E LAZER
6049,f11e9516ca2b6091b64f2e2ea0ebebb3,['MODA E BELEZA'],MODA E BELEZA
6050,f12388e0e8c7694fc38c8de19261054c,['CASA E CONFORTO'],CASA E CONFORTO
6051,f1254ee692815f607bd748f1b50423db,"['LIVROS, MUSICA E PAPELARIA']","LIVROS, MUSICA E PAPELARIA"
6052,f12bf4f34d233f05db28768e5b10d9f9,['MOVEIS E ELETRODOMESTICOS'],MOVEIS E ELETRODOMESTICOS
6053,f12da93bfc1ee01030cea1345a142abb,"['ELETRONICOS,INFORMATICA E AUDIO']","ELETRONICOS,INFORMATICA E AUDIO"
6054,f131e172fef158275f49417eabdda10d,['BRINQUEDOS E LAZER'],BRINQUEDOS E LAZER
6055,f1392a30909dbd81bbe5973e40ebba37,['CASA E CONFORTO'],CASA E CONFORTO
6056,f13b53e842d66d6ea61e1c8da79a4550,['AUTOMOTIVO'],AUTOMOTIVO
6057,f16010e0add047ba483e2b3eefa7c60e,['BEBES'],BEBES
6058,f16290559c863b848c56bd040fe3831c,"['ELETRONICOS,INFORMATICA E AUDIO']","ELETRONICOS,INFORMATICA E AUDIO"
6059,f162b72aa92d8ecf9cdb69e84fb2277c,"['ELETRONICOS,INFORMATICA E AUDIO']","ELETRONICOS,INFORMATICA E AUDIO"
6060,f16cbac8a72057c2daba4b64662100ba,"['LIVROS, MUSICA E PAPELARIA']","LIVROS, MUSICA E PAPELARIA"
6061,f1708e42407809453b1cd03f25c055e5,['CASA E CONFORTO'],CASA E CONFORTO
6062,f17b658bf3d3cad2412d2747ce5ae816,['BRINQUEDOS E LAZER'],BRINQUEDOS E LAZER
6063,f180dba4614531e3f5a7cb56b99072e4,['AUTOMOTIVO'],AUTOMOTIVO
6064,f18cb9c90909f11a7adabc63fb188f19,['CASA E CONFORTO'],CASA E CONFORTO
6065,f18f555bdd4c33bcebaa68a9d6c91980,"['ELETRONICOS,INFORMATICA E AUDIO']","ELETRONICOS,INFORMATICA E AUDIO"
6066,f190884813097fe74073188f97302e98,"['ELETRONICOS,INFORMATICA E AUDIO']","ELETRONICOS,INFORMATICA E AUDIO"
6067,f1adecdec113c6c915849913c65ddd59,"['ELETRONICOS,INFORMATICA E AUDIO']","ELETRONICOS,INFORMATICA E AUDIO"
6068,f1b3809a1da6d290236e12617e8be778,['AUTOMOTIVO'],AUTOMOTIVO
6069,f1b64d15b1fe4c26aeffdaa46fa1004b,['AUTOMOTIVO'],AUTOMOTIVO
6070,f1bc4367547388bec3e4ecf266defc71,['FERRAMENTAS E CONSTRUCAO'],FERRAMENTAS E CONSTRUCAO
6071,f1be668faf7b301d7b9269d0dcacda99,['MODA E BELEZA'],MODA E BELEZA
6072,f1ce104562bd756dd17eecf2a55766bd,['MOVEIS E ELETRODOMESTICOS'],MOVEIS E ELETRODOMESTICOS
6073,f1d050fd7d6e547eb0ac3bb1f776ffd4,['MODA E BELEZA'],MODA E BELEZA
6074,f1db3b4ae1a3252075e1bcb338303e7f,"['ELETRONICOS,INFORMATICA E AUDIO']","ELETRONICOS,INFORMATICA E AUDIO"
6075,f1e29ed944fff812d3fb63c9c0ffb09d,['MOVEIS E ELETRODOMESTICOS'],MOVEIS E ELETRODOMESTICOS
6076,f1ec04b3b8679de55776bea7e3ad436f,['CASA E CONFORTO'],CASA E CONFORTO
6077,f1ee39e9c5dd55fbb91449e918a7eb37,['AUTOMOTIVO'],AUTOMOTIVO
6078,f1fbc76b5a7cfbf5170cba46cbc93c24,['PET SHOP'],PET SHOP
6079,f221e96b7de74d489ab306e560fb83a1,['AUTOMOTIVO'],AUTOMOTIVO
6080,f2295bca86e6c4a2a1c211330a5c5779,['MODA E BELEZA'],MODA E BELEZA
6081,f22d1b7a86950424a08a39c66fb46bfa,['MODA E BELEZA'],MODA E BELEZA
6082,f230041025cb889113e0999362dc2ad1,['AUTOMOTIVO'],AUTOMOTIVO
6083,f23681a0fffdb8051c674707c7e912ef,"['ELETRONICOS,INFORMATICA E AUDIO']","ELETRONICOS,INFORMATICA E AUDIO"
6084,f245b1d57bf493d0db1e6118927db48f,['AUTOMOTIVO'],AUTOMOTIVO
6085,f24add37cc5868bcd2ffd5ba3c3715bc,['BRINQUEDOS E LAZER'],BRINQUEDOS E LAZER
6086,f24bbebc2c8ba687b65f1be751dd8982,"['ELETRONICOS,INFORMATICA E AUDIO']","ELETRONICOS,INFORMATICA E AUDIO"
6087,f256e6ae5f9bc6968eb25800d1360ab9,['CASA E CONFORTO'],CASA E CONFORTO
6088,f26d4637c4f560f72ba7feac1675c100,['FERRAMENTAS E CONSTRUCAO'],FERRAMENTAS E CONSTRUCAO
6089,f275879ee3e5b5f212e1d4079ab21ec1,['BRINQUEDOS E LAZER'],BRINQUEDOS E LAZER
6090,f2a6774c892c14709d530828352bdd34,['MOVEIS E ELETRODOMESTICOS'],MOVEIS E ELETRODOMESTICOS
6091,f2ab8320611d5beba208b922230c352e,['MODA E BELEZA'],MODA E BELEZA
6092,f2c9428d2c7720cb4e9f2a9634673ce6,['BRINQUEDOS E LAZER'],BRINQUEDOS E LAZER
6093,f2decddf8c6c81ab5681626c6c282871,['FERRAMENTAS E CONSTRUCAO'],FERRAMENTAS E CONSTRUCAO
6094,f2e62e5ce667ba626a17ef195d775796,"['ELETRONICOS,INFORMATICA E AUDIO']","ELETRONICOS,INFORMATICA E AUDIO"
6095,f2ef7d612e69efa8075800e031d9880a,"['LIVROS, MUSICA E PAPELARIA']","LIVROS, MUSICA E PAPELARIA"
6096,f2f994648283ef31bf69ae8b9109921c,['MOVEIS E ELETRODOMESTICOS'],MOVEIS E ELETRODOMESTICOS
6097,f30607daae66843552e00843c6de88ef,['MODA E BELEZA'],MODA E BELEZA
6098,f3066418fab0adaa48dc4e3c19e4b65b,['MODA E BELEZA'],MODA E BELEZA
6099,f31535f21d145b2345e2bf7f09d62322,['AUTOMOTIVO'],AUTOMOTIVO
6100,f31821b89453086fb83d13d1ce46a51e,['MOVEIS E ELETRODOMESTICOS'],MOVEIS E ELETRODOMESTICOS
6101,f32d7a54ec5a62d53d78a7c812c9eaa8,['BRINQUEDOS E LAZER'],BRINQUEDOS E LAZER
6102,f33d191c07d5d88e9216967ea8472d29,['CASA E CONFORTO'],CASA E CONFORTO
6103,f359fa9d20251af793b9b9704c9b3f47,['MODA E BELEZA'],MODA E BELEZA
6104,f37cdd40de53fd4b961aa07433c716fc,['BRINQUEDOS E LAZER'],BRINQUEDOS E LAZER
6105,f387eb734dc3346d68ecfdaf4f0ab0ee,['CASA E CONFORTO'],CASA E CONFORTO
6106,f38ae8b796d52858ed18b394908209d8,['FERRAMENTAS E CONSTRUCAO'],FERRAMENTAS E CONSTRUCAO
6107,f390346ecbf61a6b81b92017a7410df1,['CASA E CONFORTO'],CASA E CONFORTO
6108,f3a0df8637066be632ea188f5902c162,['MOVEIS E ELETRODOMESTICOS'],MOVEIS E ELETRODOMESTICOS
6109,f3a34019663003872f3892902d2b7b2d,"['ELETRONICOS,INFORMATICA E AUDIO']","ELETRONICOS,INFORMATICA E AUDIO"
6110,f3b71bda51bcde2c100176e4932c4492,['CASA E CONFORTO'],CASA E CONFORTO
6111,f3bd551f3e8da9ba257cc4f68e4b89f9,['BRINQUEDOS E LAZER'],BRINQUEDOS E LAZER
6112,f3c19ec2622d12aafeb4c32621b951b2,['CASA E CONFORTO'],CASA E CONFORTO
6113,f3c7f31502a61f206c30c674a4ada401,['MODA E BELEZA'],MODA E BELEZA
6114,f3c9119e4b962a560061917775f912af,['MODA E BELEZA'],MODA E BELEZA
6115,f3d1583d73bad757e13d4e25b24efb32,['MODA E BELEZA'],MODA E BELEZA
6116,f3d641d9bf49ba992b999d270bef052b,['CASA E CONFORTO'],CASA E CONFORTO
6117,f3de0893c636179ae92136f971523452,['CASA E CONFORTO'],CASA E CONFORTO
6118,f3e5c962f3e54c9eb2148bcdfebef26c,['CASA E CONFORTO'],CASA E CONFORTO
6119,f3f1a6aecc9c4e12ac22b27101dbce05,['MOVEIS E ELETRODOMESTICOS'],MOVEIS E ELETRODOMESTICOS
6120,f3f3b27cca7955c784c143b5886558d3,['BRINQUEDOS E LAZER'],BRINQUEDOS E LAZER
6121,f3f65564546eca69a8247a280e51a77b,"['ELETRONICOS,INFORMATICA E AUDIO']","ELETRONICOS,INFORMATICA E AUDIO"
6122,f3fdee8d27166359de2abe05ec16b351,['FERRAMENTAS E CONSTRUCAO'],FERRAMENTAS E CONSTRUCAO
6123,f40512005e99b84b0daf7b1ace9dbc7f,['BRINQUEDOS E LAZER'],BRINQUEDOS E LAZER
6124,f407e662a10a7864e42c33fdc559ff0a,['FERRAMENTAS E CONSTRUCAO'],FERRAMENTAS E CONSTRUCAO
6125,f40b59109981de2b6d38eb4f42033102,['MOVEIS E ELETRODOMESTICOS'],MOVEIS E ELETRODOMESTICOS
6126,f41397c4cf4c8a67f5f540472acbfe4f,"['ELETRONICOS,INFORMATICA E AUDIO']","ELETRONICOS,INFORMATICA E AUDIO"
6127,f43e673034eb90d4d548dcbc3f64b6db,['BRINQUEDOS E LAZER'],BRINQUEDOS E LAZER
6128,f4501c0e013275ff49c4a0c3d16c50ee,"['ELETRONICOS,INFORMATICA E AUDIO']","ELETRONICOS,INFORMATICA E AUDIO"
6129,f46b842d9b4dfd29acf5eec998837ede,['MODA E BELEZA'],MODA E BELEZA
6130,f495929260b8f76b254652d9729e8c19,['CASA E CONFORTO'],CASA E CONFORTO
6131,f4a9a8dac06f384b1b71b01d433a1a5b,['BRINQUEDOS E LAZER'],BRINQUEDOS E LAZER
6132,f4aeb1d543f3ef66d96e67c8589e03c4,['MOVEIS E ELETRODOMESTICOS'],MOVEIS E ELETRODOMESTICOS
6133,f4bc8c5c2d0700575efaf3a5f913bc65,['MODA E BELEZA'],MODA E BELEZA
6134,f4bcc27cc1e629c8ea22ae96ab8751ae,['MODA E BELEZA'],MODA E BELEZA
6135,f4e86d12ddc6d795b86817623a9de164,"['ELETRONICOS,INFORMATICA E AUDIO']","ELETRONICOS,INFORMATICA E AUDIO"
6136,f4eadb63785a85c5624767458b5f5cc6,['MODA E BELEZA'],MODA E BELEZA
6137,f4eef947e4385f95c5a7184a689fe241,['CASA E CONFORTO'],CASA E CONFORTO
6138,f50e6fe960b68d2b8510cc0cef8ed8dc,['BRINQUEDOS E LAZER'],BRINQUEDOS E LAZER
6139,f5139e1e815c2c43601a4525c4716188,['MODA E BELEZA'],MODA E BELEZA
6140,f5226047c60ee185cf7f497f8c96024c,['CASA E CONFORTO'],CASA E CONFORTO
6141,f524c90cfde704f5c89dbdff12ecffcc,"['ELETRONICOS,INFORMATICA E AUDIO']","ELETRONICOS,INFORMATICA E AUDIO"
6142,f5299daf77d8dc1c9630692065eeeb57,"['ELETRONICOS,INFORMATICA E AUDIO']","ELETRONICOS,INFORMATICA E AUDIO"
6143,f52ca6450bdbd97aace8dc2d9d711000,['MODA E BELEZA'],MODA E BELEZA
6144,f530e66c74816309f2bf8eb5a619b3ab,['MODA E BELEZA'],MODA E BELEZA
6145,f5318f2526a744099fb9be520a5708fa,['MODA E BELEZA'],MODA E BELEZA
6146,f5354051d307a0a1205617cd0f0c1211,['MODA E BELEZA'],MODA E BELEZA
6147,f539d0423a5e7bd1ec489c23211cf9e3,"['ELETRONICOS,INFORMATICA E AUDIO']","ELETRONICOS,INFORMATICA E AUDIO"
6148,f54a5247270f147891511428c087773e,['BRINQUEDOS E LAZER'],BRINQUEDOS E LAZER
6149,f54cbc3f957ff9982ed80d289647f592,['MODA E BELEZA'],MODA E BELEZA
6150,f562fcbc87b8916bfaad4dc4a8db933c,['BRINQUEDOS E LAZER'],BRINQUEDOS E LAZER
6151,f565b5276bd106d6f173c196568826d4,"['ELETRONICOS,INFORMATICA E AUDIO']","ELETRONICOS,INFORMATICA E AUDIO"
6152,f567f02b20d72fd018320dc1d3a9d597,['FERRAMENTAS E CONSTRUCAO'],FERRAMENTAS E CONSTRUCAO
6153,f5691c2b1ca263490374d13d020bd950,['BRINQUEDOS E LAZER'],BRINQUEDOS E LAZER
6154,f58c538485f196aedcc7a7f6cbe34dd6,['AUTOMOTIVO'],AUTOMOTIVO
6155,f59c32918a7251cf643f2ced55337569,['AUTOMOTIVO'],AUTOMOTIVO
6156,f5a511e584053180df75a3a2138e9ae3,['MODA E BELEZA'],MODA E BELEZA
6157,f5af86a3bea41e5daef5c06e7a02ad2e,['MOVEIS E ELETRODOMESTICOS'],MOVEIS E ELETRODOMESTICOS
6158,f5c40d2938c1fc36a6f2b7adfec50895,['BRINQUEDOS E LAZER'],BRINQUEDOS E LAZER
6159,f5c7fcc9933ae8861462ee79735d9993,['CASA E CONFORTO'],CASA E CONFORTO
6160,f5d4eecb3411ba9859d303ffc7626277,['MODA E BELEZA'],MODA E BELEZA
6161,f5d76afa9187f43bf70b16cea5c97c1a,['MODA E BELEZA'],MODA E BELEZA
6162,f5d98cac84d7a766c2615a4262585d81,['MOVEIS E ELETRODOMESTICOS'],MOVEIS E ELETRODOMESTICOS
6163,f5ee50375a852fcea177ed5406a3f4c4,"['ELETRONICOS,INFORMATICA E AUDIO']","ELETRONICOS,INFORMATICA E AUDIO"
6164,f62bcc40f1e01d7e8a16053541c8b8ef,"['ELETRONICOS,INFORMATICA E AUDIO']","ELETRONICOS,INFORMATICA E AUDIO"
6165,f62d0c0343ded060890ac3b257706521,"['ELETRONICOS,INFORMATICA E AUDIO']","ELETRONICOS,INFORMATICA E AUDIO"
6166,f636244e2204ad1803e13b363792d655,['BRINQUEDOS E LAZER'],BRINQUEDOS E LAZER
6167,f637db9f107a517712822ef3c44024aa,['CASA E CONFORTO'],CASA E CONFORTO
6168,f644267f332fbcb9fe143fbb7478441c,['MOVEIS E ELETRODOMESTICOS'],MOVEIS E ELETRODOMESTICOS
6169,f64fc900013bfa7716897f6208c5c126,"['ELETRONICOS,INFORMATICA E AUDIO']","ELETRONICOS,INFORMATICA E AUDIO"
6170,f65f13aa0f61098cebf314daa13a51da,['BRINQUEDOS E LAZER'],BRINQUEDOS E LAZER
6171,f66ab2fcf6eb4fbb8c027f16de902cdc,['PET SHOP'],PET SHOP
6172,f67026e78b00cb23af0f2ccdb5ee8245,['MODA E BELEZA'],MODA E BELEZA
6173,f679d90195e7c1e11563250d98edffb6,['FERRAMENTAS E CONSTRUCAO'],FERRAMENTAS E CONSTRUCAO
6174,f6810461afa54491e406413c2328e6b5,['MOVEIS E ELETRODOMESTICOS'],MOVEIS E ELETRODOMESTICOS
6175,f694a43692e80583d2b5b561d4af4488,['BRINQUEDOS E LAZER'],BRINQUEDOS E LAZER
6176,f6956fd0c7b151f0441f43f7bc6eab81,"['ELETRONICOS,INFORMATICA E AUDIO']","ELETRONICOS,INFORMATICA E AUDIO"
6177,f697830f52a6a751ee9469385da12bf4,['CASA E CONFORTO'],CASA E CONFORTO
6178,f6a077b6752745563626dd0aba873fab,"['ELETRONICOS,INFORMATICA E AUDIO']","ELETRONICOS,INFORMATICA E AUDIO"
6179,f6ac44bbece0129b596dfc21aede3c20,['CASA E CONFORTO'],CASA E CONFORTO
6180,f6bf3b24291e3adaf0840193cedbf844,['MODA E BELEZA'],MODA E BELEZA
6181,f6c27d701f56908211977640291b3ad3,['BRINQUEDOS E LAZER'],BRINQUEDOS E LAZER
6182,f6cb852e20e90f3e19b230d78b0bb97b,['FERRAMENTAS E CONSTRUCAO'],FERRAMENTAS E CONSTRUCAO
6183,f6cd41298d06413e39c491540baf2745,['CASA E CONFORTO'],CASA E CONFORTO
6184,f6cf8d4fd766fb0bd2d664fbbc94e9b7,['MODA E BELEZA'],MODA E BELEZA
6185,f6dc214828640155295589cf7c2ed4e8,"['ELETRONICOS,INFORMATICA E AUDIO']","ELETRONICOS,INFORMATICA E AUDIO"
6186,f6e6afb31fd4986da7ac663a6b0c93b4,['CASA E CONFORTO'],CASA E CONFORTO
6187,f6ec769c796ea963843da58718ada694,['AUTOMOTIVO'],AUTOMOTIVO
6188,f6ed6898419c893a57cd88e7dbbdb2c7,['BRINQUEDOS E LAZER'],BRINQUEDOS E LAZER
6189,f711577771f6ca55feeeeb1f30dfe2f0,['CASA E CONFORTO'],CASA E CONFORTO
6190,f7198d6fd9c02f8d7f7646b213376ddf,['AUTOMOTIVO'],AUTOMOTIVO
6191,f7203d9ccdf6519081031222d1f49788,['AUTOMOTIVO'],AUTOMOTIVO
6192,f7220418cd6c36ddfba778a8433e98fa,['MODA E BELEZA'],MODA E BELEZA
6193,f731b243c311f0d8e1dc406d1d5eb1e4,['CASA E CONFORTO'],CASA E CONFORTO
6194,f732c55a86efa8dc400f0f4fae25a411,['MODA E BELEZA'],MODA E BELEZA
6195,f73d73f08d9e97a496861a69bf371880,['MOVEIS E ELETRODOMESTICOS'],MOVEIS E ELETRODOMESTICOS
6196,f73de6a34a3027ae82efac7a6bb5318d,['MOVEIS E ELETRODOMESTICOS'],MOVEIS E ELETRODOMESTICOS
6197,f7499d7ef8d2ef5405b9f45b14223ee0,"['ELETRONICOS,INFORMATICA E AUDIO']","ELETRONICOS,INFORMATICA E AUDIO"
6198,f7540aab098d4ad144b44ab17f44fa63,['CASA E CONFORTO'],CASA E CONFORTO
6199,f756f24c1fc9b46e384943ba538a23cd,['BRINQUEDOS E LAZER'],BRINQUEDOS E LAZER
6200,f76d2b6e418d8642c27cec2e51dc7e51,['MODA E BELEZA'],MODA E BELEZA
6201,f790f7c7d494562bf4166768abbb9d94,['MOVEIS E ELETRODOMESTICOS'],MOVEIS E ELETRODOMESTICOS
6202,f79166d484b12d995cc47ff0fd43db75,"['ELETRONICOS,INFORMATICA E AUDIO']","ELETRONICOS,INFORMATICA E AUDIO"
6203,f7923db0430587601c2aef15ec4b8af4,['AUTOMOTIVO'],AUTOMOTIVO
6204,f79b8af9c83e40ce3234880ed7196426,['MODA E BELEZA'],MODA E BELEZA
6205,f7a6067a1669a4d0b6a58e933098da0c,['CASA E CONFORTO'],CASA E CONFORTO
6206,f7ae7cbe3967049e8cf9103d84155c44,['BRINQUEDOS E LAZER'],BRINQUEDOS E LAZER
6207,f7cb1a22366eb2e46a22d3626871d1d5,['FERRAMENTAS E CONSTRUCAO'],FERRAMENTAS E CONSTRUCAO
6208,f7f0b79050e7ef0b1cf7ffceb0aa114a,['MODA E BELEZA'],MODA E BELEZA
6209,f7f3fabc083edcb99e4be7381a60e660,['BRINQUEDOS E LAZER'],BRINQUEDOS E LAZER
6210,f803d953d504e923f69704f85b325828,"['ELETRONICOS,INFORMATICA E AUDIO']","ELETRONICOS,INFORMATICA E AUDIO"
6211,f80418398916bd31aed5238ba6efe9b7,['MODA E BELEZA'],MODA E BELEZA
6212,f811e0db5991b2b39a1fe8a057fc6f96,['CASA E CONFORTO'],CASA E CONFORTO
6213,f813be1cdc38407e8e55a3ff18509b8d,['BRINQUEDOS E LAZER'],BRINQUEDOS E LAZER
6214,f8268f009c38528d7c7840a5d46ef8ca,"['ELETRONICOS,INFORMATICA E AUDIO']","ELETRONICOS,INFORMATICA E AUDIO"
6215,f8306c39b861b2b3879c573003a666b3,['ARTES E DECORACAO'],ARTES E DECORACAO
6216,f83bab059faa2a4560be63dad351763a,['MODA E BELEZA'],MODA E BELEZA
6217,f849f319243bc7755c4fa9ccdb35eea7,['MODA E BELEZA'],MODA E BELEZA
6218,f84c7f94a29cb1d53dc607284d5bae9a,"['ELETRONICOS,INFORMATICA E AUDIO']","ELETRONICOS,INFORMATICA E AUDIO"
6219,f84e156e1671129eb01e38a679129538,"['ELETRONICOS,INFORMATICA E AUDIO']","ELETRONICOS,INFORMATICA E AUDIO"
6220,f84f158d834dafae73fa8da8b11bea6d,['MOVEIS E ELETRODOMESTICOS'],MOVEIS E ELETRODOMESTICOS
6221,f886ca9715359489ac5ca62177ce61c9,['MOVEIS E ELETRODOMESTICOS'],MOVEIS E ELETRODOMESTICOS
6222,f891a5652a32da88979c1328c7cb73db,['MODA E BELEZA'],MODA E BELEZA
6223,f89a86148310b5d6a02fbab8f1c9fb77,['MODA E BELEZA'],MODA E BELEZA
6224,f89e956a35c0e20d28eec0b54ed8a86c,"['ELETRONICOS,INFORMATICA E AUDIO']","ELETRONICOS,INFORMATICA E AUDIO"
6225,f8a32dccc15ddefd099b9c9f3e943595,"['ELETRONICOS,INFORMATICA E AUDIO']","ELETRONICOS,INFORMATICA E AUDIO"
6226,f8b158fb8ab6cc090f0746a1eabd2e01,['AUTOMOTIVO'],AUTOMOTIVO
6227,f8b625b1a8ae63614f1c171fb18c7a49,"['ELETRONICOS,INFORMATICA E AUDIO']","ELETRONICOS,INFORMATICA E AUDIO"
6228,f8b959d98886eb608247e99500dc7b27,['MODA E BELEZA'],MODA E BELEZA
6229,f8dacbc95a26cd286e7a5e9bf3dd0813,"['ELETRONICOS,INFORMATICA E AUDIO']","ELETRONICOS,INFORMATICA E AUDIO"
6230,f8e1c556dbd76c6784f4283973f0095f,['CASA E CONFORTO'],CASA E CONFORTO
6231,f8e76bb341db0c60411beac8a83f312a,['BEBES'],BEBES
6232,f8ebdc391ba2950e41dfd4a8385418ae,['MODA E BELEZA'],MODA E BELEZA
6233,f8f209528a1b97cc0fc2479c52af907b,"['ELETRONICOS,INFORMATICA E AUDIO']","ELETRONICOS,INFORMATICA E AUDIO"
6234,f8f39c04af57100b2067941cddcb9376,['FERRAMENTAS E CONSTRUCAO'],FERRAMENTAS E CONSTRUCAO
6235,f8f5a61defba49f13a7e21a369026f04,['MODA E BELEZA'],MODA E BELEZA
6236,f8f7fb9bc13c0bbfaf2eb09493de90d6,['BRINQUEDOS E LAZER'],BRINQUEDOS E LAZER
6237,f8fd2ac9626cada5584890581ca7e55b,['BEBES'],BEBES
6238,f8fe2e394d3641489e6a2ca1cc40651e,['FERRAMENTAS E CONSTRUCAO'],FERRAMENTAS E CONSTRUCAO
6239,f916cacb752116d552d42759c8da0cca,['MOVEIS E ELETRODOMESTICOS'],MOVEIS E ELETRODOMESTICOS
6240,f92b34d1e66d16dfe85adfbf914dee86,['MOVEIS E ELETRODOMESTICOS'],MOVEIS E ELETRODOMESTICOS
6241,f92c4415380d5956969e7b44174a6476,['FERRAMENTAS E CONSTRUCAO'],FERRAMENTAS E CONSTRUCAO
6242,f92d5a62c7841e7f1a73ce4a68912c4b,['MODA E BELEZA'],MODA E BELEZA
6243,f92ebc52a42344683b930dfb16d2f317,['CASA E CONFORTO'],CASA E CONFORTO
6244,f938fa004452c776198a593e5fb9056d,['BRINQUEDOS E LAZER'],BRINQUEDOS E LAZER
6245,f939e2a89376e44158657a15465cacce,['MOVEIS E ELETRODOMESTICOS'],MOVEIS E ELETRODOMESTICOS
6246,f93bdede82a36c75fddda9a509f2298b,['CASA E CONFORTO'],CASA E CONFORTO
6247,f947483d17043c99e4de12dacdbd763a,['BRINQUEDOS E LAZER'],BRINQUEDOS E LAZER
6248,f967a36beb9cc4a1c8899db2d4adfacb,"['ELETRONICOS,INFORMATICA E AUDIO']","ELETRONICOS,INFORMATICA E AUDIO"
6249,f967b3b4e10db096bfc62535abb40d43,['BRINQUEDOS E LAZER'],BRINQUEDOS E LAZER
6250,f96b5c312ad850920b6aed06ee8881ad,"['ELETRONICOS,INFORMATICA E AUDIO']","ELETRONICOS,INFORMATICA E AUDIO"
6251,f976bd9178b8f3927dbf9f4b5f9e7f16,['BEBES'],BEBES
6252,f97ac032d629afe0a0680d4f00f10f4a,['MODA E BELEZA'],MODA E BELEZA
6253,f98bb654902a31129a96822d0aecfd75,['BEBES'],BEBES
6254,f9924bb345cacfbf0fda3cca1dfffcd8,"['ELETRONICOS,INFORMATICA E AUDIO']","ELETRONICOS,INFORMATICA E AUDIO"
6255,f999e26054da652c7caa0da95228c9b8,['CASA E CONFORTO'],CASA E CONFORTO
6256,f99f27c6436299deb7afb301de293eba,"['ELETRONICOS,INFORMATICA E AUDIO']","ELETRONICOS,INFORMATICA E AUDIO"
6257,f9ada76953fa490d8a254d2e28f353ac,"['ELETRONICOS,INFORMATICA E AUDIO']","ELETRONICOS,INFORMATICA E AUDIO"
6258,f9b08c26496de3604c13a613383165b0,"['ELETRONICOS,INFORMATICA E AUDIO']","ELETRONICOS,INFORMATICA E AUDIO"
6259,f9b80bc225fe1efa4384db3fdb46c2e4,"['ELETRONICOS,INFORMATICA E AUDIO']","ELETRONICOS,INFORMATICA E AUDIO"
6260,f9bec732ab454a0aa8d04a38af127a23,['FERRAMENTAS E CONSTRUCAO'],FERRAMENTAS E CONSTRUCAO
6261,f9c47932f5342ee9c86d3492bc4e50f5,['BRINQUEDOS E LAZER'],BRINQUEDOS E LAZER
6262,f9d2e3d2cc060d2d5fbbaef4fba580b1,"['ELETRONICOS,INFORMATICA E AUDIO']","ELETRONICOS,INFORMATICA E AUDIO"
6263,f9d5cc83106322c8781e4cc0c0bce572,['BEBES'],BEBES
6264,f9d90a312f7c442297e418dbf9564475,['MODA E BELEZA'],MODA E BELEZA
6265,f9dacb87560bf2a37dfc69ef1c0d4e08,"['ELETRONICOS,INFORMATICA E AUDIO']","ELETRONICOS,INFORMATICA E AUDIO"
6266,f9f15e02ed74cf8a21b8266a55498942,['MODA E BELEZA'],MODA E BELEZA
6267,f9f807903694bbf34df92036c1d192f6,"['ELETRONICOS,INFORMATICA E AUDIO']","ELETRONICOS,INFORMATICA E AUDIO"
6268,fa086b521df2d133df67f2883eadad21,['ARTES E DECORACAO'],ARTES E DECORACAO
6269,fa0d6d911b362948d8f86f9a703c268b,['AUTOMOTIVO'],AUTOMOTIVO
6270,fa1bc00c5ff3bb7e0f2de96d76e2ee05,['BEBES'],BEBES
6271,fa2925bdbb799073bec7b6fe2bd88a1b,['CASA E CONFORTO'],CASA E CONFORTO
6272,fa2e4f22d5a4e8d2e7ddbd342245259a,['CASA E CONFORTO'],CASA E CONFORTO
6273,fa347fa4c2178db364a55330081ae2d1,['BRINQUEDOS E LAZER'],BRINQUEDOS E LAZER
6274,fa3c71ffffeeb5eb71a5cceba27226c8,['BRINQUEDOS E LAZER'],BRINQUEDOS E LAZER
6275,fa44b98d202360f1246681a3e0405db4,"['ELETRONICOS,INFORMATICA E AUDIO']","ELETRONICOS,INFORMATICA E AUDIO"
6276,fa464e66c13ab4ea69b7fb3c7888ea0c,['MODA E BELEZA'],MODA E BELEZA
6277,fa4dbdc2240b30eb41532f7a04684661,['MODA E BELEZA'],MODA E BELEZA
6278,fa4ee681ec32520f00735c89736b5d41,['CASA E CONFORTO'],CASA E CONFORTO
6279,fa57a38d61b5762b8f0b36342adc7157,['FERRAMENTAS E CONSTRUCAO'],FERRAMENTAS E CONSTRUCAO
6280,fa584838f0f64e25b892b5e883b2c606,['CASA E CONFORTO'],CASA E CONFORTO
6281,fa794cef99ed64f42ebb766a8af51c64,"['ELETRONICOS,INFORMATICA E AUDIO']","ELETRONICOS,INFORMATICA E AUDIO"
6282,fa79d81a2b6991398dfaa1bc61b586f3,['MODA E BELEZA'],MODA E BELEZA
6283,fa86f95c2bce5958b1d9236da9f96926,"['ELETRONICOS,INFORMATICA E AUDIO']","ELETRONICOS,INFORMATICA E AUDIO"
6284,fa8d60735eb7db0f4659893592e3fec0,['BRINQUEDOS E LAZER'],BRINQUEDOS E LAZER
6285,faa3c806c150cf6f037882a8c4db259d,['MODA E BELEZA'],MODA E BELEZA
6286,faa68fcba0ef1321e0c356db33de5293,['FERRAMENTAS E CONSTRUCAO'],FERRAMENTAS E CONSTRUCAO
6287,faabc69ee9f9b4e81c8a4504fdacdc50,['BRINQUEDOS E LAZER'],BRINQUEDOS E LAZER
6288,fab137488ea6654792ec4cac3000cee8,"['LIVROS, MUSICA E PAPELARIA']","LIVROS, MUSICA E PAPELARIA"
6289,fad130916dfec1c29b876fae7113f4df,['MODA E BELEZA'],MODA E BELEZA
6290,fad4c51261e06a0f8a2309ee81747628,['MODA E BELEZA'],MODA E BELEZA
6291,fadb25c91522130892be8a5ddb3e139f,['BRINQUEDOS E LAZER'],BRINQUEDOS E LAZER
6292,fae7474cb4e9db46851ec394af4a04b8,"['ELETRONICOS,INFORMATICA E AUDIO']","ELETRONICOS,INFORMATICA E AUDIO"
6293,faf18cecda32bcf685059fb419574421,['CASA E CONFORTO'],CASA E CONFORTO
6294,faf6aa5bf56ed187250988325e866dd6,"['ELETRONICOS,INFORMATICA E AUDIO']","ELETRONICOS,INFORMATICA E AUDIO"
6295,fb05a4b251a54957ff9a86d515f98289,['MODA E BELEZA'],MODA E BELEZA
6296,fb160817be895543f88cd2eb3d7b1946,['FERRAMENTAS E CONSTRUCAO'],FERRAMENTAS E CONSTRUCAO
6297,fb16eb7d2922cdf521797850c680dacf,"['LIVROS, MUSICA E PAPELARIA']","LIVROS, MUSICA E PAPELARIA"
6298,fb1eff538c7c7033fdb5a6a0a3edd456,"['ELETRONICOS,INFORMATICA E AUDIO']","ELETRONICOS,INFORMATICA E AUDIO"
6299,fb22db4615517f44f8312846412a25bf,['FERRAMENTAS E CONSTRUCAO'],FERRAMENTAS E CONSTRUCAO
6300,fb2396a74aaecef7121159fc69a5a7d9,['MODA E BELEZA'],MODA E BELEZA
6301,fb260abf14e47c95a0b19acb1ab3ed43,['MODA E BELEZA'],MODA E BELEZA
6302,fb34957b24cfaa3c67835b67097b45e6,['BRINQUEDOS E LAZER'],BRINQUEDOS E LAZER
6303,fb37b4e097b850ea9b2a568362742d10,['CASA E CONFORTO'],CASA E CONFORTO
6304,fb46ec58122be3837cc47f9d175de2bf,['AUTOMOTIVO'],AUTOMOTIVO
6305,fb4ac2c3fe6b4c0499e23ecf1cd6a462,"['ELETRONICOS,INFORMATICA E AUDIO']","ELETRONICOS,INFORMATICA E AUDIO"
6306,fb4f1bfbc3032fb262e0548f93fe6087,['BRINQUEDOS E LAZER'],BRINQUEDOS E LAZER
6307,fb52772040f4324904abfd196ab908f8,['ARTES E DECORACAO'],ARTES E DECORACAO
6308,fb60bfb1c80eb02d4fc8efef7f25f87a,['MODA E BELEZA'],MODA E BELEZA
6309,fb612793f43e55d0df079f56c7ffb811,['FERRAMENTAS E CONSTRUCAO'],FERRAMENTAS E CONSTRUCAO
6310,fb6601cf3e1e52f7cf4ce42b7242cd95,['MODA E BELEZA'],MODA E BELEZA
6311,fb66173878dcc988e4e3e1151901b298,['BEBES'],BEBES
6312,fb662b5ba362e72d75d486ca4d29c9e4,['MODA E BELEZA'],MODA E BELEZA
6313,fb6a38c6d83a99a085e448f590cbc1d9,"['ELETRONICOS,INFORMATICA E AUDIO']","ELETRONICOS,INFORMATICA E AUDIO"
6314,fb6d9f2b63d335de19b9df4b1c4a6f51,['CASA E CONFORTO'],CASA E CONFORTO
6315,fb75871974a19244a87fcafde416f747,['MODA E BELEZA'],MODA E BELEZA
6316,fb7688c98b85305cf636fb26b2804186,"['ELETRONICOS,INFORMATICA E AUDIO']","ELETRONICOS,INFORMATICA E AUDIO"
6317,fb775efc60477f1cd523b2542d3a8b6a,"['ELETRONICOS,INFORMATICA E AUDIO']","ELETRONICOS,INFORMATICA E AUDIO"
6318,fb797aee19d1e438385938cd482027bb,['BRINQUEDOS E LAZER'],BRINQUEDOS E LAZER
6319,fb8705064d6146e5fdc372b0fc2bf60a,['MODA E BELEZA'],MODA E BELEZA
6320,fb87fe28380004e9d6ddcc862b23a82b,"['ELETRONICOS,INFORMATICA E AUDIO']","ELETRONICOS,INFORMATICA E AUDIO"
6321,fb9a9bc9654c16364f348fb2309b1214,['CASA E CONFORTO'],CASA E CONFORTO
6322,fb9b2930f4a30f96c7cc98eaaa85e5f0,['MOVEIS E ELETRODOMESTICOS'],MOVEIS E ELETRODOMESTICOS
6323,fbb6f530a29a36186658901e6514455c,['PET SHOP'],PET SHOP
6324,fbd299c9b305701ce40810926aa2fc80,['MODA E BELEZA'],MODA E BELEZA
6325,fbd82b1fe98967de0db29b6cf134d00a,['BEBES'],BEBES
6326,fbdb804cd5fd11e97287cd4cc842f7c4,['AUTOMOTIVO'],AUTOMOTIVO
6327,fbdefc6748a086900f96b1713c6bb1ea,['MODA E BELEZA'],MODA E BELEZA
6328,fbed5025efea6c9b776e3826c055ad9e,['MODA E BELEZA'],MODA E BELEZA
6329,fbee80ef6891c144af8ff9dc788aaa89,['MODA E BELEZA'],MODA E BELEZA
6330,fbefd1a1d596025d72cd7cbf21c4f804,"['ELETRONICOS,INFORMATICA E AUDIO']","ELETRONICOS,INFORMATICA E AUDIO"
6331,fbf0dfaa84a26a3cbddf314c3362316c,['ARTES E DECORACAO'],ARTES E DECORACAO
6332,fbf3da6fe82010412982890b0c57e532,['BRINQUEDOS E LAZER'],BRINQUEDOS E LAZER
6333,fbf9ac61453ac646ce8ad9783d7d0af6,['ARTES E DECORACAO'],ARTES E DECORACAO
6334,fbffb0b287b62d10b5a1c24a29ae16ea,['BEBES'],BEBES
6335,fc06766875a10376c5a1f0b4c0320dac,['BRINQUEDOS E LAZER'],BRINQUEDOS E LAZER
6336,fc1b451bcd04f122c92cae4e31a12eae,['CASA E CONFORTO'],CASA E CONFORTO
6337,fc273d6a4897ae00a76e8265d134098e,['MODA E BELEZA'],MODA E BELEZA
6338,fc303e9e3e6717098dbf0a3484304832,['CASA E CONFORTO'],CASA E CONFORTO
6339,fc355d449ceaea8f858ef33c4eba83fa,['CASA E CONFORTO'],CASA E CONFORTO
6340,fc3830b4f000e216dc581df9a0e873e2,['MODA E BELEZA'],MODA E BELEZA
6341,fc44d27a4439d26e8ead6e656c28cbd2,"['LIVROS, MUSICA E PAPELARIA']","LIVROS, MUSICA E PAPELARIA"
6342,fc57d3021b51a9424b4a35784601a628,['CASA E CONFORTO'],CASA E CONFORTO
6343,fc72efeda6e41513a1c7956b6a0ccfc3,"['ELETRONICOS,INFORMATICA E AUDIO']","ELETRONICOS,INFORMATICA E AUDIO"
6344,fc74153e0ac39bb68c8f8f9e4758f001,['MODA E BELEZA'],MODA E BELEZA
6345,fc7e0e70546cba116020b8c07f87da04,['MODA E BELEZA'],MODA E BELEZA
6346,fc7ff0e22c4d9fc5789816ee0131296b,['MODA E BELEZA'],MODA E BELEZA
6347,fc819011d69f31560ff010860a8f0b28,['MODA E BELEZA'],MODA E BELEZA
6348,fc83eb7b2a806cd7c4ed7abaa9af49e7,['CASA E CONFORTO'],CASA E CONFORTO
6349,fc8c929edfce9cac492eaf36ee0968b4,"['ELETRONICOS,INFORMATICA E AUDIO']","ELETRONICOS,INFORMATICA E AUDIO"
6350,fc965b1e986dea6cd20ac94c50878a75,"['ELETRONICOS,INFORMATICA E AUDIO']","ELETRONICOS,INFORMATICA E AUDIO"
6351,fc991324e1f2eb85fdc4157435754a30,['MOVEIS E ELETRODOMESTICOS'],MOVEIS E ELETRODOMESTICOS
6352,fca6ed705412583f53b63049a9604601,['MODA E BELEZA'],MODA E BELEZA
6353,fcafab7fc942d51e9f45bfeeb5bb684d,['MOVEIS E ELETRODOMESTICOS'],MOVEIS E ELETRODOMESTICOS
6354,fcbb6af360b31b05460c2c8e524588c0,['MODA E BELEZA'],MODA E BELEZA
6355,fcbde30c46201f8fb244724e710ccd57,['MODA E BELEZA'],MODA E BELEZA
6356,fcc6a4fcf6e0cc5de15fefccafb07ed7,['MODA E BELEZA'],MODA E BELEZA
6357,fcd5c11fdcdf8f31e2c6cd12717cc00c,['CASA E CONFORTO'],CASA E CONFORTO
6358,fcdc0725071f9d22fbb097c56f249f97,['BRINQUEDOS E LAZER'],BRINQUEDOS E LAZER
6359,fce6ebf0ce28cde1c71f1f4160c8e4b5,"['ELETRONICOS,INFORMATICA E AUDIO']","ELETRONICOS,INFORMATICA E AUDIO"
6360,fcf3f4101d34a36c71f1f83b811e88c1,"['LIVROS, MUSICA E PAPELARIA']","LIVROS, MUSICA E PAPELARIA"
6361,fcf62e3aab276898567e4ab7e973417f,['BRINQUEDOS E LAZER'],BRINQUEDOS E LAZER
6362,fcf77320278b491829c6e5d767a3f20d,['CASA E CONFORTO'],CASA E CONFORTO
6363,fd04fa4105ee8045f6a0139ca5b49f27,['MOVEIS E ELETRODOMESTICOS'],MOVEIS E ELETRODOMESTICOS
6364,fd05ef579e1c9eac0e68b75b7c7ec5b1,"['ELETRONICOS,INFORMATICA E AUDIO']","ELETRONICOS,INFORMATICA E AUDIO"
6365,fd074331568837ca57c2d9c764788749,['MOVEIS E ELETRODOMESTICOS'],MOVEIS E ELETRODOMESTICOS
6366,fd0ac58dfd0c4a3034ec2fe3e6200fce,['CASA E CONFORTO'],CASA E CONFORTO
6367,fd1ddfeca967b94315642dfe5c7545f7,['FERRAMENTAS E CONSTRUCAO'],FERRAMENTAS E CONSTRUCAO
6368,fd28bd7a604fde40a52ee6716b971139,['CASA E CONFORTO'],CASA E CONFORTO
6369,fd2abbf4e0f632ba709f0059c02da633,['ALIMENTOS'],ALIMENTOS
6370,fd3fbd86a0ccdf3ae7981fcb539cf942,['BRINQUEDOS E LAZER'],BRINQUEDOS E LAZER
6371,fd4db108a62ede2be6aa8ef940b04fee,['MODA E BELEZA'],MODA E BELEZA
6372,fd5771079a027230000ab7992a902f0c,"['ELETRONICOS,INFORMATICA E AUDIO']","ELETRONICOS,INFORMATICA E AUDIO"
6373,fd71c77a71b5d5d3107284571ec2e894,['BRINQUEDOS E LAZER'],BRINQUEDOS E LAZER
6374,fd7ad9fe2a5c9cf444bd25691f4900d9,['BEBES'],BEBES
6375,fd84aa1fc4c825c367cbb777d82e5a2a,['CASA E CONFORTO'],CASA E CONFORTO
6376,fd966686fa519b004275d0f422800a60,"['ELETRONICOS,INFORMATICA E AUDIO']","ELETRONICOS,INFORMATICA E AUDIO"
6377,fd97401041e22864ebc2b6b2388d5a8e,['CASA E CONFORTO'],CASA E CONFORTO
6378,fd9fd21af695ddc1b8200a18954f7b73,['CASA E CONFORTO'],CASA E CONFORTO
6379,fdaf98feac227eb978d8f33f36e0231d,['MOVEIS E ELETRODOMESTICOS'],MOVEIS E ELETRODOMESTICOS
6380,fdb1650647bf87804d19ec387bd4304b,['BEBES'],BEBES
6381,fdc16f82eae13ca294b737e810effbfc,['BEBES'],BEBES
6382,fdc4c75dff7c1545dd19c597436d6f1e,['BRINQUEDOS E LAZER'],BRINQUEDOS E LAZER
6383,fddb3d597fc61e3f11ce9e3e8e7a3706,"['LIVROS, MUSICA E PAPELARIA']","LIVROS, MUSICA E PAPELARIA"
6384,fdddc15fc7b9c37476820d6eb722f33b,"['ELETRONICOS,INFORMATICA E AUDIO']","ELETRONICOS,INFORMATICA E AUDIO"
6385,fde8ee361a63b2ee323ac574ee41524f,['BRINQUEDOS E LAZER'],BRINQUEDOS E LAZER
6386,fe0105a4696c7d31837cb3130fe9c4b1,['BRINQUEDOS E LAZER'],BRINQUEDOS E LAZER
6387,fe0f1672afc3d22359c77f44d5c1e5b1,"['ELETRONICOS,INFORMATICA E AUDIO']","ELETRONICOS,INFORMATICA E AUDIO"
6388,fe1466a3d7546b7ae29bcd953b472339,"['LIVROS, MUSICA E PAPELARIA']","LIVROS, MUSICA E PAPELARIA"
6389,fe225fc0702b1d46a931e88d60c7be25,"['ELETRONICOS,INFORMATICA E AUDIO']","ELETRONICOS,INFORMATICA E AUDIO"
6390,fe36a827e3e9e0a6f5e11b0be2055727,['CASA E CONFORTO'],CASA E CONFORTO
6391,fe3ed37f8447cf637b8433c92451513a,['MODA E BELEZA'],MODA E BELEZA
6392,fe410f8e89dafcaf2ce41a235c489299,['MOVEIS E ELETRODOMESTICOS'],MOVEIS E ELETRODOMESTICOS
6393,fe4d047054ccd209fd41ae16f2f8313b,"['LIVROS, MUSICA E PAPELARIA']","LIVROS, MUSICA E PAPELARIA"
6394,fe4e52536814275494989d5f8427b484,['BRINQUEDOS E LAZER'],BRINQUEDOS E LAZER
6395,fe58b25c8ebdc65c3d4cb34070bf9e5d,"['ELETRONICOS,INFORMATICA E AUDIO']","ELETRONICOS,INFORMATICA E AUDIO"
6396,fe5ec7a1127620c4aea8f40033e7cfbc,"['ELETRONICOS,INFORMATICA E AUDIO']","ELETRONICOS,INFORMATICA E AUDIO"
6397,fe5f4fa1c18761b398e46c402c067ddf,['ALIMENTOS'],ALIMENTOS
6398,fe5fbb5c1e50e83aa30c02b68ff9faef,"['ELETRONICOS,INFORMATICA E AUDIO']","ELETRONICOS,INFORMATICA E AUDIO"
6399,fe716cfce373a25b4ceadf7e5d410b0c,['MOVEIS E ELETRODOMESTICOS'],MOVEIS E ELETRODOMESTICOS
6400,fe7f10510a9c92f4a7e617c761f16f22,['MODA E BELEZA'],MODA E BELEZA
6401,fe89c2d7806e114f3c487deb11030b20,['CASA E CONFORTO'],CASA E CONFORTO
6402,fe9eb7fc7765ab4b09f817fda0b63089,['ARTES E DECORACAO'],ARTES E DECORACAO
6403,feb3bdbaf1981d66fc08d70fca979fd8,['MODA E BELEZA'],MODA E BELEZA
6404,febcb6742e4652312e996b6bc7fbcdd8,['MODA E BELEZA'],MODA E BELEZA
6405,fec5c44b191dacb759c39338c8c934a0,['MODA E BELEZA'],MODA E BELEZA
6406,fecda210da4a36546b91948ee43af90d,['BRINQUEDOS E LAZER'],BRINQUEDOS E LAZER
6407,fed4434add09a6f332ea398efd656a5c,['MODA E BELEZA'],MODA E BELEZA
6408,fed8a749f5633fa9f58ed475eb2c5cef,['BRINQUEDOS E LAZER'],BRINQUEDOS E LAZER
6409,fedc85bb24209961b595782f2c259c4a,"['ELETRONICOS,INFORMATICA E AUDIO']","ELETRONICOS,INFORMATICA E AUDIO"
6410,fede8020c97b05fce24255da2f3e298a,['BRINQUEDOS E LAZER'],BRINQUEDOS E LAZER
6411,feedf8f109c19b01f36d6d87eb1e5dbc,['MODA E BELEZA'],MODA E BELEZA
6412,fef33d02a77400304a29dc5bbfe6bc4b,['BRINQUEDOS E LAZER'],BRINQUEDOS E LAZER
6413,fef89b64a9e94a0533f8c0afa152f524,['BRINQUEDOS E LAZER'],BRINQUEDOS E LAZER
6414,fefacc66af859508bf1a7934eab1e97f,"['ELETRONICOS,INFORMATICA E AUDIO']","ELETRONICOS,INFORMATICA E AUDIO"
6415,ff14a3e36b78f407a4e8402572e4edfe,"['ELETRONICOS,INFORMATICA E AUDIO']","ELETRONICOS,INFORMATICA E AUDIO"
6416,ff1a5ab32e4131d647fa856bee2d4ff5,['ARTES E DECORACAO'],ARTES E DECORACAO
6417,ff1ea7be87e1ca3d2ae5b77eaa6dab69,['CASA E CONFORTO'],CASA E CONFORTO
6418,ff3a6dc71d198630c018885d4049ef6b,['CASA E CONFORTO'],CASA E CONFORTO
6419,ff3d961f941d0784936dbe5da739575e,['CASA E CONFORTO'],CASA E CONFORTO
6420,ff3f2d5b004f8051849318f201add7c9,['ARTES E DECORACAO'],ARTES E DECORACAO
6421,ff410c670cb5018a763d815c1368f405,"['ELETRONICOS,INFORMATICA E AUDIO']","ELETRONICOS,INFORMATICA E AUDIO"
6422,ff41c61254c0df3698b8689d9493ffb0,['CASA E CONFORTO'],CASA E CONFORTO
6423,ff49f52e3e1a9422bc1899208d5b8591,['MODA E BELEZA'],MODA E BELEZA
6424,ff543157c2f72dec558dfc734cfd46f7,['MODA E BELEZA'],MODA E BELEZA
6425,ff5b7f440481674b38554434638beebf,['BRINQUEDOS E LAZER'],BRINQUEDOS E LAZER
6426,ff632bc583a94f23c59db4cbaa0ba2ab,['MODA E BELEZA'],MODA E BELEZA
6427,ff646f0b1571ec3bb3b46ddecce4d991,['BRINQUEDOS E LAZER'],BRINQUEDOS E LAZER
6428,ff765ff5d0f040e643453390b1ed6573,['MODA E BELEZA'],MODA E BELEZA
6429,ff9150d22b184f4491b6732e1ca8d81e,['MOVEIS E ELETRODOMESTICOS'],MOVEIS E ELETRODOMESTICOS
6430,ffa5e4c604dea4f0a59d19cc2322ac19,['PET SHOP'],PET SHOP
6431,ffae83c600bcc82f84437a9248825b80,['FERRAMENTAS E CONSTRUCAO'],FERRAMENTAS E CONSTRUCAO
6432,ffc5d47e40567b5f153d5cd17138eb89,['CASA E CONFORTO'],CASA E CONFORTO
6433,ffd4172b5df0c16bbd973c196b09bcd9,['BRINQUEDOS E LAZER'],BRINQUEDOS E LAZER
6434,ffdd178654127ccf34a439e8704fecd9,['MODA E BELEZA'],MODA E BELEZA
6435,ffecd5a79a0084f6a592288c67e3c298,"['ELETRONICOS,INFORMATICA E AUDIO']","ELETRONICOS,INFORMATICA E AUDIO"
6436,ffefb169ddf34cecc0622a6d3cc387f8,['ARTES E DECORACAO'],ARTES E DECORACAO
6437,fff2cdc825f9fc0ba3c04227cfa02303,"['ELETRONICOS,INFORMATICA E AUDIO']","ELETRONICOS,INFORMATICA E AUDIO"
6438,fffb0b1a50e65c449020434fa835e078,"['ELETRONICOS,INFORMATICA E AUDIO']","ELETRONICOS,INFORMATICA E AUDIO"
