order_id,price,freight_value,valor_total
00018f77f2f0320c557190d7a144bdd3,239.9,19.93,259.83
0017afd5076e074a48f1f1a4c7bac9c5,809.1,44.29,853.39
0020a222f55eb79a372d0efee3cca688,29.99,15.1,45.089999999999996
0035246a40f520710769010f752e7507,87.0,12.11,99.11
003a7f59d7e08a9c61d9e2881fe6459c,119.0,15.28,134.28
005d9a5423d47281ac463a968b3936fb,99.97,45.28,145.25
00685d31ae12e47470ba5c18ba74f22c,59.0,16.17,75.17
0068c109948b9a1dfb8530d1978acef3,71.8,31.58,103.38
00772b2af35643653f108fdac1155ee3,37.0,10.96,47.96
0095790a64527ec83aeaaf99023c050e,19.9,42.76,62.66
00a250dbdb3153cc6ecf4d3f07ef6a17,53.99,7.78,61.77
00a9536682ecb394a3794c1608200803,109.9,12.27,122.17
00ab210695a17fe10e6b23616ae5bc97,39.0,7.53,46.53
00b30bb163474583c14db1689259cf4d,189.9,26.61,216.51
00b7174ea52bb811ebe2663add51afc0,69.9,23.07,92.97
00c42b1633c1b2fa4e937bf312466561,39.9,15.1,55.0
00c9d0257381c7e9ec13b4505f25b2cf,362.45,25.12,387.57
00cb18db3d9c03f8386e7fc70cad2504,125.9,18.13,144.03
00cee8a4dbb042385cbbd84699e78b2e,59.9,9.17,69.07
00d94e8901b75ee0d6ef1f87f947b666,55.8,41.6,97.4
00d9ac423c9ad6781c0ed04e87666691,349.9,29.3,379.2
00ea690fe8c5eba029a3884243a02352,32.99,16.11,49.1
00ed64bc080d87b4ab7f0c433bc5e98f,44.9,16.11,61.01
00f1c7c1542f5f86c3091749d9e939d8,84.99,16.35,101.34
00fed9e582d5a3e38566872eec164ac6,359.98,52.2,412.18
00ff0cf5583758e6964723e42f111bf4,154.9,15.25,170.15
010061e3aa0c6ed5e393dda0652bbee8,299.0,10.29,309.29
01094e169d4b14edaf6954eeddb83633,79.9,28.96,108.86000000000001
010b143d83a59b355cd5a75c0f0fd785,88.0,136.6,224.6
010efe60bdadc9261d1902f3c1dda5f3,110.0,18.65,128.65
012b3f6ab7776a8ab3443a4ad7bef2e6,107.8,0.0,107.8
013056cfe49763c6f66bda03396c5ee3,240.0,14.7,254.7
0136390286be8a34efdc801ed150568f,6.98,33.58,40.56
01443cd06ea8bce82c554a46f307459f,25.0,14.1,39.1
01490a4bdacbafe6de009b317a0c8bf6,127.45,23.69,151.14000000000001
014bd8ca0827935402ac39f2751b2fcd,119.9,15.72,135.62
014e36af18c280a94d880a16b2f00713,60.0,25.38,85.38
015975a1ff4fdab8ae6f42eaaffd39fb,129.0,38.45,167.45
01677846a819fff5fc22d43d61e58367,120.0,7.87,127.87
0176a6846bcb3b0d3aa3116a9a768597,45.9,7.78,53.68
01787af385123b93ba50c5f05530ee12,99.6,14.78,114.38
018cb6a10649393055c272ba2984e8bb,56.8,18.28,75.08
0193a99edc8c599aaa16f9b9e991efb8,154.9,15.39,170.29000000000002
01b37f50cf3098b3dd9d0450a188348c,68.9,18.28,87.18
01bae920aea13b891b50bc1543634a65,57.49,9.94,67.43
01c79ae32ef95b276907d99e83fe57e5,16.9,7.78,24.68
01d0aabab5da85da61bbd4d40882b82c,18.9,14.1,33.0
01dcbb39823b4cda39ddcc6679fb00ac,79.8,35.2,115.0
01dfa7b5bb8dcd546273e480c27043bc,51.4,14.59,65.99
0210f3225937e9d7702e0c3fff098b98,13.3,8.11,21.41
022b1f3510a95b396431fec95f5de236,99.9,13.82,113.72
022c0ddf029d7d3ba3d83bd524805629,92.0,13.66,105.66
02355020fd0a40a0d56df9f6ff060413,50.0,19.59,69.59
02358a9949662b292e80635305dea78b,59.0,25.69,84.69
023669233121f0fb7899e5be2b22885f,258.78999999999996,59.57,318.35999999999996
023faf5fac58639f7cf53cb7dd219859,69.49,16.25,85.74
025321e4e9674e090b7bc101f9c5ab5a,59.9,50.92,110.82
0276bd1aea24c642af813980281af144,139.0,40.48,179.48
027fb2504084c231e857f6cf558a9992,124.9,17.12,142.02
0283a5f1680cc866884c09960d2462e3,230.0,75.01,305.01
02875e2e1d01d7a1533215fb97510b06,199.0,8.65,207.65
029863af4b968de1e5d6a82782e662f5,25.99,15.1,41.089999999999996
029b1d3a355dec12cfed60927f076a9d,220.64,31.74,252.38
02a059e99249511338c51476bf3d942e,119.99,12.04,132.03
02a0f7101947ebb4e6d2ec4c1c929bbb,89.99,22.5,112.49
02a98752595ee9d94c570ad3e18055b4,68.9,11.5,80.4
02b09d03f22e1da491e4d578a0bc3f90,29.0,14.1,43.1
02b0bf9164ac7753f9880e46dba17f6c,39.73,23.69,63.42
02b39a781ee24f6997ad691ea7a01491,105.0,21.57,126.57
02b8fcdd1bd75d7d5861f407dde29768,13.99,22.85,36.84
02bbf7328b514a90bedde6541c213811,30.9,8.72,39.62
02c8875e5351540e76019fb7429e163f,9.0,7.78,16.78
02c9b2b746777e4dadcf72941e5a010d,194.99,23.29,218.28
02cb14245fd2ce5926afb2225f28b002,319.0,20.77,339.77
02e405aa2667a116637cdb4affaf93c0,119.94,42.39,162.32999999999998
02ec4da9d03014f06d711d60eb37cc22,85.0,20.08,105.08
02fc75303e2529f036cb819168fa21a0,50.0,18.45,68.45
032de52b21013e176ee997c8f210dd66,50.0,15.1,65.1
0332e2e8114f5904403029875ac75329,119.9,13.31,133.21
03343a88c4d669e6378c5aedc4147919,150.0,8.3,158.3
033a79557b0d234035b38da3be948574,35.0,24.35,59.35
0342b8bec301294021371c16411b6c40,47.6,15.56,63.160000000000004
03515a836bb855b03f7df9dee520a8fc,89.99,16.39,106.38
03518b1ed227311405c355ccbda81a80,62.34,15.19,77.53
0359f367ef22ad541b0bdc484158be09,159.0,64.48,223.48000000000002
0361f3d4648b016237d77833005e4cfc,168.8,15.93,184.73000000000002
0362e923f805ae4dce58fd78c86c96c4,170.75,142.92,313.66999999999996
0368b1d608cf0cc5246c6110754d8fee,99.0,23.01,122.01
036b2855a4c92b30f0bd1f3fc0f46e48,48.9,18.63,67.53
036f684797c77d9beffa596570e198bd,32.0,14.1,46.1
036ff362f1e7465c0ecad8f54b2e6c06,179.0,15.0,194.0
0374e57efce00e3004e93acd6310c58f,56.99,9.94,66.93
037556f936da90c5f9504956ff286860,59.9,13.0,72.9
037ce5266460af220f19d497b130e737,110.32,8.03,118.35
0382e1be5feaca880336365b982b8629,17.0,7.39,24.39
03aba68b07658f28f29612641f08d4ba,1020.0,182.64000000000001,1202.64
03c939fd7fd3b38f8485a0f95798f1f6,26.0,16.11,42.11
03d5b9a74ff46435640f8bd737ac2237,110.0,36.43,146.43
03e2511c3ad8af9188ef59218b1e8a2c,154.91,16.18,171.09
03eba6d9fef8f5b3e811d4b5a7cca9cd,84.99,17.84,102.83
03ee63602079004d0098fecfc1d4cfe7,65.0,15.2,80.2
03f2794ace8d10c0af8614f6fac2be3e,89.99,18.2,108.19
03fa3f4dec4b3647d00532079f723fec,144.41,17.45,161.85999999999999
0402c01cc0985160e52a67f202177b78,58.99,11.73,70.72
04107d105302558ebef9aa631b9bd13a,49.94,36.46,86.4
04164ec24abde688d0451ee982797344,95.0,7.92,102.92
041aa5c38550649d5b51f38ba03a29a4,33.9,15.1,49.0
04221a4eb2e1a30903ffaaa72f8b268c,39.99,12.94,52.93
042cfa84b1415cdcea821bcbc1bb8f4c,54.49,7.78,62.27
042d7868efeb34d5748cf9262016f6be,97.0,15.43,112.43
04323742e042716e4427a5b3536ea08f,37.98,14.78,52.76
0435404d45d367d6da14e7628c40a041,69.9,15.24,85.14
044496e055fca9c2f17e1309e77a48b6,131.0,25.23,156.23
04467aceefd2346ed54c7fd9e40721a6,49.9,17.6,67.5
04492e6b1fcee5317506f927e0e89eb2,114.9,15.11,130.01
045d5f2b9ec233c262c0ba79867e37fb,219.0,17.97,236.97
048297b4e795502db60be292e12dd390,125.0,68.55000000000001,193.55
0493cfcda1fbe4c59f584aeffa96c098,89.0,17.36,106.36
0494f6deee34c3bcc09e66f364b0e5a4,47.9,16.32,64.22
049c844d7707d97ba1600196919474f4,128.89,15.65,144.54
04a18000a647d0f0f842ca489dd4a464,120.0,27.56,147.56
04a28263e085d399c97ae49e0b477efa,84.89,15.34,100.23
04b3135bf087618b410a00680576242f,34.9,8.99,43.89
04b7738ad5fbb213eeb7a2145bea8242,357.99,34.9,392.89
04bef5ebaab368e72d66decdad88fddf,69.9,16.74,86.64
04c3bddd55df58e83123e3b174855489,139.94,35.14,175.07999999999998
04d943e133b4033bedddc46ee516f5c4,49.0,7.78,56.78
04d95724f8e595ca13c0806541d39973,130.5,7.78,138.28
04eafa8a91ba0d51dc0c193bb67afc87,259.9,19.1,279.0
04eb8bac62618bbc56c582cd49493669,69.9,14.24,84.14
04f9ef79f6d6439da363d065445c2325,47.6,12.79,60.39
0507a74781354ea643bff372311d2a97,110.32,7.64,117.96
050f9344068b604a9df9c01b12ded455,109.9,13.11,123.01
0510fbef17088fdb22eed8b459322c62,105.3,7.92,113.22
05200ccb21bae81c6c32914d7c3bb778,29.0,14.1,43.1
052b102ad85bbd141261bbb4ad13edfc,26.0,16.11,42.11
053180cf4b0cf3f7a300e2e42ff01da9,118.0,26.86,144.86
053fdca16d1f69bd52f908f070a19049,56.97,12.74,69.71
05426618bfbb87e04fdd3a60a5bfef38,364.0,21.74,385.74
0544030711e50ec2cb6c15764d22891a,14.3,18.23,32.53
05452881e2846549b81d39249bb66ad7,199.8,24.8,224.60000000000002
054c0efb53bb68011a58b28d34cf04a3,103.99,21.22,125.21
05547569f5543318997d30464eeb74e7,122.99,84.63,207.62
05593bfa78dd87f8fb6d212a614f4b23,49.0,18.44,67.44
056349f85a73d794119c4286c95a52de,10.99,16.05,27.04
057712e71c25f78b04ba3452284c110b,219.9,22.03,241.93
058af2b14bd6831bf3350cc96b0f4822,84.58,11.22,95.8
058b47cafcb62845676917a46cf732e4,51.98,32.22,84.19999999999999
058dbc6a010af0332e7515f383c02b5b,77.9,23.35,101.25
059bbeb3477ed66fd7e670c3f879009a,31.0,11.85,42.85
059f6abcb045619604ec4af08b4b5456,85.5,17.85,103.35
05aac5a18dcd77932007f57de8650622,155.0,14.11,169.11
05b3514bb9492bc0eb20959fbf445927,139.9,15.73,155.63
05bc33363c34f9c8172bd111029be2e1,157.77,15.85,173.62
05bd0df2a2f8b3719b66372a66b8f5ec,84.9,30.9,115.80000000000001
05c44e3898cc7d836584bfaaa36d0017,59.0,20.73,79.73
05c60320bb28437325f2d6d67467d93c,229.0,106.31,335.31
05ec9565bccc292561dec1d33bfefdfa,49.0,13.92,62.92
05f0c78f07cfc889061aba07e9eff066,89.56,12.76,102.32000000000001
05f8021cf7217f1990addecad0e24b7a,178.9,19.35,198.25
05fd18ef3ce628a45cd42bb394ff081b,44.99,7.39,52.38
061295e635460bf36f1bb41bd54fd2d2,238.99,18.11,257.1
061f2692f309a270bc04537e0a2508bb,89.9,12.33,102.23
06263a9c3476eea0ca0fd70081bc7cda,149.9,16.68,166.58
06351d6c05e58972856f24bc50d69b23,389.8,16.46,406.26
0635e2196d30b3003d5381ca15cb3d87,49.0,10.66,59.66
0647d9d193d898f2ff46c9e91a3c8c4b,755.6,82.24,837.84
0647f4a0c12192bfb5ea1032d2e2ecdb,72.8,12.01,84.81
0651c427722f910d3a2238dca1975fcc,1375.65,24.38,1400.0300000000002
065963d921de479181824ca8d8737935,455.0,18.95,473.95
0659ee4a8b8b8da8337c94d35e423c74,315.0,53.94,368.94
065a7d9057589f809082e012f696cb5d,51.9,22.07,73.97
0664199560952a51d76e1ccdadbd2cb7,89.9,11.24,101.14
0666806082c797ed8410aadc2e08f286,59.9,11.92,71.82
066783a7a5bfa25f21a22e17c7ec9137,49.0,16.05,65.05
066e583c1ef730d7f1685807bc618cf7,39.9,21.15,61.05
0675116b5556a78cf0413f70aa9f235e,79.9,11.95,91.85000000000001
0691840826e5dce3ddfb305ab26bcfab,89.18,12.01,101.19000000000001
069370014d6465fb28770cd9449402c5,25.27,16.11,41.379999999999995
06b2c7035561ef12b16045ef4bf459e2,52.9,15.12,68.02
06be8b2c2a6e818814aa5416c3512ca3,27.99,15.3,43.29
06c0d448cbbe294852cab1310c63ab3b,339.8,44.54,384.34000000000003
06c9d7fdab61bfa60de3edd9ec99a28b,139.99,23.56,163.55
06cd9d207dfbdde70cff4074b5b3dfaf,77.1,23.12,100.22
06d5cbe68295558fd6c48998db3ea397,123.0,29.62,152.62
06de165212eea16e848d38f4392d5c11,19.9,15.1,35.0
06ecfa8dfae87263e05d953aa561603d,107.9,23.56,131.46
06ff6cb289c9f1d1ccacc6764874e3c2,42.79,15.1,57.89
0711b9c575a5235790c3f863179c3267,390.0,70.47,460.47
07120a6d39e99f6aec742cfa39ab4cac,104.9,16.49,121.39
0715dfcf2383aa72c181d8b47f6cb589,76.0,21.02,97.02
07161bfb5748163ca6d0478bda1b0a5a,17.99,14.52,32.51
071773cf1c4d6c91cce83af65b9f8fff,53.9,9.13,63.03
0719c4577b69cf807be736608c144bc8,59.99,22.74,82.73
071ff3583bbaab9f38f020af7006a3d4,29.6,11.74,41.34
07279e06272270e7cb604d1901a4f374,90.0,51.35,141.35
072e34b42ad90d7472e9a798f19a6bdb,69.9,15.7,85.60000000000001
073f64b0ac2c4ba51efd4327faca2d39,139.9,16.74,156.64000000000001
073fa4be4665f397a289842b1053229c,250.0,35.02,285.02
074054ad3d2e5ee3fc6f098d06f321f9,97.9,12.19,110.09
0743b54da8ffd8f7f9fe79fcaf006000,115.0,15.56,130.56
0757cb4ec76f9d0456800e40957db304,15.99,11.85,27.84
075a544c5f4ed4bb75f82b160465fe76,197.8,22.22,220.02
075b7434a196cea1b664c1446bee2ff7,35.8,30.189999999999998,65.99
076d991923ee938761994a4255f5c5da,76.9,17.79,94.69
07723291efda5721921a779f58cd3946,18.75,15.1,33.85
0778ca929f32b5357008bd57489a1272,44.1,16.11,60.21
0794929f95ad2d3371bf525e22a2603f,134.0,47.47,181.47
079b09f210081037c1f444e2eaca1e38,58.99,22.12,81.11
07b76b6fdc57b96ed6406457e05ddecb,75.0,13.08,88.08
07bd0c7e13ac7c3a408dd3bc8f18fc78,553.8,38.38,592.18
07c86971c5f40e822bd71ab44f684fad,491.8,96.86,588.66
07d60a76803db63f0ca6708011e8cf9b,168.8,16.06,184.86
07e5d726cba4eb976dc6c2db2ceae28f,59.9,15.17,75.07
07f5bb6759aecb6dd999fea544057758,89.99,27.17,117.16
07f6c3baf9ac86865b60f640c4f923c6,34.3,15.1,49.4
080a96bd106fabe8c9a74df5cb5d8d26,149.0,14.06,163.06
08204559bebd39e09ee52dcb56d8faa2,87.9,15.38,103.28
082390c0275d73d20f55fec91903bbd7,191.9,38.24,230.14000000000001
082b39e89779891345c6ebc6def4822d,144.99,12.22,157.21
082c2f05e569e5d095ac086461bef733,179.9,16.02,195.92000000000002
084051935208c688c8cd5fae3d15810d,44.9,17.78,62.68
084ac56b13107e32ab92934f70638bc9,1141.0,130.98,1271.98
084ac8d010dca0cb81b1bd4f375a047e,236.0,64.68,300.68
084ce670827e3ebb5f585818b985bc25,197.78,50.08,247.86
08504a0dce0a3cd13b3f7971d29fb991,29.0,7.78,36.78
085c1b501f2aed6dc60955055e9567bd,27.99,22.06,50.05
086cb9cd0cf7067d77fe09f31620a52b,181.01,23.2,204.20999999999998
086da3118e7ada3cfb7cce476954af52,189.9,24.26,214.16
086f617d66181efa193629791e0a9076,92.9,18.75,111.65
0877034e4780ed6345f93f2c0e0d48ec,96.0,13.38,109.38
087889e1fca3301cc56532907bfe811c,59.9,16.86,76.75999999999999
088a21dbb29d74a07738fb93a96b507a,269.96999999999997,151.5,421.46999999999997
08906bb784f60b396fdf8fb1773c5e47,119.8,25.1,144.9
08ab4cd4d921b31bd7719eec989aee97,324.5,61.18,385.68
08b1c04da876c66dc6f09acfd8d12f4d,23.99,15.1,39.089999999999996
08bf75dcf867b9f13026785053e87052,45.95,11.85,57.800000000000004
08c01d43e93f5c485f48758550d41eb9,12.99,7.78,20.77
08c21d8b98beec294f0dceb8b54cdfd5,34.9,18.23,53.129999999999995
08d27643b4ade2434f167dc1ba237b4b,81.4,12.91,94.31
08dae4aaedc034ee67385e739d42d0a8,85.0,7.85,92.85
08ff2ba0393c3492409f044754015f74,11.0,7.87,18.87
090342fe317c0444e8220e4d902579cf,29.6,8.88,38.480000000000004
0918b01313c67da779fa4b5356537024,586.56,86.69,673.25
091c0f9393510fe12cc5409a2601ff22,74.99,8.88,83.86999999999999
092ae7e7141e3d69ecd0935d97e14fd9,65.0,17.7,82.7
093b4a025c91a570d1f3b60d428b60a0,69.9,16.25,86.15
094067c0f56b5d0a4dbad0aa60bd26a6,107.36,14.78,122.14
094303c767dff093564257cc4d0e2c29,149.9,38.01,187.91
0943d27820129d9446a32ca20cf9bee1,96.0,49.68,145.68
0955f133d0afa54f738fd6ac4c9bc83b,89.99,45.09,135.07999999999998
095e9e0811476409362d72fa70d73a6c,82.0,17.01,99.01
0963806fc66877ce2fbc42be9a91f3f1,92.9,24.86,117.76
096b267153128e0d7f9e593bba803956,69.9,15.28,85.18
096ff3d928fd9b00eed2c839ad0c2223,94.99,8.89,103.88
097abce97e431993434adabc1aaec4e4,52.0,21.16,73.16
0985a44f5d8e8bf1d6a48717584cec06,42.99,11.74,54.730000000000004
0990523dcb57830447203c2e6d8804d0,158.0,25.95,183.95
09a069fe7d45eae2e1c4910e90e365ac,49.0,7.78,56.78
09a38776c4e31230864f867821174daa,84.89,15.34,100.23
09ba762d7b29d3771a788d7d039159fa,289.9,17.73,307.63
09bfed54145e573d48e1685dcf11fb6c,95.0,22.38,117.38
09c8e71060b07326dba9db865f46881e,99.99,23.28,123.27
09d49d145e25e27490765a4085a8e720,178.0,27.28,205.28
09df42b3e78625578555d3d48cd57be5,12.5,7.78,20.28
0a0090ae69392fa38ee742006f8c0a90,132.49,24.78,157.27
0a02d8b1995030c91c63add1acba1fb2,94.9,7.92,102.82000000000001
0a0d4509c14ceb9b0f6555e07c45d167,288.9,63.82,352.71999999999997
0a178d660889f4e9ef1087483fd6ce9d,29.99,10.96,40.95
0a383b731ceafec6fe7047720b1ea52e,292.9,35.55,328.45
0a3fcfaf1098f95867cdeeb766561eae,41.9,17.78,59.68
0a485e9f82800bf8b36ae34ad2a91aa2,27.99,25.63,53.62
0a53c1150d1019fb4e5e6224e887011f,699.0,13.25,712.25
0a6941f89f53dc1f622f877b23601ed7,30.299999999999997,14.780000000000001,45.08
0a9fc736e210f495e2023d3a9e10319a,179.8,24.66,204.46
0aa1d9509ae8e0c76c03ad7ba91dc81a,136.9,43.37,180.27
0ab49faaefb509c82d19a0d26239a4e3,146.99,41.02,188.01000000000002
0ac51a16347f7a7497b799596ad5fab7,99.0,16.94,115.94
0ace5fbf6db2942061542a808558b9f7,99.9,17.95,117.85000000000001
0af96849112c968e7764ac7f17e4f9f7,39.99,10.96,50.95
0b0334d5ad01e008caafb19973bf1acb,179.97,58.17,238.14
0b127810f86631fa896fd74a421045f8,119.8,35.34,155.14
0b192907ec8563bda5210247497aa9af,55.0,11.89,66.89
0b1e73fa546894ad7310916b480de067,380.0,39.06,419.06
0b29af0ace8656af84d2a20b635e697b,99.9,36.02,135.92000000000002
0b3ca8c9e3b3199306adb467fcd0e982,34.75,50.96,85.71000000000001
0b4526b3cce3a48ec0506b923481cdfc,18.99,16.05,35.04
0b50495c5cfeda8c9d7abfe80aea74e4,139.0,18.22,157.22
0b5588f04551d90ee148462bb65dfddf,118.99,27.13,146.12
0b65284a1a74114ea029b7676fdc1ba3,89.9,54.3,144.2
0b691ae66d643c4c266fd72bd6ce77ce,71.99,15.25,87.24
0b704d9bda1b350e1350d64af21b3411,168.5,13.84,182.34
0b7cb1c7ea62d95ba39702f4ae850108,74.99,27.58,102.57
0b7d34c9f64b1a147d6660ceb770aba4,159.9,20.61,180.51
0b8265df142be25383b96d66f4150f0b,24.9,8.64,33.54
0b95f3147f8a038de06187063d90008e,49.0,7.78,56.78
0ba4f7e89d304a02edca85087abfd14c,849.0,21.04,870.04
0baad26e1a67410a85b2b38558dade2f,62.99,33.84,96.83000000000001
0bae1ef5e585b8bb8d250d4a75736bf6,56.9,8.27,65.17
0bba959fbb649221ae07d0c128ba1809,119.9,16.6,136.5
0bca8e07f15636c260b1f794be423ad9,75.0,14.7,89.7
0bcde0684eba5746bbb90d6d9089570a,138.5,16.73,155.23
0bd66289bf194ff3edb0841291f58da1,69.9,15.7,85.60000000000001
0bd92af478239fae08847d13e9fd8617,49.99,12.79,62.78
0bda8164c1a12b6a388ebec8559ee287,6.9,8.72,15.620000000000001
0be5691eb4c245d190a1e194494f754d,79.9,17.81,97.71000000000001
0bec54b12e30ef962cea0714ea592545,49.9,15.11,65.00999999999999
0bf20dbe580a4ca2a717523e7bf6c610,39.0,7.78,46.78
0c01f50d13b63f9c7a1f073f51a45548,149.8,19.29,169.09
0c02a4cb5207e682d63a1343cbddd13b,84.0,15.34,99.34
0c0b20eb744a9c5ec1611dfd81da6165,152.72,17.51,170.23
0c0b4c682dc77d70dbc4cf1ed44ede36,63.49,8.6,72.09
0c11df2b80d95b1eabdcdf3790bb3347,180.5,23.84,204.34
0c17d2ca8fea3e6d807410a0c0c44746,119.0,122.25,241.25
0c1eabff9739bc1f4ac404d1a8a13db5,169.99,23.99,193.98000000000002
0c2766159bd610cb7f38a657ebb28e39,27.2,19.32,46.519999999999996
0c2989120592c0873f156da4204fbfb6,459.9,18.43,478.33
0c40894addb46fce19ca6ca1f11d9bff,122.99,9.06,132.04999999999998
0c41735db7b9b04cffb97ff1309cbee4,39.0,22.99,61.989999999999995
0c51cc0743219907058b0a266949d0a9,35.9,37.85,73.75
0c57cbfd927d9e62af8beee6d48920b7,130.0,37.2,167.2
0c5f4de2e1c08a6da891feaafcf35d1e,170.3,51.69,221.99
0c65b1e5ce7f6d1bcc961e3a2d740d3b,79.0,11.76,90.76
0c65eb5a1415db7a20dfc869c9277e7a,40.0,17.6,57.6
0c6a2732270e3f0f66bd73dbde93b59e,13.99,7.39,21.38
0c6e84e1109b6c5630774291a85fef1c,71.0,20.99,91.99
0c71e6884d0d7ae94fe52ea917b42fc7,69.8,24.88,94.67999999999999
0c8675dc2e52ab52977a76d810e45303,89.9,18.0,107.9
0c897c38d294bbc817bc78528cb47e27,94.0,17.1,111.1
0c9850b2c179c1ef60d2855e2751d1fa,76.8,71.34,148.14
0c995611a99f81268d859184a416f1db,110.0,18.2,128.2
0ca3024fdd038f1b734a8f1bc57e9055,39.9,9.34,49.239999999999995
0cabda713646db439e030172e3feea6d,289.0,60.1,349.1
0cb398989a2bafd3944803b5427a622d,49.95,19.32,69.27000000000001
0ccb884361ec00003176dab0ea647f59,119.9,13.18,133.08
0cd41d4323d14560d7b92ef270ec6a2a,109.0,18.64,127.64
0cda10fd2b66ee6fc2edd8fc21f8176a,49.9,14.16,64.06
0cdbb064516056ec9be699ddabadc42c,174.9,24.02,198.92000000000002
0ce0997380b2110e5d35697ce4ddabd7,18.95,13.47,32.42
0ced306b608e9bc80ef960368a3414a4,9.99,11.73,21.72
0d0b7c65e71700ed5fe8ae8d2baac37b,206.9,43.78,250.68
0d123aa33c3954b2685ef6807ffc9bc0,158.4,15.86,174.26
0d23d5f95886d46d2deaee6f7282316a,12.99,8.72,21.71
0d4c211b72251b5ab768bcad1228facc,61.99,19.12,81.11
0d6cc2219ef268358eac3c49b47abca9,286.4,66.81,353.21
0d760576500ea8611379a97ddcebf3db,89.9,16.26,106.16000000000001
0d8f485ffe96c81fe3e282095e942c2e,42.0,8.72,50.72
0d931f4590e355bc7aedc79ca822cd82,60.0,31.12,91.12
0da7c9db070f692a9851de83c90a4371,17.5,8.27,25.77
0daa8301819941dd352fe651f9fa70d5,26.0,9.44,35.44
0db095732135cba036daafa8ae0d5559,119.9,12.54,132.44
0db395d667c4793655380026bad4a072,99.9,12.4,112.30000000000001
0dba8cb0559eb37cc0217a28496b5f07,54.9,17.95,72.85
0dccb365ad960364b43a228ff6cebd3b,74.9,16.96,91.86000000000001
0dd88bb98efb144f8678e3144b5180ff,20.3,15.1,35.4
0dd8c916a4beb8512a85d15c9ba4c82c,155.5,16.85,172.35
0ddfc476b3973e3e3bdc022d2fd9d495,235.0,14.67,249.67
0dfb7076fde77db58fd962eb6bd91384,29.0,15.23,44.230000000000004
0dfedf3d432d2cdca59a3ef16b313db6,89.99,35.95,125.94
0e1628ef32043a2e0c0d7152af698bd1,59.9,11.03,70.92999999999999
0e1f02c51187a6a08aa473a3a0f3bc71,89.99,45.09,135.07999999999998
0e2aae39225d075cc7fdfda12ef5434f,39.9,18.28,58.18
0e3077db347b6985225369e7fb0b8120,49.9,8.72,58.62
0e3e431534069e8ac235c637dfb199d8,149.0,27.59,176.59
0e457aee274ec7e2e18d25ab6d212921,148.0,21.44,169.44
0e48ca107de4291a6f7536b4f5cf512e,59.9,20.47,80.37
0e4947343ae2d8c37f2fc453e057c567,64.99,8.29,73.28
0e4a4de1d15b6df8d4335fb2db61667a,93.92,60.4,154.32
0e4b1ee38c10f79bb6eaffa7c60ae724,300.0,17.4,317.4
0e520b5aa77bac2965d232c9a023229d,269.0,19.68,288.68
0e659173ebf2a1d39e076be9bd0b2872,35.0,17.78,52.78
0e69198c87f4da026d7daf96d91b194d,33.78,23.34,57.120000000000005
0e6cacd64f68d4bc8b0cd488367ac297,49.0,17.6,66.6
0e7ce85328efacb39ce2cb345850b969,195.8,34.26,230.06
0e7e973a8d82ae12e070d767abed8960,12.9,7.39,20.29
0e819cea051490ffa56c86778fe28c9d,210.0,21.96,231.96
0e82d5829ca1e9cd05b34dfcc62f1381,24.9,7.71,32.61
0e8e76ea202279fb49931c948ed20655,149.9,17.0,166.9
0e8e7aed5de3681d008b56aaa514fe6a,47.99,25.19,73.18
0e93edf664c68e407889c757350ef76a,473.0,21.62,494.62
0e9a725e04f3fbc13f28d8f17c861013,65.49,9.15,74.64
0ebd409ca379ce0ed8b24e8f5a59a8ea,9.9,15.23,25.130000000000003
0ec0ef35a66b31f873f0010267d30a8e,82.99,12.92,95.91
0ec153c68d6e5b0dfe5128a34ffe6490,71.8,15.25,87.05
0ec21892fbe1319a9e0363cab0066fb0,329.0,14.74,343.74
0ed5043fe7d3f4f88353697330bbc020,50.99,25.64,76.63
0edefae02733735c88d242ce6b781802,79.9,13.0,92.9
0ee10b39b0acad1a8348fe15514a1115,143.0,17.44,160.44
0ee24d5ae95ccf0552a2ef03dfadb924,108.9,20.0,128.9
0ef7521d9d7e51a822826d40be82fe1d,389.0,19.37,408.37
0ef8970186aa8eab14d04be4eda9407a,49.95,13.71,63.660000000000004
0f0786fde25cb2b2b4cfc59128ef8f83,39.98,35.26,75.24
0f121110b75ef7c38c79d67833c49830,760.0,196.86,956.86
0f14db1abb2772e95d78a72c30d69678,132.6,76.44,209.04
0f18a0163ab21f411df244c076fde7ce,49.99,7.39,57.38
0f21631dd255a459deaaafb7a98600dd,199.8,35.9,235.70000000000002
0f2335c85eae6c232fa46499d5e1e3d2,197.5,24.53,222.03
0f28d51fdd4828907bdc58b57f672e84,119.0,15.58,134.58
0f2bbeda958833e5a67ceb4368f282fe,399.8,36.34,436.14
0f2f7e210f5079ed1f797cb4aed6dfbc,196.8,15.72,212.52
0f2fee4fce11f7af3c9ff2ec093eba3a,23.99,7.78,31.77
0f39e640d202449c6fd3aebf9b09f1fd,24.99,15.28,40.269999999999996
0f4fb5e0b20cdd9ef2fe37b2627f2cfe,27.99,7.39,35.379999999999995
0f6134bc3d92b2b091f7cab65b9f7ac2,89.9,23.21,113.11000000000001
0f7477abc25a26f58ebc0d00d2a7cde5,54.9,11.73,66.63
0f7aa32fdabc5a9e10d0e9da37110525,200.0,32.84,232.84
0f914d0786d04db3fe3dfb23cfe60aeb,69.9,17.74,87.64
0f9458a3e4a303f60f99659d29645ee5,115.19999999999999,23.34,138.54
0f9751081b734220a998be212c391523,199.9,33.85,233.75
0fa425ec819100fb29a4838e37e5d27e,82.94999999999999,15.879999999999999,98.82999999999998
0fa7c709db9f55e40527c25ec9f13157,222.0,13.05,235.05
0fafae9d817a5c3ce897f22d801b7395,75.0,21.33,96.33
0fdf3166230480d0c55e5d70a2da40c2,27.9,14.1,42.0
0fe0d22222f747a218a2596963d8b364,65.89,13.48,79.37
0fefd780aced50487fedea40b67318b5,59.9,13.44,73.34
0ff91985e1cbf76b8e97b408d735f7b6,149.9,12.55,162.45000000000002
0ffcc7c4e90436e138f698340e3d0e25,59.0,11.91,70.91
10010d54b0ddcd2c4ef9076ac5b16e2c,49.0,7.78,56.78
1001fec33bc88a484d7431bec2147348,47.5,45.45,92.95
1004c85aae3556995fb069d8a2751118,53.99,16.14,70.13
1018e87031636df2c2dfa4af21df3642,383.70000000000005,28.240000000000002,411.94000000000005
1041d437bb0a4bcfeb3a107426f2d5f5,259.9,22.62,282.52
1048ce07df6dfd9d7ae971bdcfd03d77,72.9,35.83,108.73
104b40dd524ac48e7b814ed5eeebcea6,45.9,16.92,62.82
1052fc490084f258baac0395a94fa58d,15.0,12.79,27.79
1078cee780187c1672d97d4ebfb4cc2e,79.9,9.37,89.27000000000001
1078d496cc6ab9a8e6f2be77abf5091b,81.0,15.33,96.33
1079ee0942568d7c4778bad8d4192e0e,49.99,12.69,62.68
108d1dab6908b5fcb9c922549a9c2265,189.99,41.77,231.76000000000002
108f58a6439933a88e7950ee7b46ec11,35.9,18.23,54.129999999999995
1094e838b998a10c8faf3bc0b77906df,69.5,14.24,83.74
10a0ce1277f3743242205061fccbb7c1,34.9,14.29,49.19
10b26ae59835a2a63aa53e2da4ebefa9,104.9,16.6,121.5
10b352cbe8aabe99a33f470405f12ce6,119.9,18.09,137.99
10be01428d12ec7ed39d0058c3e224f7,658.9,31.16,690.06
10c320f977c6a18f91b2d14be13128c6,110.99,21.27,132.26
10cb203e7598cb11350267c0600fc00d,348.79,17.19,365.98
10ccb4dc0cc0d605b71afdcf4584128e,499.99,23.99,523.98
10ce8dab3f76d4cdd5dd2e9c6d5c3feb,54.7,22.7,77.4
10e722e25378399056392a2c2c5ff9ba,26.9,9.34,36.239999999999995
10f288cd8e6f4add2454d845e9df5af6,29.99,11.85,41.839999999999996
110808d8c648f8737e1ba2fbdd5821c6,239.6,31.18,270.78
110f190bf49ab04f3ead4f860570e902,130.0,12.11,142.11
110f23195a2ddb2ccaad30b37bfacbbf,36.8,39.18,75.97999999999999
11156cbbd16c21d0f876588915098a28,260.0,36.1,296.1
11177b43d0995dfa2114ceefa2c0cc16,160.0,15.87,175.87
1124c329070977fbd414f046bba149d7,50.0,15.1,65.1
112ba690c4750a816a8862fefc3855b5,165.86,14.93,180.79000000000002
112eb6f37f1b9dabbced368fbbc6c9ef,99.0,8.85,107.85
11302d4542ca6da5b505416f9e04f0a8,39.99,17.6,57.59
11594a6b4b817fb6cc075700e80def3f,119.99,18.09,138.07999999999998
1171e6b0edcd799330be154f3dc4d93b,326.16,33.03,359.19000000000005
117a6f28c5cf04526b4869a9291c9d61,53.44,13.03,66.47
118045506e1c1dda060171af43fe11b4,225.0,135.39999999999998,360.4
118ec9ddef528c64a545169b898e7699,10.9,15.1,26.0
119132da8a360ce8e81841456844b962,49.9,14.1,64.0
1194026a5099a99736bc99ca91903fb4,19.9,11.85,31.75
119875f10276db041c92209d8e71826c,34.9,21.19,56.09
119b654c77fbffcad6cdb07398506c93,28.9,14.52,43.42
119f1430154997cf2ea4e905667408d1,89.0,18.2,107.2
11ac4935b48d92b0e8d9b2176da04d80,59.99,8.88,68.87
11b33f091608b48c86184dcfd339dc9e,84.8,17.44,102.24
11d5dffdefb7041981ab58b5e56aa51c,179.9,26.1,206.0
11e75c2a931a2968007c44bddf001102,450.0,159.66,609.66
11f0f637c5a38b66abd963cc1926f152,34.9,25.63,60.53
11ff2af78a9ec50c26f9cbbc62a10d38,216.0,31.04,247.04
1200ed0c118de7e4524b65918a42c990,32.9,27.18,60.08
1212d10dd1ebbfe6d18ccf86a805c680,69.0,16.45,85.45
1235febb7f139ccf94d83ff97ae8e889,115.0,0.0,115.0
1239d3562a6ab53c79a35595a63c5c59,53.0,16.13,69.13
123a6b2b8763ca40782c8252e63fdbca,177.0,17.0,194.0
123bea8dab4550ec2592468bff3e0866,84.89,7.94,92.83
123d32c3da610881ddc7e17902398c05,246.62,10.94,257.56
12415173366718477ff1dfac106f018b,22.0,12.79,34.79
12546aaf14dc46dbdf45d8bf5dea4c60,78.8,27.09,105.89
1272198ea0829564b49fe8bb6ad3ea27,82.89,25.21,108.1
1280636cace716854a705e26c5a91798,136.0,12.16,148.16
1280f995f41bf95106134b4d116a5f01,39.9,14.52,54.42
129538e4bc7308e9ab041540283813f2,18.99,10.96,29.95
12958a97a4e26a4e7dd8bce7de8955b9,39.99,14.1,54.09
129832042bc2898155b5ebf3b2058585,35.8,25.58,61.379999999999995
12994c8b16a5e15fbbecf653c20a0a39,39.9,16.11,56.01
129c72226e320a7bf5b89efce442afd5,74.9,12.65,87.55000000000001
12acc7b15e7e65ef48a7b01d3f42f1ae,71.99,27.04,99.03
12b2eb7fee1eb7a195452bf2eff4028f,133.9,47.47,181.37
12ba6eb5ae5bb52161567bf261f9339e,215.0,13.01,228.01
12c52aeb1dba3fcbef2e36accacca1e4,54.9,14.13,69.03
12c9c573680ea81dcc89f5f147e64e84,24.9,11.85,36.75
12d34cd89b0be0896cfecdbd41f5e952,20.0,17.92,37.92
12deecd130a055a8d709a6b62c807f66,49.0,14.1,63.1
12e4a8a3ce5999f5d237b1e27b06c60c,339.8,38.58,378.38
12ed975e5a3e3025ddfa0eb174f739e2,19.99,7.39,27.38
12f5172274e18c74bed871bb07effe27,49.9,17.09,66.99
12fb5d0cb33d4e9aa4d07b4400346153,39.9,15.98,55.879999999999995
1300da43ff811b40b28c5c7b8128bf40,39.0,19.32,58.32
131b770dae46d4fbf6e9a62a1b177ed1,65.99,16.43,82.41999999999999
13293961429976917597dafca90e49d3,52.9,9.27,62.17
132b39be91080ce2062bb6bede4d45c0,205.0,22.27,227.27
1342ab50383d7471a3bfd75ca93d38d6,49.89,17.28,67.17
1349d7f4ec671ded42f2360828965692,204.0,116.58,320.58
134bf8fea9ec1583380780902cf0dc7c,249.0,8.61,257.61
1354bddf21d7082f73e70872571f55ed,21.9,17.92,39.82
13651aa318d6af9df5257a5dfdc20f3c,33.33,27.2,60.53
136d740adc5aa0d3ad07f279eeb5b665,84.9,18.83,103.73
137264e02b6bb16372279951e7258ec6,59.9,15.17,75.07
1378f9601350615613cc8832d6789c5d,106.9,18.0,124.9
138db286991b7cc18370680e5f5154da,69.99000000000001,51.26,121.25
1397417a57ad1bbfe8d639df8cdee908,136.75,37.2,173.95
139fda452e8ac63db51c90f3995dc480,158.1,13.45,171.54999999999998
13a0336be90746b241d1f966fb3b5d59,56.97,12.8,69.77
13a945cf4dff971e45059d790da4daf4,94.0,17.1,111.1
13ba09b4ffd7128425cc35a9c382245f,169.99,27.73,197.72
13ba5c26aeaa1d857d413ac4b93f0924,139.4,83.68,223.08
13c4458bd01775ea4f9050a041c1fd96,16.99,16.79,33.78
1401bae5fe4bb9d7467a1b39ad94403a,112.0,12.28,124.28
14066026f08d98c3316b5b8637282529,8.5,14.52,23.02
140b263288af3fc4f4b00c207639b37b,156.0,15.26,171.26
141b860df8159c748ea4d24301992689,35.0,13.83,48.83
1422a4b4a2aa8b66fd49ff5557200b42,840.0,84.12,924.12
142b0e3de54c110a3109b26c79d6ec2e,56.99,15.15,72.14
14325b030357956fe06c611e432d7e04,19.99,15.1,35.089999999999996
1445ddbb9a2054e295d0ae5b14b1cade,88.0,22.33,110.33
145c086f0f81f9801a8acbb2c514644c,99.9,19.89,119.79
146479aaf9d2856e1d613691b0d0b049,89.0,15.37,104.37
1477de0726169d2ad17e417783d332e7,23.99,17.63,41.62
147941b96e61a2e7c02be8bf27b4cca1,109.99,23.31,133.29999999999998
1498068c608b11a2902e212d4d65d62c,322.81,87.38,410.19
149d32ba42826835e09c375b8a1fa923,82.0,17.01,99.01
14a51ed90079fbc00365d6848d837ff3,139.9,27.06,166.96
14cfc006132ad861a3d1b6c7bb9fd8a6,199.9,19.48,219.38
14d35062b86c2e1f69376af68e9e2a1e,89.9,17.88,107.78
14d9794bbb53614d12cc2df6a045f82b,99.56,17.14,116.7
14e2227862cdf47db2caa1acbf80b71f,99.54,15.56,115.10000000000001
14f6c86b695ea4ddd3dd4386d10388b0,21.0,9.27,30.27
14f75c9606fc12baa607bebe380d7237,39.6,15.1,54.7
14f926e78fd90329d77b9d42fbc1339b,73.35,11.9,85.25
14fdbdfb8a3c7657649abbc004c434c5,89.9,13.65,103.55000000000001
150161e8b962f031342e9bdf81e414b5,359.0,63.25,422.25
150fb6d066c66925d51a48782deafdfe,53.0,19.34,72.34
151137bf7ab537c1a2da6bba1368d87d,118.0,32.34,150.34
15209a5ea170d24d393e34f8bd52dbaf,99.0,8.46,107.46000000000001
152f562c8516765cdd5f868c22f3c96a,149.0,23.32,172.32
15324bb6dca4436f40c1c599fdc0da06,195.0,16.58,211.57999999999998
1534abac962760cbb058568f7dffc105,89.99,50.5,140.49
1536003b9af6a526e0d02b8cd13fd2af,19.2,18.23,37.43
1539409c01ad8a5e32a2574668ad975e,39.9,7.78,47.68
153a49ded28e0fe861f537fc2b881f93,30.9,34.849999999999994,65.75
154029fef0e3e2f72ef09775cc9d1af1,49.0,15.23,64.23
1544b91291000836c72384f035436fbf,89.99,12.13,102.11999999999999
1549221b1b6e8fec6d2f9890932333f1,41.99,15.98,57.97
155809b08fd56a13a541ff3ea4e9db2a,58.99,16.66,75.65
15623f35d6d5eaa2fcd185a613927e86,104.0,27.8,131.8
157de1652c032429a625d034be79eeeb,24.99,14.1,39.089999999999996
1580aa3360c01bdd268dd1665a8ff929,89.5,16.39,105.89
15c0a0d5bd5e9c58f17414d100104093,108.0,23.08,131.07999999999998
15c2d2803c9a7a4ba8f528a65814848d,119.9,18.72,138.62
15dd36b746e48dfec9824dcebef22b7f,26.19,18.28,44.47
15e85e81d299aec57b1bbdba38422dff,139.9,9.79,149.69
15fc22aad8d1b227891ce61eff4128cd,160.0,14.87,174.87
1607aa1dabb96d104838f96ccb72f225,99.9,24.35,124.25
160d74cf0db2353522f973654509d5a7,118.0,23.6,141.6
160fec373d1524d70a0adcc4922e3f5f,34.9,15.1,50.0
1629176e313470cd1d1bc811b4695065,27.9,8.88,36.78
164ed456436d367ddcb008d361c1955f,159.9,12.62,172.52
164f9ed9263550111efa1a5518d97dfb,108.0,15.56,123.56
1662797f04736ea5acb5de67d5672fcc,59.0,15.29,74.28999999999999
16691e34c4f0624880bacf33ccd1b9f9,29.9,15.11,45.01
166e0843a2272293d75ba8d81804de6a,149.9,25.23,175.13
168823ad1b77477540db78ab357f18b5,489.0,21.52,510.52
1697ab1c88a58d47fe0154b461397e19,20.89,16.79,37.68
169d7e0fd71d624d306f132acd791cbe,83.0,15.33,98.33
169dbd59d432dd792647dc89ba948d40,89.9,20.36,110.26
16ac52984591a32873cdec7382495c2c,24.99,7.44,32.43
16b314cf8f0bd14e3675d33324bba17f,186.0,8.56,194.56
16cc0fe71527d13426bdbe29205b2053,89.0,12.12,101.12
16d5fdc844fab7f0554c804c1f10a8aa,129.99,15.79,145.78
16de740155e4e909578bd90826a632c1,100.49,14.28,114.77
16f5ff14af497212a69fb3b390173e87,54.0,16.14,70.14
16febac56c216c1cc40407ff81315a97,94.0,60.4,154.4
1700e1cfac9c6837da3ccdb6c36c77de,49.8,18.18,67.97999999999999
171c622bc5e64b427c2708aac335fe6c,84.97999999999999,22.02,106.99999999999999
171c9f9a5667b0bea55d8b78c27bc5bd,79.9,15.32,95.22
17200822bf0cbc26df339538be1384d5,92.49,8.41,100.89999999999999
1722fe3b31052dd87d3639c52ba346d0,99.9,17.95,117.85000000000001
1728847cf9a9a8c5f57a2e38bec5ecf9,73.0,31.12,104.12
17313705481d054edde23cd5c42a0819,38.25,16.11,54.36
173be97f981ae72384ff95a719544e7e,88.95,12.96,101.91
175e7244409a1c34674cdd3407e25808,180.0,34.32,214.32
175f0e4be32fba394c8d7df818ed8425,199.9,21.89,221.79000000000002
175f78291b6a5157427421c494d402c9,99.99,16.95,116.94
1762d5c6c1f5efce31b1d21339212730,36.9,17.6,54.5
1765804f6753bf6a25ba8c9fd45977f9,251.71,45.629999999999995,297.34000000000003
176e0d39e50430555a62ad6d1bb9c25b,44.0,15.41,59.41
1770c4ca61c42f3ee7a4ed66d626bd67,90.0,23.43,113.43
177200d363504ea94b5064b05929e2e6,153.0,53.68,206.68
17784b9fbb37fb0bdc230d8ed6f6b355,840.0,502.98,1342.98
1799b503cd7c2cbd801e75dd72fe3069,398.0,27.46,425.46
17a5005ce09865784a18052d65e9e050,35.9,10.66,46.56
17a9b6c2934cd7dbb1d08626843da4c4,24.99,7.39,32.379999999999995
17afe0bafc1638d46b55c1d56b393015,19.9,11.85,31.75
17b46a3118a454c177670b24a615932e,99.8,33.97,133.76999999999998
17b6e0171d3c86549c28e1630bff91c8,89.5,13.75,103.25
17c8db71a75ad66669e25fc85341e6a1,79.9,18.71,98.61000000000001
17cb23af289c0b034d217eafe2b2e1df,119.9,21.33,141.23000000000002
17df2cc060680fc1712991499b645cd2,47.99,8.72,56.71
17e73283864f2c7bbdb6856a2b7bc13e,128.9,67.21,196.11
17fed53ba6dfef9b594ee2268642e2aa,9.9,8.72,18.62
18045b4512947089463f5efbdaa3c341,49.9,7.77,57.67
180c04aeebcb390784f7d9c08dbd159d,44.9,15.1,60.0
18167ddaf5805d7289af17daa51f35a3,82.0,7.83,89.83
181a9d0dbee29b580a407cf2ccd80570,144.0,13.45,157.45
181ff95f97fee531c4afa9e882186f18,80.69999999999999,45.87,126.57
18233451c81fa4cf187fae71d8e8a299,99.8,15.45,115.25
182c7c260aa89ec58595803372f60d1a,24.5,11.85,36.35
18323bf515bec81ec824b51f618d2429,89.9,23.18,113.08000000000001
18424f62e6457228cde82092ec2252df,12.99,7.78,20.77
18448ffe871a865ac41ace28ce8e5079,59.9,13.44,73.34
1844fd8d65bd9bd25e11e301dd99dc4a,179.99,28.64,208.63
184caad9d2255768d98251b3715e8e8d,89.9,7.49,97.39
184cc3e09f63ccf3f0de8067b3badfb3,139.99,16.19,156.18
1857f0409d8180beab0cbec5cd97478f,65.69999999999999,23.34,89.03999999999999
185b9908e599d49428dc7b8238c8076a,67.0,21.55,88.55
186a0845cd1b679057c8b0ea86931e2f,692.0,13.0,705.0
18706eb4e0b3e500ece5690acaefb220,69.9,12.83,82.73
1877896ffdee42ba8ea0d397fb9ece25,29.99,18.23,48.22
188e8c3184383f5eee9e40255048191b,104.9,15.94,120.84
189622f157848ba3ed54191c7538e07e,134.99,9.76,144.75
18a9ccf08fbcc3c0bf4ad9ceb583f2b6,79.9,17.81,97.71000000000001
18bafb91a9e78b83e54eb5aa495a955f,84.9,16.35,101.25
18cc6945eeb0fac797b1e48e96bb7ad7,239.94,54.81,294.75
18d03c24d935b80a422c0f6ce80a2457,159.0,18.39,177.39
18dd3f41a84cc95b6106008449cba262,84.99,17.03,102.02
18ed15b7c2fadc5faa4db7a9f24d7d61,110.0,38.97,148.97
18ed4e5757d8a37fcb75325f41d7165b,83.36,16.34,99.7
18edd1c2ced2bb5d3175b611864155b5,151.9,17.97,169.87
18ef2a64141eab548a2c46df2545b1ee,10.0,17.78,27.78
18fa229a827c89986c8387c049dcc572,269.0,51.67,320.67
18fdcbdf78e62bac03cf30b6b9398087,54.8,31.58,86.38
190ce4e52f05189563942da003cbf332,47.9,15.1,63.0
191abde9c3bf77d1ce67d100d8db6d15,134.9,13.5,148.4
191fa27b2a907e113d60ddfd7dc29696,69.9,16.74,86.64
192162688f179d526243e303ed01abe6,988.44,87.12,1075.56
19225676ff2a0f88c9d5b21fbe69494e,69.9,15.25,85.15
192e9f15d78654ec141918deca721334,315.0,10.95,325.95
194c72d466120c8e1241d610c72cc5e9,295.0,60.51,355.51
195416246665b8268100ef5fde9722b4,129.9,20.99,150.89000000000001
1955c39b31fcfb4acc9cd5b9ab577c7a,144.99,17.26,162.25
196130ff8b98e8406f66bac8b2cd9fca,199.9,14.51,214.41
1962dbe6d0755ae32f1381266df2e34a,119.99,24.97,144.95999999999998
196427c776696ff46b1edcaf8f000dbe,99.0,24.82,123.82
196a79cd1b9ff7ad77dfaa9d4c46d04c,369.95,22.99,392.94
1972a123466d40a62224630f7d0de530,129.9,35.53,165.43
197979ae89666596c6a65ba20fb220ce,9.9,7.78,17.68
198d82e095bb34f33adaea72cfd63885,89.69999999999999,35.54,125.23999999999998
1997d8e0fb0e3c1ffefac2b84bde7662,178.99,13.69,192.68
19980416131f571e346fcfc260fe97fa,165.0,17.8,182.8
199e57082aefc964e7135792059718a9,38.0,15.23,53.230000000000004
19a24ba386e8363a6dd9973d015e5410,49.9,26.89,76.78999999999999
19c0c76962278b152cc44fc63ffd5e48,44.99,22.06,67.05
19c36691fd116059bf49b7960f1db743,43.0,45.3,88.3
19c4f810dca09d438da021fd6d52839f,32.9,15.33,48.23
19c54d85fa291d4193fe838cbde71403,199.9,21.89,221.79000000000002
19d468d1424d2a259a1f3d3fa073f41a,169.96,40.07,210.03
19dba6d1e58b04e7fc820558a38ea398,96.0,8.79,104.78999999999999
19e18e6a46b546eea7c58ebbf42e0624,39.9,18.23,58.129999999999995
19e4266dc016719bc96212fff65532d2,49.9,11.85,61.75
19ed81a2cfda88a47b2d66b801fc22e8,117.3,37.96,155.26
19f4c2e829ebee01e0d2a9ea2168929d,89.99,15.38,105.36999999999999
19f96944a3a31111c47399caff25b6f6,19.99,7.78,27.77
19fca62dacb4d96e5e9b491e45ff2c8a,519.8,37.06,556.8599999999999
19fe6cd13dca5943f17abd2c37c46abd,89.99,7.88,97.86999999999999
1a0977847a5ddeebdf419ddd4a94402c,17.9,16.05,33.95
1a26633be71803d169cfddfaa40fed21,72.0,17.75,89.75
1a3ccc1695931b2cb7a95065e0c81e4b,124.97999999999999,31.479999999999997,156.45999999999998
1a4514c5462bbdb806d15e6b241c7a70,22.0,18.25,40.25
1a46a59c4c13f2c52e453f8f490b7840,115.35,15.12,130.47
1a4bf675df415785d3d9b3f3521988a7,69.9,18.0,87.9
1a4cc55b483d875e3b8bbd64a1b31bba,49.99,17.06,67.05
1a4fe7b4e0810e3c234a4e39775b6d53,16.56,15.1,31.659999999999997
1a537f94e57acdda6cfad59696759417,97.44999999999999,46.349999999999994,143.79999999999998
1a64643317da0457d3f145fab8734b22,58.99,20.81,79.8
1a7f6ae87826fbacf57f362f73549869,168.5,14.93,183.43
1a823e61156542b99c1dfc17c8d43eb5,270.0,36.76,306.76
1a8c121e292cdf1a297a0bfb45858d3a,59.96,28.2,88.16
1a8d422cb8cdae5221a5a8eb371c49cd,40.14,9.34,49.480000000000004
1a8d9ee4ef14ca8feb96e914f51b9397,281.2,33.48,314.68
1a925e694e87b358e9c3732e97146d9b,108.0,37.45,145.45
1aa297bbbaf5713012d3a1431645b2b4,365.0,20.63,385.63
1aa61b751b1fcf147418fe35148bd4cc,89.9,17.07,106.97
1aa720b6963ff9b4b5bff9bc48b49a89,59.9,12.48,72.38
1ab4ba2aaa118a756ac6f15764adb2ec,168.0,34.94,202.94
1ac3ff14fcd28b5c680bd68bbca160dd,39.24,23.7,62.94
1ac4ac576a3e3ef61ffbb64937ed1f62,64.99,29.48,94.47
1ac7f4db91b508245c27b68092a2d401,47.0,7.55,54.55
1ac9d38dde347ffac03bdb653003682b,30.0,11.85,41.85
1ade84aca2a23a5b07101e2c8db4f120,55.98,68.3,124.28
1ae12b6aeac8467444bd1b07ab3c793a,55.0,17.67,72.67
1ae8a88bf94d02224f932e18297baa64,424.0,213.08999999999997,637.0899999999999
1afbdc6ed9143871e5b8be14ce2762e0,689.89,20.59,710.48
1b0577d71cd408c29c2fe1c9ec939056,110.0,23.35,133.35
1b0816f005179796807a9b23f4c2df11,199.65,16.15,215.8
1b0b1c71db83d610e4cb483d0481a6eb,149.9,18.35,168.25
1b145bc82eff392da7924ddff9acac50,39.99,15.1,55.09
1b151132de254c39a49f595684c80b41,145.8,71.66,217.46
1b18059100e6796d8551306a1876fc09,12.99,8.29,21.28
1b1f5c0333fae3e7b4b4670d2cc3c0ac,38.9,16.11,55.01
1b25b7f6d3514c227d59499f63573fde,119.9,14.57,134.47
1b3b7a453b2e73b50b194401c0da944d,179.49,19.95,199.44
1b41fbc113f284d979a4b5c94e2a918f,1599.0,51.18,1650.18
1b4a0e6b19d0034b531655b41ea89623,37.9,11.85,49.75
1b4d9a7458ed02052dc6311884a2b1d6,99.9,17.95,117.85000000000001
1b5c359c2188ceeab2777c0d27e7c343,57.49,9.94,67.43
1b68a09aef174135ac2b4a138c3a1eda,46.0,22.25,68.25
1b694ef5b28d3e949a4f0ffeb2c9fcd6,9.9,8.72,18.62
1b6c00256bc49004b1d059039306c08e,289.9,10.22,300.12
1b70309f9d8c8068c52cab917fb26379,239.9,43.96,283.86
1b82cfd1e6a6d682ee254b2ff4cf387f,29.9,15.23,45.129999999999995
1b9411e11370aedecc0bb2daa7f41501,95.0,15.77,110.77
1baa165f6d1fc73d5be966f0b3ed1499,224.0,31.06,255.06
1baadc6ea58da9e96c906bca98b8b15f,154.7,63.55,218.25
1bab77281b20f4719d0a9f87f2282fde,139.9,16.09,155.99
1bb50def8a9e13b440ff996070fda0e9,199.9,18.65,218.55
1bba442e5f19a30cd1ee9b84af924df5,35.0,17.0,52.0
1bbd44a5496d9d2e6a0278e5bcf3c441,248.99,41.73,290.72
1bbe8ccf8a821a0117ad33a62aba2de9,47.6,28.2,75.8
1bc1acc1a9efde3aaa00688fc9d33d2a,239.8,33.2,273.0
1bdd4c66aa68cf72d2fc25b9f9e4bb48,27.99,14.1,42.089999999999996
1be1c706ca05fafa2f99d335601e9293,59.9,17.99,77.89
1bf4871c57b8284ca1dfa1a02ad278c6,79.99,13.58,93.57
1bf6db71e147c950fe9925e0be89ec4b,65.0,17.88,82.88
1c020c2a20a524371e81f9ef21eca0b6,43.2,8.46,51.660000000000004
1c119597703b882a5b24ab9139a9a53a,110.32,8.03,118.35
1c1898497fc8543e0f31343dc1c31553,105.0,26.64,131.64
1c1d7c04efff33ea9ebb71907b576f50,68.9,18.28,87.18
1c27cc37a379d096751586f7c8040f7c,121.99,17.1,139.09
1c308eca3f339414a92e518e2a2e5ee9,49.95,16.79,66.74000000000001
1c3f752b9a4d09bf1e016439a427d5f8,16.49,7.39,23.88
1c58c266f70494954b0e545444355f3b,107.0,15.5,122.5
1c6ba4e1c9d47c2594130a03f164287c,17.0,15.23,32.230000000000004
1c76327f379b6c9a3ae42f2244e9a1e3,34.9,10.96,45.86
1c7a2b989035d96cd218d9b9f352c098,179.39999999999998,58.83,238.22999999999996
1c8e00e4aaed0f2b8d35db6abcd8e512,59.9,15.17,75.07
1c961234d514101345679cb6028102fa,59.9,16.18,76.08
1c9ac08a8e474b38e9231382778f7eb9,70.9,15.25,86.15
1cb44c843df038496648b84a904aafa6,59.9,15.18,75.08
1cb9cb32b2b54f1580e375ba45d744c4,21.99,7.78,29.77
1cc1289499f63feb5febc86506a7052c,35.0,7.78,42.78
1cc3ae63caffff2d6c3ee3e78e074acf,127.88999999999999,23.57,151.45999999999998
1cc47b4855c5d2cf01a73dc8ae838079,219.9,26.38,246.28
1ccac023123acc23d8b0af4d3190069d,737.99,17.9,755.89
1cd147d1c0fe18f3b742a353396c44a7,84.0,20.0,104.0
1ce397b1df28355ed4f928b2b322db98,116.0,11.42,127.42
1ce624df940711ffea6e5176a18eee87,79.9,19.75,99.65
1cf4be6f1eeda2457a333fde5abf39fb,114.9,13.82,128.72
1cfc85fa3b31428092f247f88bc965a8,110.0,17.21,127.21000000000001
1d090f0194c35ed8b589f82f102bd758,558.9,26.49,585.39
1d297b4800ed1a3c5b0944d84c01ee99,89.0,25.17,114.17
1d6a2a632c284f1c4fd53baf9e705693,99.9,155.39,255.29
1d85f2f091ba615cbd003bf7d3edc703,29.3,14.78,44.08
1d87599144fe1573be8611bf9f5d5de9,110.32,13.21,123.53
1d911134e95ec6f299e80fe19b5b88c5,34.9,15.34,50.239999999999995
1da00355018ed3e0fdd548cf3ddada99,64.9,15.2,80.10000000000001
1daef9cebfe701d5500c5ce43a271165,79.9,18.66,98.56
1daf08cbd75c8c42c6febf36b63e4bb2,29.98,16.6,46.58
1dbed8d8827e4f91dfbb03ce97b38109,92.5,13.09,105.59
1dc0b2e5397cff8b103ba38a2a147869,119.9,14.93,134.83
1dc8e25fc6d06a7d72086374e54600e5,138.0,12.17,150.17
1dcb1b82de3a13d219b6c84a8ca45b8c,40.0,15.1,55.1
1ddc3d70dd69c4803ec86c7d987591e1,19.99,15.1,35.089999999999996
1def557ed62966137b261a8229f74e39,19.9,13.71,33.61
1df7ded3518147b95eababb6620f007c,185.0,27.84,212.84
1dfe6b39bfca58691553de7585122450,110.32,15.65,125.97
1e00c916d9813c0f523a32d1af47f5d8,70.97,17.75,88.72
1e077c24035d25ddca3736f56d3e19a8,85.0,15.34,100.34
1e2086f9f7f6c651d94e82b37518bd11,105.0,9.85,114.85
1e2566907e0655a3549bdcb88b0291f1,55.0,7.78,62.78
1e3b30b2e066ae1200400ef9d72963c3,27.16,17.92,45.08
1e48c52ecdb582b211ad22ae74ad2247,499.0,18.25,517.25
1e5de131e124a28163dd61ca832e722b,189.0,16.42,205.42000000000002
1e61c2d93012f7a32fe86de9bafc3a1f,47.0,18.43,65.43
1e6582156af0035606a446213730ca65,134.49,27.67,162.16000000000003
1e6832ed905471e6aaa1c8e6c09186be,29.99,15.1,45.089999999999996
1e7b55dfee29c0ed7edb54c8cfeaf244,16.9,18.23,35.129999999999995
1e80bd664bc120ddf4d789b7b9455e14,196.6,85.78,282.38
1e90a410c4be85320d64e5a0cbed9291,29.9,14.1,44.0
1eaa935853fe167483625d418b44a5ca,248.99,60.29,309.28000000000003
1ebeea841c590e86a14a0d7a48e7d062,25.0,14.1,39.1
1eea943a6165c6e0e51951bb76ec90a1,49.0,16.79,65.78999999999999
1f128a92fab0cad4a98cd61be2793d42,85.8,32.22,118.02
1f15c9ad9cbf840899fda2a63d4cc760,75.0,13.55,88.55
1f1b93186b0c7281daf8f6c6145279d6,39.99,8.72,48.71
1f1eea532cdd1978a4a9438a5373ebca,130.0,8.65,138.65
1f2c730715e25c512d5beee0f697bedb,49.8,16.54,66.34
1f4409e522bbd17f0fcc7b9d1409fe8c,69.9,16.25,86.15
1f4714b1a377cfc36eafd36d2763881e,18.9,15.23,34.129999999999995
1f4994f63a494cae176662935b4a8342,286.0,48.8,334.8
1f63547f5743b270843ccf840f00108a,159.8,32.64,192.44
1f67d1f09d1858b5d12a7548b258fe95,49.99,24.22,74.21000000000001
1f6a5335ecf1406eea5f2cccc0c5946f,39.99,15.1,55.09
1f759fd184ad08e54531343b16330c03,58.67,8.72,67.39
1f80ad89393a17282085bcd14644e45a,79.6,60.4,140.0
1f8b9c3db5374e97739a23bed586bba2,69.9,15.24,85.14
1f8fd5fe13ced0df2d9b93995534e59e,121.0,15.95,136.95
1f9dc0f030a8df0f8a9d47545d7515a3,120.0,20.33,140.32999999999998
1f9dfc58c0cc9cd0436629cbcd7fb639,110.9,16.54,127.44
1fa78500e37879853df6bf65220a3994,44.0,11.85,55.85
1fb395f38b15b8e1e14824c7d95e9a92,22.8,12.79,35.59
1fc147ecded099d8acf876cfaf66f731,146.94,49.4,196.34
1fcbc88015c88c1a14d4b8ec35ea8ed7,125.28,118.12,243.4
1feae53afbeb20695102145770b6037a,128.99,15.73,144.72
1feca64d75daa682ce3174a1eff73d8b,299.99,18.62,318.61
2002ea16e75277eaa0b5d78632048540,15.0,9.94,24.939999999999998
200331f78002771b79409a9cf7962dfa,180.0,34.32,214.32
20059d45d5d6464cbf4fa0515c3830a4,369.0,17.33,386.33
2011387fcf68d0d56838be05771c4db8,69.9,16.25,86.15
2013e60377e57344d89d5e4a5b3f2a9c,59.98,62.04,122.02
202dc36450b101f8ce80320437f258f9,128.7,23.77,152.47
20316f53ea8065f870f90eb423b39b1a,399.0,19.23,418.23
20368ff725d0f3b5adf1ab319ccecb62,179.49,9.45,188.94
204b7236f949dcd799519c1e74136821,299.9,16.86,316.76
204c3a076103a93b98207df2faeb6b4c,210.0,16.22,226.22
205d7052a6505124d200f6fea6b423bc,9.9,8.72,18.62
2070a6c3c3a8f5c3c8688096d984ce9c,19.9,25.63,45.53
207258d556f9b9784b54de837ae49286,1369.9,66.07,1435.97
207fb26690b0cac4a3d8b36808b54833,129.9,32.51,162.41
20824837882dd673707e0adfcaec1bc1,69.99,14.24,84.22999999999999
209e55ebe1b6ee30b02a4c07d7fc0cc8,218.96999999999997,90.92999999999999,309.9
20c4ac55ded9c34a63cbf3e1f570afa4,99.9,53.05,152.95
20c60f23d0f1231ad895fde039554666,388.98,33.22,422.20000000000005
20d69c16639be3f1e32de06430505970,79.9,23.14,103.04
20dba2f8adcb7effe9f8fd64c8818656,116.4,28.32,144.72
20efd9f000215e0bbefcf087e8cf3d61,59.99,14.2,74.19
2105771f19af1ff52afe2a18c984c412,190.0,42.24,232.24
2122719f6fc72fba16b0b3001d539a7e,5.99,14.1,20.09
2143393cca994a4b8235bc1d67ded772,89.9,7.88,97.78
214a1170088762989ff5bf58d3e8dff2,190.0,30.82,220.82
2159b1a8db7e7cf857d6b85186c049d3,122.99,9.06,132.04999999999998
215e5ab8d123b9e04a3c1185d90fe780,12.89,16.79,29.68
2169826696e2426423c4078cc76b8500,124.9,13.99,138.89000000000001
216b8ce59251043404cc3b15cff651fc,30.0,14.78,44.78
2170f9fac08a48aed1fc0b09c13b483b,46.9,17.92,64.82
21746a2a0ab90a9d0916af6e1026fd24,536.0,68.76,604.76
2179f6c7ed393f3abe065e8d69e7ed1e,89.9,14.38,104.28
21826e0954bd6550ea7b7a5665bc636f,179.98,54.6,234.57999999999998
21862ad09cda6a079859cb1fb77d5da2,129.99,46.4,176.39000000000001
2189323f24aabddc8f324451eb75419b,599.9,17.95,617.85
2191c4b8b5384ed556dfd154ce6e319c,24.99,15.1,40.089999999999996
2192c6f4e9ece5c4e0091fd7f4dc4456,580.27,23.25,603.52
2194d1dc5f73fad748d7a90fd673291d,62.9,22.37,85.27
21a550eeac28a30d4b59a0fd91c9cc8d,85.0,16.03,101.03
21af06c81b813d390e6f5df558fdbc3c,74.99,19.72,94.71
21b2387b9fb6ecefaad3713e09e067ea,57.1,30.2,87.3
21c9e1884faf91f5fc65224d92b2ef83,99.0,9.44,108.44
21f3d0f22004d8bad479ca281e1f00a2,39.9,16.32,56.22
220e48b13b356b314da2cbc5f1dbfccf,180.0,17.7,197.7
222fd80282b4b53ba4affcabaaea6b31,659.9,53.69,713.5899999999999
223067157b61a8e20dc19cbafe40eff6,99.0,15.44,114.44
223a155e5dad113ba43fff75ecbb3d06,49.0,19.66,68.66
224a57164e7d58e7d551cdc70d6d902d,29.9,20.75,50.65
224bd0a94ce4f3eeebe2ef447e596863,16.99,12.48,29.47
2256d7dbbecb2b03c2cb4423793570a1,22.9,14.1,37.0
22583f00089ad69e494a302349673c44,46.2,13.71,59.910000000000004
225c6cf7ed45310f85da43b31dab00ff,235.0,48.57,283.57
2261b9c8d492c061b64df8558ae4543f,39.9,15.1,55.0
22627a86b495dd48e529ac94687b12ff,69.9,19.18,89.08000000000001
226b974b91daac2276aab33c44e1a63d,79.9,9.96,89.86000000000001
2276cb7758bd76c104cd5a3971f47e9e,95.0,18.55,113.55
228ad7bb45b5912a1c70a68be5d4b951,50.0,17.63,67.63
2296fa4ebace1edacb9f91509766eb18,228.99,10.35,239.34
22a4e269c7e62e9aab7536d9f1180d09,399.8,54.96,454.76
22cf975c95f8d3ad3a2263e94f79182b,54.9,16.63,71.53
22d42b325ae456cfe6082ba585a187eb,27.9,14.52,42.42
22e3e9f45e1ed459c57f99675f92a1ac,199.99,14.42,214.41
22e4e5e6fa9631bbda1fa4bc19893826,158.0,11.73,169.73
22e5a47d4f228d018d568af1d5c585b9,34.72,15.23,49.95
22ef9d3714207d9a803bd9acb19fd0cb,127.8,45.46,173.26
22f469f96aaa1fdd00d0ac66369a950f,52.5,15.12,67.62
22fa8082b517d09f9120e84f11fbf3bd,27.4,11.85,39.25
22fe036a63b56dfae665a7e584138f37,279.9,12.57,292.46999999999997
22fe4109ea0b3227fa3a2f5370ec9691,29.0,15.23,44.230000000000004
230429e6f253f9cd6561aad72ce7ee2f,119.85,11.86,131.70999999999998
23427a6bd9f8fd1b51f1b1e5cc186ab8,45.99,7.39,53.38
2343d4a98379202b11d3ec66c322ab57,33.4,12.79,46.19
2355c3ba8f870f103fa43351ffc1a905,159.9,18.37,178.27
236923fe36df7c931b0fb65f493e39e4,135.0,19.92,154.92000000000002
236ff4e9c2ed220ff9d4186b729379b8,12.99,9.34,22.33
239960d8af96f541e9a7153b57c0f4de,39.9,15.98,55.879999999999995
23a2d8b0357730d4f9c50aa48773e9e9,34.9,12.79,47.69
23a801ab5586a70d6f7a4cd5885d3060,59.8,15.17,74.97
23afc00db0b1c005196306f02e1c1178,38.48,7.39,45.87
23b6026f4aa837ed95e0941208f31434,39.8,30.48,70.28
23beb6d4a25c4ec53f57dab654990dab,25.8,17.63,43.43
23c0fb66f3afa483b302cc740b14f17b,212.99,34.7,247.69
23cb56e66a2abb69511896a6aef2aa67,25.0,15.1,40.1
23cb8b17a53535670161bb4171633ce4,79.9,68.13,148.03
23d2b40718f8b1693ff67644c21d9f70,119.34,20.08,139.42000000000002
23e1bad4a8ef314a7fe34fa71082d429,129.0,13.34,142.34
23e328eaf02d129b3928e8012ffe85fc,46.99,7.78,54.77
23eff627f4b39bbe7c0910de77b75eb4,87.97,23.2,111.17
23f99f3d6a5974cd50c00ebb3d6540a1,219.0,19.63,238.63
23fecfa4bb4a22fea354fcab23bcf1cc,265.52,137.04,402.55999999999995
24014414a15d7274cad8a2917fe1f040,1308.0,40.67,1348.67
2417db4d82cff6b4bc6ad4da31cbb102,49.9,22.28,72.18
241adc087f5732067fc042dceb9cc6da,50.0,9.34,59.34
241ed1aad96c4cc788ee6f8ab96242ef,670.0,33.73,703.73
24257d104a3908bfd7b8bc9f6e1a2039,16.9,16.79,33.69
2431a0e08b6e889d8acf165d559a4d3a,69.99,25.11,95.1
2438d5b697d42d6c29d6cd8c6a7eef4f,21.99,15.1,37.089999999999996
2443aecfadead9c6df5d80d063925e25,1099.98,50.82,1150.8
244eca4c9c8dd0dd793f6ea85d5ddc7b,159.0,16.82,175.82
2451b9756f310d4cff5c7987b393870d,320.0,29.7,349.7
246161390a20f964881feeaeea896671,50.0,11.85,61.85
2464a4f54814d3de636541955feeb947,199.9,8.98,208.88
246b14cc444e8a7df0afd80495dfa052,10.1,7.87,17.97
2477bfb97977363803e3cdd7c6805198,58.99,17.66,76.65
24950e3fcd92f8ec85a91644c7252eb9,69.9,16.15,86.05000000000001
24a562b69731cbec7439c1752c500f82,119.0,16.59,135.59
24a63c44fb9267e93a44476169d8aafd,12.1,7.78,19.88
24b1c4d88fdb7a2dc87f8ecc7d8f47f1,339.0,17.13,356.13
24c62466418a240484d7c25dbc112222,42.0,17.6,59.6
24cc22cb128428c65c92a125bae0b517,13.31,14.1,27.41
24cdfd401a113857553214161447483a,49.9,15.1,65.0
24dd6883219c3c70aa4d84d059d279a0,550.0,21.73,571.73
24e3104e1b85e87a36644fa9530bc9b4,75.0,13.08,88.08
24f17834d1edff2ec50e2fb099896d80,195.0,26.21,221.21
24f2edef847fd6eeeddc6aa5dd82209b,34.9,15.1,50.0
2502637317f775ba447bdb648a18f213,23.99,14.1,38.089999999999996
2511cdf205337513507a1863f0098d39,74.69999999999999,32.88,107.57999999999998
2525cd7ce3320dde22109e4066be3f7c,53.9,28.78,82.68
252882b94e763c5eea42ea50f749cfa0,134.49,9.14,143.63
25320e12b3d6e8f54f17389037588bba,89.5,12.97,102.47
2535db807a19b29005b159580bb7f9e5,19.99,15.1,35.089999999999996
256d17dcfae69f2c09f3ab3daf76b0ef,29.45,12.48,41.93
257006b4652ed6214a889913fec6a5ca,117.0,57.96,174.96
257041ac42267fca37db236f4d5d7197,30.0,20.99,50.989999999999995
2592a2d249009fdfd066161c0c2a726c,149.9,47.0,196.9
25989a7e7af41df0616109b8776aa0f7,99.9,25.25,125.15
259db3e83679426c2af73687a8c579d4,79.9,27.29,107.19
259e9a3ad6d4f56fd550257b47ed152b,269.70000000000005,103.28999999999999,372.99
25bf4fc1a8e7ebf66f0c47dc36c00f77,188.0,23.03,211.03
25c0762610a416a21571e4ab3cf179b8,119.6,7.7,127.3
25ce3a22fa2537206c22c8bef4f9b593,88.0,13.74,101.74
25ff38b3eac37d28ac1fd35e41393218,99.0,13.71,112.71000000000001
2613fb342bec59126f9c5180a5bc95ec,49.9,12.69,62.589999999999996
262118ce178bb3e4590a3adcf6d62e6b,119.8,57.94,177.74
26227999b191329fe62cd797aede5270,108.0,16.52,124.52
262509218257310f675994ae58ffbfa9,27.9,21.15,49.05
26262a08c620d910b93d309db0e16725,23.99,7.78,31.77
2669093ac4da5e6445749e5e36e24c6c,14.9,9.94,24.84
267db43542633efa0839c965b2ad2f31,52.0,21.919999999999998,73.92
2683346722c6565c6c79e08c8264f25f,88.9,17.87,106.77000000000001
2699d27682691fa4f6be5cfde364a833,64.99,15.2,80.19
26a4525518bf2e891e2cdffef0742346,159.9,15.87,175.77
26a887fe1515ba3501b5154e443ca899,11.56,12.48,24.04
26b6b4704db80d57e1bee54d1a453553,69.9,19.73,89.63000000000001
26ba6dc5d33b55a3107a56f4e8d77395,129.9,16.61,146.51
26c883d125f63d8f73de0fac7be06290,69.9,11.88,81.78
26ccc2faacfa3bde877ac3d843a8eefa,59.9,8.27,68.17
26cdf11da38117ed1bca961a210dd21d,99.9,43.11,143.01
26dbf6db0bc6942823fa21ef58e3ce4f,79.8,14.78,94.58
26e3ef9735227d94c5e14a0a461d0ab5,95.0,8.26,103.26
26f12055119a6272956b9ceaef2a6233,209.0,12.67,221.67
26fa3a32106a673d1c0797ad04f15c81,74.9,12.65,87.55000000000001
2711a938db643b3f0b62ee2c8a2784aa,45.0,14.1,59.1
271f637085c45e7e58268625604724a9,179.0,23.79,202.79
273177c9b2d2eb2a68a77ee39e726b52,89.9,24.83,114.73
275322de6426ec5071b219b77fba6a65,33.85,15.1,48.95
27587cc5a5f975239e49460102252868,99.98,21.19,121.17
275950acf4956dfc3d23514eb61f1d9b,67.9,12.61,80.51
275b46c1b462043f24768a0b168bc654,15.0,7.39,22.39
276d7fb126a7eebc4a3e660c4775e081,129.9,18.8,148.70000000000002
276e586682c7afb8f69a92fb276dc884,183.0,16.58,199.57999999999998
27716fa717ba13da31a469018472088d,143.8,25.76,169.56
2771a9b2fefbbaee6eb0924c73b0b32e,179.98,35.82,215.79999999999998
2777d11affc76c7163a6c3e0e739aa56,149.95,91.15,241.1
277ab1e8a777fefb696951ae7750c810,79.43,8.3,87.73
277f0bb8cf28ee39feee7825b5578c34,129.9,16.22,146.12
2783cfcf916c2cef168f19a7a2e45e45,56.1,19.58,75.68
278ce3d59dd06d461a1a4d6703790ae9,160.44,29.46,189.9
2792c4f95b24c1a72641cd404561bdd8,199.0,43.62,242.62
27a0c2a00aa85ff8202e8bd9c7dbd829,9.9,7.39,17.29
27a78fdbe7b915a0596af3a5803a41cb,220.0,26.42,246.42000000000002
27b7b4c3fcbac778a89cb52d6e05255f,56.99,14.15,71.14
27c49582f6db334767487df0646edb04,89.9,13.65,103.55000000000001
27d0c14836e22de7dafca58c79cbc90c,129.9,12.11,142.01
27d7b0ed49fd70b7706ee5e23773fd8f,174.0,54.65,228.65
27d9d312e04f1893b26836442d680000,39.9,15.1,55.0
27e5ed2ecefbe0bcc9ae0c9b26b763c3,35.9,16.11,52.01
27ea1775a86c796168b08511e529d0a3,69.9,9.94,79.84
27fd0c263b9d38e9cb2c2d07fc0c706e,24.9,22.97,47.87
2805499c211b52dfc1e64a1349ef45e2,34.99,14.1,49.09
28136596c0ceb5c43000c1776348b72b,199.9,63.2,263.1
281a4e1ef3ab9d256027ddd2db90c762,449.99,18.0,467.99
2823ed00ae59fbfb1749e613d3888384,99.89,15.45,115.34
2825848807f070485f0f0ef3829758f4,11.9,10.96,22.86
283ab9feb81c894d77b6f7d9b3dcb32a,129.9,9.1,139.0
284b3707cd4351c728d8d59db0ce2c45,69.9,18.24,88.14
284d6741506f9b2791aacfb14b53c525,89.9,15.38,105.28
2853618de7610a6cb28d21b99bbb4dfe,199.0,10.21,209.21
28553df1da816f76ae87bb32739cd4b5,169.8,30.68,200.48000000000002
2865f21ecfed100829d47451fbff2ec5,39.5,22.06,61.56
286f1870198ca5f7249774729bb46a45,59.9,16.86,76.75999999999999
28785e42a86823ed810e8697382b4ceb,122.99,15.74,138.73
287e90d08a100fd2ecbfd8a82dddad5b,103.97,45.19,149.16
288b02fbf09f1c9f2ad1e4ef18124c1e,79.0,18.43,97.43
28a32ec11abbac5c27adfa4d8cbc351a,199.9,16.15,216.05
28ae7dbc99157a977761ee40698dea20,90.0,15.39,105.39
28bfa0968ea8dceb17513700ddfc0745,217.32,34.6,251.92
28cf0d3a2917f031ecf4715669a2dfad,58.9,19.97,78.87
28d2a5cfa6ad3fed5f73c66dca690d22,158.0,23.69,181.69
28fba8f2991648a76b354b784394b466,100.0,20.65,120.65
28ff0422d12a02fb62ae4c9f9e9317f3,53.0,16.13,69.13
29062384ce4975f78aeba6a496510386,220.99,28.09,249.08
291cc6d48f9475a822aecd9c9a78d4ac,139.8,18.05,157.85000000000002
29210b1d48462ce1f12d87ed7ccd6397,19.9,11.85,31.75
2928aa9673f513fc88b34511dcc6e005,89.49,15.38,104.86999999999999
293d80b0abbf0b387d7e77eee30599cc,40.0,19.32,59.32
2942d87f97c462f2c402070d7e2c1882,86.9,13.63,100.53
2942fb69025c3ceb3a70293e78346709,67.8,11.97,79.77
294e00584d3afc45c9a512eb21c66fe2,29.9,7.78,37.68
2956c3060085d849e6c81602a6e99eff,52.3,32.26,84.56
298359155fc403a1c0f4babf75d157bd,85.0,20.08,105.08
29b60cd6f3760507c1e5271a67086333,52.64,15.12,67.76
29d0a6fb5e4342bc5bd0cd7ac3bb98f3,189.9,29.85,219.75
29d81fbe3a3300902407cf57272030c6,269.9,28.04,297.94
29da327955bc0e7d3be1b98d93d0903e,79.9,19.75,99.65
29decd7404f211c01bfcc6d216ca6c7d,54.9,16.63,71.53
29e2ad0dc7d3e40270b43dae7133c30b,66.76,16.4,83.16
29eb6d873f1087b4afd226c0abc162a4,53.87,12.72,66.59
29eec6741c8bce92beae3f57180169b4,53.9,17.63,71.53
2a08278777d9f1a73321180ce445b630,49.9,14.1,64.0
2a1a1f086c448fa487f63805dcaf4974,56.99,16.16,73.15
2a1ceca1522e8bf484583ef111e921c4,37.99,20.99,58.980000000000004
2a3d67c0d2045bf67abb3d8f320ac29f,66.9,26.94,93.84
2a41e607e8c88abf9f0b0f8f982dce13,99.89,16.5,116.39
2a4390df447b55c9fc49b6b97a786292,89.99,9.44,99.42999999999999
2a4e9cc2c53dd020a94fb56a25e0be57,59.99,25.7,85.69
2a680095a7549ad07085fb6863f91316,24.9,9.09,33.989999999999995
2a7f6f7d1d01dcffbddff5e6e3ad791f,89.9,23.21,113.11000000000001
2ab2d565315e05cc62d7462113cc1ff0,299.99,21.09,321.08
2acfdc5131ff2cf4433e668454c9784c,89.9,21.03,110.93
2af768daf2646f316e9457e1f10b2428,143.0,15.75,158.75
2b0d2d60eaf705257bf8fc3eac1680d6,495.9,103.66,599.56
2b0e07b3ff6d3a2db9405022edc865c2,69.9,17.74,87.64
2b2b7a9693cc4ebba06693c88e6989d4,149.9,32.08,181.98000000000002
2b41a3b768bdb66c8a67b20623aaaf78,99.9,11.9,111.80000000000001
2b49d60af10ea7e2443376987ec8a184,14.9,20.8,35.7
2b558556ef2c5813bc84e3739392e44c,65.9,18.61,84.51
2b59656fdff6d982bd2a0a2b257a4562,189.0,17.03,206.03
2b62c1f2514954fe162667774af50ba0,78.0,38.92,116.92
2b72e9015af390303d5d89ae0fd64673,49.0,13.44,62.44
2b745ccd6f667dcd824b9ab05352b0dc,106.99,18.0,124.99
2b7737f7accfb9e2ee360963a202eaf3,65.99,23.04,89.03
2b80b437f46eb3a17b0f3f1c8cda28b4,114.9,12.76,127.66000000000001
2b9fcc0b86e42aaa05818596c7d9299a,146.9,33.48,180.38
2ba2becdde8cc656098cdc16496a90c6,75.0,16.29,91.28999999999999
2bc1eac46ee8d6fad3f7369668f1bdf0,85.0,15.7,100.7
2bc420de7e8e4174fd5c88b692c2cdaf,13.99,7.39,21.38
2bc7d8434e38fd99e69b2d4b88f7c638,15.0,17.63,32.629999999999995
2bd0f8bf1cb2f7cd2197525cc1a0b03b,99.0,19.93,118.93
2be42939cac09105b9839ead73abb79b,59.9,17.67,77.57
2be4ffd7d4cce421234db66149a7f749,109.4,41.57,150.97
2bedc0d7231e504d0476c606108e7e73,198.89000000000001,43.6,242.49
2bf9fdd42a3609f2c440bec186b10ff7,459.0,31.99,490.99
2c03309b2a52be289e66346a5da41209,43.0,16.6,59.6
2c0a28ce4971f66f2def8542ef0b6c18,80.9,12.7,93.60000000000001
2c1ac2ae4cb9b2b35618143ca66d8f74,34.9,19.43,54.33
2c398232e6fe6bb3416c2cd54a5b0b28,20.99,12.93,33.92
2c3d5c98d6c8420829506e18388bf118,349.0,17.13,366.13
2c494cef88b908df152b7d6d69c8beba,105.0,41.68,146.68
2c60a2b23a96f36c97dbe108da3ab34f,58.19,12.85,71.03999999999999
2c68510f2fa96a537e4c75da3b3bada8,98.99,21.18,120.16999999999999
2c6df2cdea838bd21bc2dc78dac3029b,26.0,16.11,42.11
2c76b4566b3bab2c0f23f992ed70ea07,25.0,15.1,40.1
2c9e6deaeeff1f3e721f241df5eabba0,300.0,29.48,329.48
2ca68e6f3682ab0ee4ae0c4f069772d7,1004.99,29.35,1034.34
2ccde1e4676c20b9444e2bcbed36334c,119.99,14.57,134.56
2cd690a78448d2d942353c66dd6f6064,104.5,21.57,126.07
2ce4f2ad6400bcf53505cb29f228755a,17.99,18.23,36.22
2ce757e7e2cf3442241e4646b3472dd0,85.9,29.0,114.9
2ceb986b3043c2f73ab7577c6a41830e,175.5,16.99,192.49
2cfc79d9582e9135c0a9b61fa60e6b21,59.9,19.66,79.56
2d1bec8cfa830e47e6267b4e3c329dbd,24.9,11.85,36.75
2d1f08f7693e119a191d97d953258189,64.78,18.0,82.78
2d3b53a594f674cb7c476510f364c430,55.8,36.6,92.4
2d3ea45912e1469b558f6235da4d1689,219.99,10.35,230.34
2d4bc14df7f5eaf36d2ef6d9a5b7c0d8,69.97,15.17,85.14
2d4f4cfa89af135842ed4770de178752,63.92,15.2,79.12
2d5cdc856665603f1580e3586bde89a5,199.9,17.03,216.93
2d62a673525d6861e6f5f7ea6969c96c,65.9,12.9,78.80000000000001
2d7112fbe786c9c56050866c853e3a7f,79.9,9.77,89.67
2d8e4baffe6056f0800c1d99f2960384,367.52,29.11,396.63
2d8e71bf7d31a41d40f122c8173fdf06,65.96,30.2,96.16
2d9ae61d3fc718533956b7efca0d632c,179.9,9.45,189.35
2da58e0a7dcfa4ce1e00fad9d03ca3b5,97.07,61.42,158.49
2da6ebf3d4e564ca7ed21893aa78d820,174.9,15.97,190.87
2dae77f82d0fb01696161694e6db31bb,16.9,16.79,33.69
2daee070f2042c8b7a8e9fdde778a31a,19.2,18.23,37.43
2db27b143f985b40640f72cb16a95f29,81.2,19.81,101.01
2db42ea65de6f21be729a6671b074a4b,59.9,7.68,67.58
2db65679ff1d05444ec29ab329f8ae82,102.9,13.16,116.06
2db6682455f3a6b47b5202e00c855789,780.0,140.94,920.94
2dc5825eb69b865a9c9b8fbfa69c340d,23.1,12.82,35.92
2dc5ca4f77839266648dbc98c8c13142,45.9,12.69,58.589999999999996
2dd08b72f1dfc49c74883302437e6f6d,99.0,13.71,112.71000000000001
2dd604f5ec1bd2f58c14e9908c7df826,65.9,12.8,78.7
2dd8a69d1eb8ea62bdddc073c4e80ab1,49.9,22.93,72.83
2dde024859f51fefb1cf3975ae42c563,89.49,15.38,104.86999999999999
2de2a81f489e7ac7cc08d8e49dbd6c13,47.9,13.37,61.269999999999996
2deb17060fc1ce18a85eba953ddcdeaf,24.9,10.96,35.86
2dfa14496bfd2a02b3ab479a58171bc6,59.99,19.33,79.32
2e01a346da3f76c4a30e7ed7b3aa0d9a,6.0,7.78,13.780000000000001
2e0b1f8402c862aceda3851490482211,69.9,17.74,87.64
2e1cd6330c3813613972ac6976386c33,19.99,7.78,27.77
2e1f4c38207ae1b8011bbbfa7b96c34e,33.0,19.42,52.42
2e22dc2fce65e5b9d73a11d717f41724,54.99,26.64,81.63
2e23e1f7d2c2bd9b1926b5e071d4cf18,149.0,14.06,163.06
2e3258f81be08e497abb202cef0c0303,299.0,18.57,317.57
2e3484a1a6d6411c0a875c5b0f40be6c,104.9,29.13,134.03
2e39f907d4dd92ec91f6a98ea094e68f,89.99,17.37,107.36
2e55db958a20257bc57183a4e74e6b47,45.0,18.99,63.989999999999995
2e58df496a6b55819b859024268f5d55,29.0,15.1,44.1
2e714c63b48a7f01b1bcd40c2621b813,149.0,8.3,157.3
2e7b2330e3d679e08be10dc1ad695e94,138.0,12.17,150.17
2e8080693faebedb3ba68531167c6313,147.9,16.14,164.04000000000002
2e84df8fa5a2f0d5eab815d6c157b1f3,198.0,105.4,303.4
2e87cd077eb729dac6f6035112105f51,20.0,15.1,35.1
2e8cf1097e1516a9e3fae72b8ef97519,90.0,17.07,107.07
2e914af8bdaefffc2e6ea38a39a64d4a,179.99,8.51,188.5
2e9a02fad8f4629cc049053cca7a9a1c,120.0,13.18,133.18
2ea42a9244db919209a5b414c749a085,269.8,28.76,298.56
2eb63f75718e0a133e1a6c7d14375025,50.9,7.87,58.769999999999996
2eb75364afee3e3651da6cdf9f57c6e1,69.9,16.25,86.15
2ec97dfd085ac4fe7b1fa12819d9a36c,103.97,45.19,149.16
2ecf1e81869aad99fb1eaf286a7eb119,24.99,15.1,40.089999999999996
2ee31a66f128a2600acad318260c9e01,46.9,16.79,63.69
2ef81da37176cfe633d519636052f2dd,93.1,13.56,106.66
2f051c48f79c5d8bd789e2f51f24700e,25.9,15.28,41.18
2f09d13518fa692574874a78444c616d,189.9,11.95,201.85
2f0bf599e06ae4fcb639c0acaac2f0ee,23.8,14.52,38.32
2f2ccd40795675eff302804c7cbe24b9,126.99,30.73,157.72
2f303d04434f764d1c1dbaed0caf2e3e,329.9,28.39,358.28999999999996
2f43f05d6e829ed487f16b1f1cf304cb,216.79,50.05,266.84
2f53e1db0b2a17564ef12fe69d65a9df,97.88,19.66,117.53999999999999
2f669a3575b067a0f0b88d47f53709c2,199.0,0.0,199.0
2f66b4903890f8fcc8bccfd80510dae9,139.4,83.68,223.08
2f72a08e8fc765e47fd2f4f2eb7a3704,58.9,16.6,75.5
2f7686472526a14dea7833c54aea6a70,70.97,28.9,99.87
2f78724a34b125e8d8a5f731116bc5ad,19.99,15.1,35.089999999999996
2f7e28557591670c3bafadee171c72b0,113.57,18.04,131.60999999999999
2f81679117775afb1a3ed7a78186eba8,12.25,7.39,19.64
2f8f31eb2f7b6572836d662a6625c8e4,94.69999999999999,32.88,127.57999999999998
2f8faef508a5a7ba5de0b455cd768da8,69.9,25.77,95.67
2f972348117659ed047953f60257c3cd,85.0,20.08,105.08
2f9d791088532b218b41f892cc16073b,9.9,8.72,18.62
2fa10f3a5be4a615bac800682c485f1b,399.0,9.66,408.66
2fa7634ce48dabd9f75b76ab8c55a9b6,56.99,17.68,74.67
2fbaa53206d7c894eb7fd3a28d5d5592,197.9,36.74,234.64000000000001
2fc0b908e1bad9c0182c663a45cad564,189.0,16.76,205.76
2fc4ba497db1306b9048aceaf0f7e5a9,284.66,39.68,324.34000000000003
2fc78ee4879da5d18bf637e3053e4fc4,75.0,16.5,91.5
2fc9faf8c6b3ffe951029b8bae263bb6,194.99,35.53,230.52
2fcae632b06e40088d1800fc1cfc3e69,16.9,14.1,31.0
2fccad1e95e778fa79931174307b0ed8,100.0,61.13,161.13
2fcdb0c004a2a538d3dd724ea76916bd,55.0,35.71,90.71000000000001
2fd1f537efecf73f84bc7c24d966cff8,299.0,14.53,313.53
2fd592f3553f88b7489e09179c93f261,197.70000000000002,35.88,233.58
2fe3e3ee7c1249743f3c7391c05042b3,59.99,13.44,73.43
2ff94b5adbd4735e19153ea5bcaf8ebe,44.9,7.78,52.68
2ffc25e4c67c5d5ad8a0142b8f542d4f,69.9,17.74,87.64
3003eed153ba33c08d9352250d65ba75,155.0,17.53,172.53
3006835c4c3c11d4869c6bd3d346dca0,11.87,12.79,24.659999999999997
300a0fb67e14c56475f361381f629060,79.9,14.31,94.21000000000001
30143cbe639436a82c4936717cc5ecb6,75.9,19.39,95.29
3018245b4917c2d6e6ad5deb7a5cc600,12.95,16.79,29.74
301c441176beabdc9ef015807d9290aa,91.98,17.44,109.42
3020672893fa4aa5b9a077aef902851e,26.0,16.11,42.11
30244fa670103f1654f92667d446878f,102.6,19.69,122.28999999999999
303c3baec87996291b19d2448f79d67b,64.9,16.21,81.11000000000001
304137040eac6e7582eb945e3f347120,129.9,14.66,144.56
3048257a09e97a57f58f5d0586cc01a3,24.99,14.1,39.089999999999996
3058f418c175f89b5dc680bcb5634ab1,64.8,27.23,92.03
305f4f2afe70d838e381fb7a3c973838,29.99,22.85,52.84
3062239cf5087db015afcb38eb79c5c1,478.0,40.04,518.04
3064071cf67a2cc381cd53b13055eac5,19.9,7.56,27.459999999999997
3069c59ca4d7b71a93c01aa815b34ec3,209.0,14.48,223.48
306b4ec62d908535f2bfa2877665e899,241.79000000000002,34.56,276.35
307ddda45d830e2a08ee3892edec5d2a,179.99,8.51,188.5
3086869d9ce957007e5ac7f36ad0d21a,105.0,26.64,131.64
308cbbff78b182dfef86b37c94f10205,49.9,7.39,57.29
308d6f3a55688463299b7763b12bfbae,18.99,12.35,31.339999999999996
309f1c71e9955d6706a48a5640804865,89.9,16.26,106.16000000000001
30ae6774935cd2a70fa74306f407495b,49.0,7.78,56.78
30af846e182aa12984d1454721036e8e,48.9,16.11,65.00999999999999
30bdf3d824d824610a49887486debcaf,685.4,99.84,785.24
30d26db01f4ba88841bfbdbf5aaa8711,178.0,51.75,229.75
30d7ab7638f1f3420e09474f704fe784,418.0,69.45,487.45
30dbdad7616e8b72efea1c866a43f1da,47.9,16.11,64.00999999999999
30eb73d30073a32e71dd71315e9660c9,27.99,15.1,43.089999999999996
30f571a5f7cc70ba231ce76fbe1b17f4,110.0,62.44,172.44
30f5bfc25003d29ee5207083263d3ee6,119.85,20.03,139.88
30f953550693db6ca376d49de5533bd1,35.9,15.23,51.129999999999995
30fad506e0a3f97390f19a636e08894e,66.99,50.97,117.96
310a0d29a24aac9be0dfee5e0fa45204,89.9,17.07,106.97
311033a32a090c758aced7844f53d0b3,99.56,12.83,112.39
31198c57e7c220ab18af604edd8609ec,13.0,11.85,24.85
3120b7403aff618e67e9457cd794c0ad,199.0,21.88,220.88
3129f1c46cd423a817ca16f066a80fb1,157.9,19.7,177.6
31472917c2860ed762efd622d5862d88,106.0,44.16,150.16
3153710333d5f537679eb85bc07bf953,99.9,39.14,139.04000000000002
316119df99801d35bea84dbe48f4765e,47.9,9.27,57.17
316495342fc714e50303c6cf4feea79f,40.9,7.78,48.68
317fa0bbb4e4778148c67db78acaff49,27.9,19.39,47.29
317fb26a1a8a29eb9d6e36996afcffc2,110.0,11.97,121.97
318160e821f4c754080f46f95afc1ded,39.0,17.92,56.92
3196a24fc5b538fda8fa7664e74c411d,21.0,11.85,32.85
31a5a68f9d077c999f8b5b3dc297989c,13.3,15.1,28.4
31b0dd6152d2e471443debf037ae171d,59.9,11.3,71.2
31b855608ca69e4146b737745506f2d5,702.0,63.92,765.92
31ce9eca5cbb13db5867cc427003c308,19.99,7.78,27.77
31db9cf54c43e0190666ce0c1a3d0e9a,29.9,14.11,44.01
31f8ec47a5ed8e8e24f730ccbb66baa4,179.0,20.44,199.44
3200257acc9dd36d1fa819e72fca7e59,299.74,33.62,333.36
3208081336d844f7752b1e939dd1bbac,84.65,8.18,92.83000000000001
320f78fd535046175c97176db8c48b98,61.0,18.0,79.0
3211a50b2771974d1a3a57054cca7dbb,64.99,27.51,92.5
3227045c7007663566ae3d19aed8cca7,97.0,13.78,110.78
322d561e43a3a0c5887b628a62cb69ab,31.98,15.56,47.54
3237491ee1f51f346e175b2dc581b734,24.8,18.23,43.03
3239c022d37dc6c0fd3b8749bb7a0b1e,119.9,13.86,133.76
323c0a5365ebdafdd12959475e60b057,90.98,15.56,106.54
323d6a7119864c4c95a2a27b45e89b6c,25.99,12.69,38.68
3241db830366645e6a88f6384ee36cc7,98.3,50.17,148.47
324390b70e40e80315c594d323f03798,59.9,14.13,74.03
325c8590cc232d3faa8e49c293e7ea2c,80.0,15.56,95.56
325ec8a88062bc88aa724f174358df01,82.0,9.39,91.39
32805b94a882eabc129b1d2fd5bd2dfa,48.8,11.86,60.66
328d856c33d24e8aac1b90367ae7cd3a,59.9,18.0,77.9
329aacec1c0231ed21bb1e2f8f4dc1e0,114.9,19.08,133.98000000000002
32b1d3f7e7a0149ea3c10792131839d5,62.0,23.23,85.23
32c89d9ac47125b85e72ba219a4f09ac,39.5,18.23,57.730000000000004
32cd1d979b9373c462bdb9a06e5bf4f3,49.9,14.1,64.0
32f7f9fd01c6b5592202b48442caa441,24.9,15.1,40.0
32fb9842a1e575a59a048b0f5b471d94,59.0,18.65,77.65
32fdcc586467aa637465758e27c36f6c,23.99,15.1,39.089999999999996
33027744c5ca91afba6fe8b75bbfb6a1,34.9,10.96,45.86
331b367bdd766f3d1cf518777317b5d9,229.0,54.2,283.2
3324e0b9570581be76b4559b10df4aba,43.48,10.96,54.44
33401d2d0621ceae77505c91308ceddd,54.9,14.13,69.03
3340fd16bb81e26a23a17a1b9da63186,139.99,35.21,175.20000000000002
334ed4f858d2361daeaf939cd365c42b,44.99,7.58,52.57
3365749860804a01bf35b50fffcfe842,59.0,17.66,76.66
3366858be589fddbcf6a199aab0058d4,19.99,7.78,27.77
338d2237cff9d84c960705a68b88c638,459.0,17.97,476.97
338fbb25496b4365065adc83c56a0729,216.0,31.04,247.04
33a031da3772bfeda93d918e5048a0a5,139.9,26.21,166.11
33a3edb84b9df4cb49546859b990ac6d,49.9,17.6,67.5
33a5adbe3c5999ca418351ca4cd8bbdc,39.0,16.11,55.11
33b85e6449a3f1684051b4a02f871871,73.4,36.45,109.85000000000001
33bf2ecd9c887519e7c11288384fa270,139.9,10.19,150.09
33bfe472174712c99483919c79e837cd,159.0,104.03,263.03
33c5dbe43ca27f9986dd3c0f02b94286,389.0,55.25,444.25
33cb48a8f9d0e5bf683cda9881aae15e,43.8,41.6,85.4
33d1c541fe62cc7e7de82f1a6f7209f1,149.7,46.349999999999994,196.04999999999998
33dbd2002d80438989cc32296d1a2ed9,49.98,30.56,80.53999999999999
33e0807c2b09499ec0026e216114cefe,40.0,15.1,55.1
33f1e992ba3e439bfd0d432164a3d44a,226.95,21.56,248.51
33f8dfc5a51063c31d7b12e9d43a45fc,18.99,7.39,26.38
344b189b705831ff56d313993ebdd789,84.9,13.61,98.51
344d7792475d51c5c3b9d41758ef8f44,109.0,28.25,137.25
3453f6956295695e0125cf11b651bce7,199.0,26.67,225.67000000000002
34605af753e44da907f983de0082faaf,29.9,17.78,47.68
3461b5e9de904818a15cac893bccf912,44.9,15.1,60.0
3463c5474c21c4b02543cb5e9607f4e3,130.0,18.16,148.16
3470f42b0d1926ac00e22576799ba066,13.98,30.2,44.18
347d96fed35c336eb4656e8965e0d1b4,59.9,8.27,68.17
347f64f7117e953b9940c2e7cde190ba,99.9,11.9,111.80000000000001
34a114524c5f794047b202c0c85f3a17,71.95,13.16,85.11
34ab0cb9a828372a0c1de84088b216ae,169.9,19.36,189.26
34b5c4f2b088c66075f85fc2291cfa06,286.54999999999995,29.450000000000003,315.99999999999994
34be06fa6e60f24cfb03b4b2303d9861,159.9,13.02,172.92000000000002
34c441b76d69e67457e0073633aeb4c0,56.99,12.74,69.73
34c5c02777cc9ff009021f208b971041,180.0,19.14,199.14
34ca4adf4033386240f7ac16f25b14c1,119.9,10.05,129.95000000000002
34db12eded81bbeb870aa3fae6848f90,41.99,15.98,57.97
34e578b2d8c11db4288447dd459f9690,179.0,15.0,194.0
34e63d1843fa8269ed932133c6b58a3f,29.9,16.79,46.69
34fe5a39b9e65ac47aac2872c3538c41,254.9,9.98,264.88
350effaab10ac33b956650cd4eb15388,55.0,15.14,70.14
3517c4c24184e3c518a1c8319dc60765,119.9,21.33,141.23000000000002
351a4161d1abb1089cd923ba455f46cb,131.25,17.17,148.42000000000002
352096b87a2e9b123d84ec3f1380d8a9,52.0,11.86,63.86
35253375b48f367b1d654e9b1d762ea7,35.0,15.23,50.230000000000004
3525e0e57f9d276d522d570bd46cb39c,18.0,58.9,76.9
3529da555e9238eaa0ac000c0ee4fb05,58.99,13.43,72.42
353452698ed9b7e594c057af6d63c95f,166.97,49.92,216.89
354170da2755821e9c7cdccbe277b0b2,27.99,18.3,46.29
355b3b76919942127a5b1adf689f1f2f,185.0,14.31,199.31
3568ebea6d5338487cf9c64e9f59abfe,179.0,49.86,228.86
356c676af9d2b3828c504330ea74ed73,119.99,17.57,137.56
357699224271146ddda4a57375993805,39.9,16.79,56.69
3578f604ba267d1491f68d8f929dbf28,34.9,14.52,49.42
357faf30d677dbe3c31a345f7026a6bb,165.9,61.68000000000001,227.58
358062b4847c9e2ce76ba4895d0f6625,117.0,23.62,140.62
3584549de22afd14085bbe571f04b456,93.33,12.15,105.48
3594036dc631b02c14cd17fd933d3068,56.99,8.72,65.71000000000001
35b6b206735a826adef009d685f69b16,14.9,8.4,23.3
35b7d83c8629ba8d0f718d9d293cf436,160.0,19.22,179.22
35baa1b2a801b5181147ad7c02723d9d,509.70000000000005,57.87,567.57
35d6f22df6139cb41e6dc813a0f84302,49.0,7.78,56.78
35f7b5bd54e85367e42167d104f06813,165.0,9.91,174.91
360b84029c125bb8d4ede52585f058f2,23.99,7.78,31.77
36102c60cdae5d6d01fd40b0b5db5857,99.9,13.25,113.15
36261909efa8e717bcc65fa801b86949,64.9,15.33,80.23
3641f9fa33b23a96ddef8d28f440d8db,139.0,61.35,200.35
364bfe8be0f9a89a9a817d0e8ecd859c,169.0,28.04,197.04
364f6a92b4afc67ac3104f92bec22ba8,182.0,23.85,205.85
36534fe142509f207606ad15c006b7dd,87.8,15.14,102.94
3668ab500cf3bd43c55190cd48dc1925,31.9,25.63,57.53
36740de778429748e1ff6077c7d85e5f,77.8,27.12,104.92
36783db8698edf3ba7585d93b5a1c4bf,29.9,18.23,48.129999999999995
36889515282d4ef83999a8332ef9f4cb,79.0,17.8,96.8
369096250e5b27d687c9435d577ab29c,49.9,13.43,63.33
369634708db140c5d2c4e365882c443a,39.9,11.85,51.75
36970c35cfe02cb355e55690bae4ac02,155.9,23.96,179.86
36995f50cacc28693fffcdb6af6cfedc,66.99,17.21,84.19999999999999
36af952fa00b09aef1c4c6020442a819,7.9,11.85,19.75
36c7f50567d882b974a2294acf6f15c3,28.7,15.1,43.8
36d41a5b60875876ac9f3dea8d233a1f,99.99,15.59,115.58
36d603f12540763fd9e99b6eabb53caf,84.89,7.94,92.83
36dc666b3287023e11e5497252e98707,67.0,17.18,84.18
36f66ebfbd144aa6fb39338bd87b0bf9,47.9,15.11,63.01
36fb716af0b33abaac585787ccd0c0af,14.49,7.87,22.36
370b3c2ef8fa05039d7f93c4c9f66470,56.0,9.7,65.7
370e2e6c1a9fd451eb7f0852daa3b006,79.9,15.77,95.67
371108e902be11a7d9b8ce66a1893241,115.0,16.44,131.44
37311087440803cc1960343121d1de26,249.95000000000002,76.86,326.81
3734ef852a0ffc47fd80c97740466f68,349.0,14.78,363.78
37394e732421fbc2891f359531eae716,109.9,15.52,125.42
373e8a6f20402ca46cedf50241ed878b,29.0,14.1,43.1
374a125372cffb30e8e2df55f8448da4,58.9,14.13,73.03
374fcc5350e3372ce0d7cab981d7de90,65.0,20.18,85.18
37507e1d5b294164b69056c22f217b1e,61.9,16.68,78.58
3755e498bba48053cdac758b05dfef7c,43.6,16.22,59.82
375c717fbe948f24044e81178cc38b0e,159.0,18.54,177.54
376354084f6f8ee744a474abfb826ea2,56.0,11.0,67.0
37732eb932f8b2b2b3d7cef77833eec1,103.9,13.07,116.97
37792549e9a1606a574bb4a8aa76136e,44.9,11.85,56.75
377aec337a068541200f33229afa85fd,134.9,13.38,148.28
3783e0b4f1ef0985e0d9aca4629f756b,149.9,12.14,162.04000000000002
378aab9f026bcce6c5d6b5b6453be88a,13.3,7.71,21.01
37a17c5250faaeed1cd077f903e08994,49.9,16.79,66.69
37b680c6aa8ce81441e0e86dcb6d7822,62.699999999999996,45.3,108.0
37c9baad44854a2d5ac7022b4228dbab,120.0,14.2,134.2
37da265b43b0eabb4777f9be4ee0daf1,599.9,26.78,626.68
37dbd3a9ef03223ca93bad0442fd91ba,31.9,15.11,47.01
37def1f304d4a5cfd597d66b3a778e9e,99.0,21.49,120.49
37e32b54f25d2472acbc642f7e539a36,84.99,14.34,99.33
37e87d7b071633ba92f5ef06491b781a,339.9,11.79,351.69
37f6e52783daf8d5b0a61c8876c23b38,99.9,25.15,125.05000000000001
37f9c3b8666bdf2c00d8d6c0de58cd30,388.0,18.35,406.35
3810ddb734405f64afc7638fd96c9cb5,58.0,21.92,79.92
38162e93b3ce4e0511825eba9f0b4414,86.99,17.86,104.85
3818ab6e31e399088ce955019f85f7d9,599.0,40.52,639.52
3818dcc3b7bd25996c0f1684437f019b,90.1,12.97,103.07
381d16906fcc904fe66028d7438ebc3c,99.0,17.94,116.94
382e8f286f0c03a978e78372405fd3de,199.0,17.15,216.15
38303e0a3dce8b2bce37ca13b1c3f9ac,284.99,8.86,293.85
383730d8be253fb34891920a417f2861,439.79999999999995,58.09,497.89
38567ea58a8c84a1d15845d0de8a855d,83.3,33.03,116.33
38636a6a86131fe2c507943a16833350,127.99,23.19,151.18
3869937e33c68a5ec38cde1f19a6968c,259.99,21.31,281.3
387a1dd847da1460222bebfcd7c2c7ba,39.99,14.1,54.09
387bbb4e54caa3042c96943f795721ab,138.8,67.81,206.61
388093f2361bae7f871b80bf9673e2ee,49.9,7.78,57.68
388fb3c827cea2f9e0a3fe1efeab7935,19.8,18.24,38.04
38920184572395a482db42cb4c8e1067,415.99,15.93,431.92
38a205d16aa85ec7daa30215713cbef8,269.9,37.37,307.27
38b584be7174802377777bcd60e7a459,70.0,7.78,77.78
38bcb524e1c38c2c1b60600a80fc8999,2.9,8.72,11.620000000000001
38beac7cca7c937da89f8aedee76f944,79.9,8.75,88.65
38c0ff8cba12452ea772d687ec01ad56,49.99,42.38,92.37
38d1046513a150583e3f00f86212d3c9,79.9,16.32,96.22
38dd491abd1019ce526c43c8145e2f4c,91.55,7.9,99.45
38e31ec9d0ed250702ede5bb610d963b,32.96,12.48,45.44
38e56e4a15bae88b8f5115849c500e77,175.0,19.11,194.11
38edd38dc17b36d7fd7554100453f1bd,179.8,18.51,198.31
391cbfa45cfc95e90b2168e5afe04b25,750.0,43.09,793.09
3924ecb5e299e5fb70a6f38e34aa4c1a,399.0,46.59,445.59000000000003
39263e1d21c19dd12321cbdb04b3175c,230.0,16.36,246.36
392b29c08332cc1f57af36e3e094c276,689.0,17.84,706.84
394961b2b483cbcfbe249c1634babac5,49.9,17.6,67.5
395363317a9cc3945212a000edf960d3,145.0,15.76,160.76
3967044b1f033a8b079e050cf79b2586,32.99,9.34,42.33
396edbf3fd93df6ebe7bb415f5af60c9,98.0,38.24,136.24
3972df2fee6713723d3c001075f1a039,35.0,15.1,50.1
39767f4e322daad6653874a11561f42d,59.99,8.88,68.87
39863c5c4361d19d8c48522f77fb3bed,19.2,15.1,34.3
39897c1c37144a25b897e4d5c98fed20,109.99,16.4,126.38999999999999
398f1723ca5725d585fbc000ec3edb05,137.9,7.83,145.73000000000002
399245c562fb9bbf701ec413495ffb35,725.0,42.21,767.21
39948b49e7e68844f9f5a31d12a3c4c6,258.68,35.64,294.32
39a0e2f723def2e12a51e963006c9242,37.18,14.52,51.7
39b1f85275dd200066b0ec1a4b5e09c3,32.9,22.16,55.06
39c16eab44c2a583e8015a4505fc1dd1,44.55,11.74,56.29
39c5fa1323927c658f09038a61cca654,59.0,32.71,91.71000000000001
39d340d25b904393423407b7b5ed5030,30.990000000000002,26.5,57.49
39d92c90ecacf0e6411af62b7bcabe17,69.9,16.25,86.15
39ea1041ff8ce5011a3032a46ccf30e3,7.0,7.78,14.780000000000001
39fe0f3cac902673a46b974f5d4a8528,149.9,43.28,193.18
3a17fd4120bf394dc3968c52f703fe07,112.9,29.18,142.08
3a1a92434eae60a4f44ad7ebef65c3e7,228.0,26.58,254.57999999999998
3a1c434d917a8b25f7862cfa17972aae,34.99,10.96,45.95
3a1f0844864136aa18f6710238f40e6e,161.42,38.6,200.01999999999998
3a2ccd64420d46c86f575892f6d83753,49.0,14.52,63.519999999999996
3a335d9250509602da8eebcf766e1ddb,149.0,22.34,171.34
3a3450ff7785b9a81e13a1fb7bd60ea7,229.04,22.61,251.64999999999998
3a4e65de6ffd941f6a4ee824d472aabb,214.0,62.74,276.74
3a545de1e0e068eedf5535c5d3a39838,99.8,35.2,135.0
3a6be3906d26bffb0ee2c640eb2ac480,35.5,32.81,68.31
3a70ea20517224ef5bcb72742f0cc439,105.9,17.99,123.89
3a85e7db76d5fc41b9dadcb1d4e7a255,295.0,41.99,336.99
3aa8bb26ca992439ef2b340e0de63e78,134.57,26.56,161.13
3ab7017ae596ec8fae78b7232580a0a8,29.5,7.78,37.28
3ab974ac744bd19a111d5e19f0a90649,78.9,16.99,95.89
3abd3ea64f72772ebe7fb7fdb73b8991,59.9,17.7,77.6
3abdde0fd88e73a0651b9f90b6e553f5,329.9,22.8,352.7
3abf6dc158567370b9270287cfcf25bd,34.3,14.44,48.739999999999995
3ac2186857e6d4f16167df65af939568,45.9,13.71,59.61
3ac745c240dae78ad2e1b9e191e92143,69.9,17.74,87.64
3ad5e6d4c7320ce8a70ed122d2f6d98d,55.0,9.34,64.34
3ae23891986e183545f58cbc836a0106,49.9,22.93,72.83
3ae5cb75e3aaf3d9e99637e6c07032e0,69.9,17.0,86.9
3ae6c164f9e4222b57e95c67ce981118,330.32,23.849999999999998,354.17
3aefaf9d41208dba8b2c336def99b00f,39.9,16.11,56.01
3afb5554304bdc748e0b05b9b8fbb9ba,49.9,19.59,69.49
3b070195d0d1272935abef5e1dcf0c9e,49.99,13.93,63.92
3b132068223649635448d659e7826d12,169.9,15.95,185.85
3b1c5a036e0412d8c9dda3d6df67782a,188.99,15.09,204.08
3b2306ebbd3f8e2923984f42b2c03228,165.0,16.78,181.78
3b2869c5b6a037cf731d70ac76d0fea7,49.95,11.85,61.800000000000004
3b401cba521461d124e0487ea53bb009,119.5,22.77,142.27
3b4a1c677a8c6c11d2564b52b6eb636b,69.9,17.74,87.64
3b55f8bdca319d87fac505893a4a3440,21.99,15.1,37.089999999999996
3b6699603c3eec3ca54e7d4b96b1bc53,79.99,16.81,96.8
3b697a20d9e427646d92567910af6d57,29.9,15.56,45.46
3b81b7af81e2eeda1442ed880cd1d860,155.9,14.53,170.43
3b95a15990c1bf022ab091bf7f9bcc28,193.0,17.6,210.6
3b98cf066d0d2a5121f8c95bd97816c0,149.9,14.8,164.70000000000002
3ba0099be6c2011cb3eb986b4e0a8efa,149.9,23.98,173.88
3ba42e1ab3dfab510424d0872616a139,99.9,30.2,130.1
3bae20c7f7ad4cf125d51f381c55f8e5,76.9,12.67,89.57000000000001
3bb01fb597afee976918577ed7697c80,73.98,23.7,97.68
3bc3db2c8da17bdf6b0344b1a2ed7cb8,110.32,8.03,118.35
3bce4193e30b36d4d3284df3fa96d77f,74.9,12.86,87.76
3bd0f236adc665a39d6119dea1d84854,108.0,15.52,123.52
3be2b1040cee4f1c19a48c57ca3d2640,59.9,25.26,85.16
3bf5639554dc908f97a75a89878ad197,49.0,17.6,66.6
3bf7afbf899683dbd726ff8b50d69c76,121.9,21.46,143.36
3c057da49a74023e52c0ec5ba76843c0,40.0,7.78,47.78
3c060be8256385c5eab23e0f857609d8,17.9,16.79,34.69
3c0f91a7a3493bb46260f52f2e6ab61a,37.0,15.1,52.1
3c1098cb17277b62cfc709c7a9b500f5,53.9,17.63,71.53
3c168c149c30652ebe339c9e5ab96f71,34.9,14.52,49.42
3c276467cadfbfe2f055dbcc62e32b2d,59.9,11.92,71.82
3c40398038e198e9e1636c1116378da8,141.8,36.76,178.56
3c557fef5b5d9315a99f7442ef013a8e,40.14,9.34,49.480000000000004
3c5939ce763419f5942f27acffd072e6,178.68,48.54,227.22
3c5c2cfeea91d9a57ac3c979ec6c9d62,49.9,17.63,67.53
3c6566c0b8aa1eb2382e08cc0ae4bab4,34.0,8.27,42.269999999999996
3c6631c103dfde64020db02048759dd9,12.93,42.38,55.31
3c7ad0e853a5d0f0b08290127e7325a9,179.0,51.12,230.12
3c8194a8d47f5852dcd52ccbf364596e,49.9,9.34,59.239999999999995
3c81b1eb31a46822410a4fb9b43f0678,109.0,49.29,158.29
3c8c15b1af4ebac663b1e5645cd05506,60.5,31.21,91.71000000000001
3c8d79ea0ac82caf57807f9cb39f8dee,55.0,18.49,73.49
3c93a4cc9ca8a3e1148b82d0425be9c4,529.0,44.68,573.68
3ca618a967a369a20ac5f2c4e00e151a,84.9,13.61,98.51
3cab5c70f370e7fa810658c551f8e2ce,129.9,23.9,153.8
3cb894b9d2fb0fa0ba040e556b246c07,16.9,15.1,32.0
3cbf332e7f3e5a7c73f6106f0ba94967,49.8,33.58,83.38
3cce272fa362fe558667d1ae4a48d16c,69.9,7.39,77.29
3cd4d6461c966c84e6547503dc04df2a,668.0,61.699999999999996,729.7
3cd9ad25e3764f6769112c081a0f08e4,125.0,14.62,139.62
3cdd33ec05cf28374828827789437fc3,79.9,13.0,92.9
3ce16e50c1842ad30631811796a31afc,113.99,15.91,129.9
3ce23ec58b30f84a32003c7bf535d14f,28.99,15.1,44.089999999999996
3ce4038922670fead496aeae61a8a393,10.9,8.72,19.62
3ceadc78831e81a4eb0cec59a8d44997,53.0,22.08,75.08
3cf387bb14e9db171ccbb9b87ea607bb,135.8,25.22,161.02
3d078f07196f735d7513cb6df317e1bd,9.99,7.39,17.38
3d0a2787777e731001936c8a443b22fb,44.63,17.92,62.550000000000004
3d0acef161147c90c2fd5e7cd8e199e1,69.99,16.25,86.24
3d0ad2666f5de49d63ad8ed0af80d3bc,120.0,43.12,163.12
3d1bbd8630ca04120738e98740d93503,69.99,19.46,89.44999999999999
3d237fd98f6bc4d3fd3a0eadda50b2a6,63.14,16.2,79.34
3d3742a96f24a8fe4e2e57628807e476,159.0,16.41,175.41
3d4bfa3de7e617f61d1ee3c87e95b204,135.0,27.68,162.68
3d58fd1ee438a43f2a826dda6b013519,41.99,19.07,61.06
3d6002f122e72a5d6e07d4c54e79e3a4,119.96,34.56,154.51999999999998
3d8548cd4cec4412f9007bf10e67b70f,104.22,15.56,119.78
3d87ba4f7660501adecd3a4fa95886b2,28.0,9.34,37.34
3d905f2c25bbcb26fc068e0ca62a4315,85.82,16.23,102.05
3d9ffc9b8fda8e673afb17351d2c0ec4,39.9,14.1,54.0
3da480f0b570c286f15f34efa2cbb2d5,69.9,17.74,87.64
3db932725b90f4f388d2e361b0f1247e,9.9,15.1,25.0
3dbbfe7e312f28ebaf69dc5033b96438,24.5,11.85,36.35
3dbcc6a75a92370a581e5b39efdc1b0d,49.0,13.0,62.0
3dc6e749cfbbd0cdcd680baabc83d5eb,29.9,15.1,45.0
3dddd02cc38fbaa0a544a1e928aee40e,49.9,12.79,62.69
3deb7346dbaa00ea4431f0d97a6ce758,26.0,9.34,35.34
3df5f0a6d3258b30e0793cbd37b499f9,93.99,15.42,109.41
3e073b27114fe955e184db124d34a566,1020.0,27.96,1047.96
3e08aa33483ffe505b5de4748dc70c7f,259.8,40.5,300.3
3e10fb31e08ba1bc6103b56c474610a6,329.9,16.48,346.38
3e226f225a5d4584d0bce05c962f6adb,135.9,17.2,153.1
3e23457628bb06cc3328814e58a4f889,89.5,10.04,99.53999999999999
3e272c0e88b4c65c4480ef4d2ca44b92,16.9,7.87,24.77
3e28393f83efb34c56df093513721d60,119.9,29.24,149.14000000000001
3e2a7096b199939e9fde66eba27073d3,139.99,18.86,158.85000000000002
3e65d8271b054ca287c93d4b56c55386,154.9,7.95,162.85
3e65f930729bc14824ce41dc1e8084d1,199.0,26.67,225.67000000000002
3e677665a6566b610e6f1344ade7b146,117.99,16.46,134.45
3e6cbccd0e3c5e4972f1f1f178b81b08,94.9,19.63,114.53
3e842a1e166c97b49a05adaf6c7581f2,73.98,23.7,97.68
3e93213bb8fdda91186b4018b2fe0030,122.99,53.21,176.2
3e969ee3b96e0dfbc5541bb80591597b,8.5,7.39,15.89
3ea82ad47a5a11ed6d1cb5e1e8343b9a,29.9,21.15,51.05
3ea8ef64da06a959e384edb7cb824c02,61.8,17.68,79.47999999999999
3eae7531a136877d61e1aaea2684fcea,234.0,124.59,358.59000000000003
3eb2926661890add37ff467c6c5ead88,17.0,17.63,34.629999999999995
3ee542a715481176869e6cf2772d202e,17.9,27.11,45.01
3ee6f1a94cd7b1aa622553fd94a3aaf3,310.0,72.82,382.82
3ee8494bb94ea023beadcd0783c9d8d7,84.9,29.52,114.42
3ef28988ea616750c5ac6a0058814056,39.9,17.63,57.53
3f04e710beea0fa7c09842c227f005ad,119.99,44.64,164.63
3f1d42a217afb22fc9ee819f602664b2,59.9,9.17,69.07
3f23bdebc73fa439fcd2b1b77fbeaf7a,110.32,15.87,126.19
3f265b4152ce33df196725325e99ef49,49.89,9.34,59.230000000000004
3f3e01f29d25bb2e62be81659113d44e,299.99,17.21,317.2
3f3f8127c7e0537f9f74550f3504f93d,35.9,15.32,51.22
3f49c44f8daf2224823379331514a723,541.8,96.86,638.66
3f56a22363145eb59c7fb42254d3f345,42.93,37.21,80.14
3f9b6f8b34537b09fecc693148454b85,29.9,8.72,38.62
3fc128a8f984d127ab677a04ade63121,199.9,21.89,221.79000000000002
3fc22e5676244cf405146dd191909147,84.89,7.94,92.83
3fde8b7313af6b37b84b5c7594d7add0,39.99,25.63,65.62
3fe4dbcdb046a475dbf25463c1ca78bd,35.9,16.11,52.01
3fed89335b07739e36d2b4680ce3e900,31.89,31.94,63.83
3ff220e93d03aad9bb6767d90ac0e846,109.9,17.02,126.92
3ff79cc8f927df012dd6b1b823632745,86.7,17.86,104.56
3ffd7375839be4547d1c419c90403c27,35.8,23.7,59.5
4000a14f1fc84e2943e3440a9089be35,56.99,14.15,71.14
4015f31ddb21f7ae83d72e00ef0bce97,184.9,21.78,206.68
401aaeb144fdc31e60486809bf917ce5,239.9,17.31,257.21
401ecf90579c9023a8f503e3a58cfa77,37.99,16.11,54.1
4035b52134bcb1bdaf305b4671495372,85.99,11.81,97.8
403b97836b0c04a622354cf531062e5f,1299.0,77.45,1376.45
404ae63d165e7de5dd0bade9787b50c0,1400.0,25.56,1425.56
405681d4d6342114f04f4e25f4d90068,17.9,14.52,32.42
4056ebb28fca7221561bf47ffaf7451f,107.0,12.25,119.25
406e77234ec47031020fa6bf9507b59b,419.8,45.31,465.11
4082016610cd8b53add011fe068c04b3,89.49,15.38,104.86999999999999
40882c452ec4e7cc53c1a084173f79a5,24.0,14.1,38.1
40940dc8bce0d8f65258a5d2d293038b,139.94,30.82,170.76
40956e6dd1d3604c48f437352e4dc3d3,118.88,20.07,138.95
40a0d420733e7978f30e7a63616bba22,79.0,15.76,94.76
40a0fc3c21a8f455a5f8388ed46408ca,29.99,28.75,58.739999999999995
40a6bf502702fa0bfaee3ae436b554ed,77.98,38.92,116.9
40b6f922d06bf5d0ccd2dfc2df2b6a50,198.0,16.14,214.14
40bd7d4e6219af90438292c55c87c61a,83.9,8.94,92.84
40c8d67fd240c45c8d7b082a8ab8d9bf,236.0,12.26,248.26
40cb5e00d417c4057d5253c48b887267,14.0,18.23,32.230000000000004
40cc087704cdc9456b35cb98bbd6c8fe,249.9,37.37,287.27
40dabf508156f3a0348eb2a656562b99,84.9,12.72,97.62
40e4b27fe658a1c1e627e503b29ef734,69.7,25.68,95.38
40e7e406d2aadf3fb95b04e41909b29a,120.0,22.99,142.99
40ea731f6fa10cf721b503b64f3b178e,28.9,11.85,40.75
40f486f48285528ce9da6577b086c451,59.9,12.76,72.66
412e4fb4c148a6d31f905c16481d75e6,169.0,23.76,192.76
41413d39ecc484efad18a45e9d06d53d,24.5,8.27,32.769999999999996
414643c3ed26cd6d93ac777a102a3ac0,12.1,7.78,19.88
41467837b8621b5014b5a91e78ab3747,27.5,22.06,49.56
414b227d34e12d2c95093f0bdb4c44bd,129.89000000000001,34.269999999999996,164.16000000000003
415056cb7470ad427166fe14005a772a,39.8,19.32,59.12
41533c74e757d62db485b5053f8a2314,94.9,14.41,109.31
415c1b3a4f7d686212cf08f53ad40271,15.0,8.72,23.72
417f3a2950fc1952340b349f0dcc7a25,198.0,17.09,215.09
418aaa61ff9515614340e03422fed9c9,69.9,15.7,85.60000000000001
41907a6e6906a563e6dd54a19d77abcd,53.54,26.9,80.44
419158f0fcd3a19edca60d45d531849e,105.0,18.61,123.61
41a207671f292d00ffea01b171f2a30b,84.0,15.56,99.56
41b39e8a2374f3afc0e36d2bbc2de799,49.0,7.78,56.78
41c284ffd871324eadf06fc989583619,40.0,19.32,59.32
41c3d0e8ca38e1a1948bdfbb842c1f27,27.99,15.1,43.089999999999996
41cb9d97fc1bb4dd341d2f383972d178,34.9,22.67,57.57
41d0050b0a103c674289659fdd6f602e,141.7,43.400000000000006,185.1
41d12841c459809ff4d25ee0c8313de2,29.0,19.04,48.04
41d1a34204ce66a59daa5590f05cc4fa,50.0,15.1,65.1
41db0ab7c0c615a697ca63860cd13a33,105.0,25.57,130.57
41dc608dc9ebdb998dc9b63c57eca204,290.0,9.44,299.44
41e058d34a41343f01cdc9a6add38423,141.0,28.35,169.35
41e26896c2835821f7622124a8ebf047,105.0,22.6,127.6
41ecdff9b0271b1886aecfab66d5a75a,59.9,13.08,72.98
41f1032dbed29e923c83317e6468c291,169.9,20.07,189.97
41fd6d7314a043c3efb80fa61af305a2,68.9,12.61,81.51
420ab5f8b0999c674c7438c38ecdda17,109.9,21.26,131.16
4212c4acae39b267aabc4696d873cbcf,21.99,14.11,36.099999999999994
421b4ffa3b5162cfda443317c902f866,298.0,23.17,321.17
422643519f1061cfc8efcb75a97f87c6,129.9,20.47,150.37
42299af0a6ded1aaf44fa88f6c57dfac,26.9,16.79,43.69
423a4ec1579258ccf1267d7414246c52,34.99,14.1,49.09
4244beeae3f68e6527250aa88ea5346c,209.9,13.6,223.5
424fede77e7b571eca6ff46a2276f8af,117.99,9.64,127.63
4266cc59dbee85121deb59ebfcf36eae,119.9,13.18,133.08
42682e26483a7308854ae17e8ff408dc,23.98,14.1,38.08
426d5abd8bde1dc9291aba9f7ebb22af,24.9,16.79,41.69
4277cbafe32b1c895956bfca7cbdcc69,89.99,17.88,107.86999999999999
427ab04bb9a88ee00929a510651d77c2,257.78,29.63,287.40999999999997
42831051f86bdc3bea417f93d5fd981e,139.94,39.84,179.78
428a2f660dc84138d969ccd69a0ab6d5,982.3499999999999,243.29999999999998,1225.6499999999999
42ae1967f68c90bb325783ac55d761ce,119.9,15.59,135.49
42b00bba3a67fd5e1acc3f437d8afaba,89.18,15.38,104.56
42b0798ccc52aa08aab4693a33960eae,199.9,18.31,218.21
42befb375e86b58e9c00206b5f948341,128.9,15.549999999999999,144.45000000000002
42c85bf5583375774d0e2a73b4ba4d7e,42.9,7.78,50.68
42fbec9b92de96f320334c91f47e8b6a,9.9,11.85,21.75
42fdf880ba16b47b59251dd489d4441a,113.57,14.88,128.45
430d109ed8e86fd6925c000c40c2570c,159.9,20.61,180.51
431018542d8303268a574ea80da4cfb5,19.9,25.63,45.53
4315647970ca486a6dff72dcb2c97e15,59.0,28.81,87.81
4316f97fcdde6e62ba7b3b1acd09291f,110.9,16.54,127.44
431edc9c63424518da8f273659cafa77,99.9,23.02,122.92
431fe12f4d24d8f61a0947c0bc842a04,46.99,16.11,63.1
432c429c86371b479f48d4aed000409d,270.0,16.64,286.64
434d1997e63b6e122dafe2a81ce31850,15.99,15.1,31.09
434ee413138c6ead70939d4a56e0a29b,9.9,7.78,17.68
434eed8762b5d851fc7ce3bcee924dc0,59.9,15.52,75.42
4351879fb74d0a37b9c8dad7ba7e59de,119.9,17.28,137.18
43698bc1371b83853814e6a6afcc89f8,99.9,26.78,126.68
43820afb33cfe47a6bbdc81d3fb51aa0,134.99,15.69,150.68
438fe4022fc830fe3bb159983edd13d6,104.25,91.15,195.4
43900dda470fa7bbf2a0bcae68491435,115.78,20.58,136.36
4396b37f55a457b870dcd9137cf07e84,178.2,30.94,209.14
43ad25e09be659b55ed165e2dd94f360,129.99,29.84,159.83
43c564b825003473af9a68138631d388,75.35,12.53,87.88
43cc1b49644de5e13af22777e83a7808,57.0,45.3,102.3
43d3cc829a59f03af73f2a7fc9542ee6,271.0,21.98,292.98
43d60e5304df2b3b2d51d32499266433,160.0,15.87,175.87
43dbc670fce72c601cf0064c216cbf02,27.9,15.23,43.129999999999995
43de756a962b59796a31a894bf9b37df,59.9,28.82,88.72
43e1469a7223634749c63daf05d5553a,99.0,29.09,128.09
43f08913407cac4e74a898d968e58c1a,152.99,13.2,166.19
440b5d8129165b7e04b3c37e3a5e93d7,189.99,20.82,210.81
440fd902b617080eeb9463a65ffae07a,249.0,17.18,266.18
44150e408d0bd0a5341db3e4f11a98d8,399.0,17.86,416.86
4415361bddc6491e81dff0a462283bb7,29.99,8.29,38.28
441c5a5da055ac9043e37bc8b976654f,92.9,18.75,111.65
4420cbe16c262f724b648cd1294c88b6,374.0,33.04,407.04
44367541b21451fc1fff30873b2cd899,469.9,26.28,496.17999999999995
4437322bbcfa3948b387f1e5e3801a24,141.75,13.7,155.45
4438691d291f7a436db5665e8d010ac9,119.9,65.65,185.55
4439ae87a236a720d52416f0f5b816e7,29.99,7.39,37.379999999999995
444134534ff42a9631f932653df1d132,71.9,58.9,130.8
445e35406984b81b3f9109de8994e197,85.0,17.84,102.84
4464462d945bc41b8b7cc74d04722969,84.9,12.72,97.62
446de4fae55c385fb4c5481c783bed29,39.99,15.23,55.22
446fdc806b0c1bade7477c8adb83b9e7,89.9,12.77,102.67
447e81187647a12bf1a254923877d0ed,34.9,19.59,54.489999999999995
44809c64bc4e272b0ffd44dcaa3beb8c,350.0,14.89,364.89
448795135b904d057254f5fd0d5a6a4c,655.96,67.12,723.08
44a10a741d51010c1440fc7337b5ff6e,69.9,20.98,90.88000000000001
44aa72f4eebc8c0ff7a3636f6369201b,56.99,14.15,71.14
44b7f7a59d7d3d4c6d72380e3af10e80,59.9,8.72,68.62
44b96d7a837be4595325c31fef81022c,213.0,20.99,233.99
44bff723bc2f864855ed3807ea7157c6,49.9,9.09,58.989999999999995
44cb884118c81bf6db2f43cf11ab63d6,119.9,17.0,136.9
44d14514a06127f72cd96745ed0eed21,29.9,14.52,44.42
44d266dec578366b923e9b3a636c8311,91.55,7.9,99.45
45029aac398517a7869c2f22ba01affd,109.9,17.51,127.41000000000001
450c49623c365a4edcf0c5a2c93aa7c9,35.0,14.52,49.519999999999996
4517d10652306c01990d40b0d6f76511,199.9,12.01,211.91
4518ab57ad7e9009e40b69c17bc005b4,59.0,18.51,77.51
451ef728c85c9cb2765159e30f4fa021,74.0,12.86,86.86
453887e7d1a2fbd4beda6f9dbeaf1b4d,39.9,15.1,55.0
45390ff93f092f0de1524d486a172c33,150.0,32.58,182.57999999999998
453d23c01dc7a572130a7bd307202429,149.9,58.84,208.74
4552d969c2ffe2ac446b7a970e6953fc,100.9,21.009999999999998,121.91
455d05ce8b86b6e2b3c2e6e0a7994942,127.9,16.66,144.56
45655002c111b6037f3244f4692bb526,69.9,17.74,87.64
457a53571ce58184246a9e382fe8512e,53.0,34.17,87.17
457dbdc9e1ced1274472af8b6fd00be8,23.99,16.6,40.59
4590ff46dd75f5b7ca1c5a8a3f1b1b5f,169.9,31.99,201.89000000000001
45ac1d4b219993bf334080eac1585166,119.0,17.37,136.37
45acb6840b062e10dd63454b19ce5212,779.9,67.48,847.38
45ae42280548c03b6b40058b455c462f,89.99,12.13,102.11999999999999
45e00abea326ffad82887cb48faf12b9,89.9,17.88,107.78
45ee4a244dd8a9df576959533aca1d6b,90.0,18.78,108.78
45eea7503e8d5e369d52ecc3cd27a3fa,79.0,34.76,113.75999999999999
45ff50616aff4d99cfaca273317a139b,199.9,13.83,213.73000000000002
46077eef0ad2e1103cd2970326b3712b,39.99,16.95,56.94
460b00ca293dcd679c0c580ec1982f64,144.99,18.26,163.25
460c774494e4c1e4a5a4c6f05f29e2c5,89.99,14.38,104.36999999999999
4619fa9317a02816b5b83631ff90b93f,99.0,9.51,108.51
46422e1ce124f2bc35a6d0a4b1bf0130,37.99,16.79,54.78
46484009102069e531f34a424a500982,105.0,25.09,130.09
464b622b9d163f8703cdfe7e0f24f8fc,32.64,15.1,47.74
464dcde4a46d816f4943dd22ac477629,119.9,9.03,128.93
464de32dc84484c1d26df3e8e38e708b,6.9,8.72,15.620000000000001
46539409edc91bbec9b3a7b06b414463,89.9,15.38,105.28
4671212f0e4f559c957baffa7a97aec5,197.8,34.26,232.06
46725d773b27a905cf629f60fa30762e,219.0,14.55,233.55
467e12527db98ba8ff31b60f0a2cddfd,43.56,17.6,61.160000000000004
467f3d18f63e2f01ade50df74d40457b,49.9,9.09,58.989999999999995
468edfd1aeeeef023e6bba4943f2cdfb,99.0,69.57,168.57
46936461f0c4e3c80b9289ce5fc1682a,129.9,20.99,150.89000000000001
46984ee8227e1926e055327b55ad576c,235.92,18.09,254.01
46ab3e1c2c3eed0ed5bd72930759d25e,19.9,11.85,31.75
46ad8f532d3f76a1747288a6a5a88a18,199.9,21.89,221.79000000000002
46b06fc4d4a2d4e9645f19e1a689e543,79.99,16.53,96.52
46d041b384bbdb77141815dd111b0e43,28.0,14.78,42.78
46d2741b78a72c2f07bf0f3c34c4ceab,74.4,48.33,122.73
46f6ed73fe09537a68e37e5b67fcdd01,99.9,13.58,113.48
4703440eb9289d3769819920e98ec061,278.0,37.61,315.61
4708b6cbf7e34b7dbf3f7b75d6bfbd00,53.9,18.18,72.08
47106caf7707ccc0552581877874349f,24.5,12.83,37.33
4718e26e21843ffdf11aec010a344436,299.0,20.19,319.19
471d17c72b833d90af58cd4fc9bd5942,23.99,17.63,41.62
4726bb2be36557009e1f231af49916e0,16.9,7.94,24.84
4736832c0e59da8a5d32fcdce7afa55e,8.6,8.27,16.869999999999997
473f6fac1db5ed68ee9f1ad1e7c14aae,17.5,10.96,28.46
474422ad1854778feb30bf77b7801bf3,113.0,18.67,131.67000000000002
478427fc9787c3fe1edf66c81e466623,528.0,18.45,546.45
47864ed19d3fc241f11b3d0bc59257e3,34.9,14.52,49.42
478f37d7f0b12816126177f6d325380b,69.0,15.36,84.36
47a3f2cb969f3d798bf29b6c5922490a,58.6,30.46,89.06
47c3ce4efeeff5eae692f5d31ef009e3,205.0,28.81,233.81
47d11383b93b217d96defbb2ef1a209b,3.85,7.71,11.56
47d4cec8efbcb39b6dad3398a957ae67,89.99,45.09,135.07999999999998
47deff0f69fd02d0085bd77d6c9c0181,113.98,27.96,141.94
47ea7a7404f3a2bd852026254b803f48,89.9,17.88,107.78
47ee6fec7ba2a39c23a7c84127e1fac9,49.9,14.1,64.0
47f1e49b0c53bfde09b97ee3c685fb2e,27.99,15.1,43.089999999999996
47f5956f0545ab50be4333cf70997aec,79.0,16.31,95.31
481bba01f1c9a6070e8bdcaf7965b1e0,229.9,38.3,268.2
482c052df6392e43296eba90754938fc,230.0,12.22,242.22
48445cae859ffeb0add84d872ed74192,159.0,16.02,175.02
485ebaf1444009348caf87a4fcb8f0f4,56.99,15.84,72.83
4863e15fa53273cc7219c58f5ffda4fb,53.99,21.18,75.17
48705eed276c3080033e79ac60460f75,199.99,34.32,234.31
487e6e67e10e5756f886f5994439c22f,134.1,64.00999999999999,198.10999999999999
48842751df68fccf0ab0caa30930f21d,44.35,13.37,57.72
488bbe7460a648792b11ac9b3755e44f,248.99,74.69,323.68
489d362ded79f4394b61b6e58453ab18,14.9,15.1,30.0
48a40810ca9950462e73f0796c863b88,149.0,40.37,189.37
48a51dd8d092c2c777f8dc6446f5684b,124.80000000000001,21.48,146.28
48a964e9ba3ce166150d2980a2f19ed1,29.99,19.95,49.94
48c159ee1d25916d79ad14e2160a0d31,79.9,16.32,96.22
48c37ee80e51a60b382e320467cc9d37,75.2,36.72,111.92
48d30a78681848a5caa890b0acc9ad72,45.99,15.23,61.22
48d4561752bbf4833c3cabba8d5a7c93,81.5,13.59,95.09
48d94e7406a8d5cbf7505590d86ff0ea,54.9,9.26,64.16
48d9d778ca005971949d2ccad7e99d70,59.9,13.0,72.9
48f3a0cfae19477fb7c023ef6e092dd1,179.6,32.11,211.70999999999998
490f30e8fa50cb3ef01058c9ab43048d,36.9,12.69,49.589999999999996
4912377c02eb84d181d53e98e010124e,269.7,15.98,285.68
491f193fc52075598871cfe6f19976d4,118.5,21.25,139.75
493c01f6ccb506898f25e3b7eb123d18,120.0,23.0,143.0
4941da6e1a4eef723674c7148152c4f6,199.8,28.689999999999998,228.49
4953cbca0dc4ee03b38a9b279af7bff8,13.65,7.39,21.04
496b684eee1a0958406cc2e50a80dca8,39.0,13.37,52.37
4974c65072c3a0265ef2be771aae8251,49.09,12.69,61.78
4978579248016c3a09d6dc043bbc4ae0,90.0,13.99,103.99
497f97bb280fe07465c3833fdfc04736,56.99,15.15,72.14
4982e9a98a9e8a3c5bba953450fbf51c,27.99,15.1,43.089999999999996
4985a7fdb01bf57b6546b9ea5790adbd,122.99,20.91,143.9
4992f0162a4e7f36cf293bdc49e42f5e,47.49,16.11,63.6
499e36ddc9a7c36dd44e2dcd43a76620,38.9,13.85,52.75
49a5294baa5c1b7681da8529df02572b,95.0,15.55,110.55
49bab3f94ce298f6fde6208f426978b4,143.8,16.71,160.51000000000002
49c7df46784ee525af9f5cb40fc1d508,19.49,7.87,27.36
49d3db2a02106c24d6ef800bd8ad5546,74.9,15.27,90.17
49e19ca07e42bde08630a08e50ad980e,109.9,23.35,133.25
49fd347705840c689965d81ae7f2b415,145.8,22.24,168.04000000000002
49fdf5b0134c7c1445f6bbf018beaf1c,39.0,14.1,53.1
4a14b4a65e7946cfa68ad61507ad3023,79.0,16.31,95.31
4a2a03eba693b69ec224283b56ee486e,99.0,13.25,112.25
4a335c9b6c47353962fc6f0b1911eb03,167.99,16.94,184.93
4a34792ebbc108e28a7d9cc2332ed0e1,39.99,15.79,55.78
4a359800ff0688de3eabc92972987238,46.0,7.87,53.87
4a38745716bb4884b76fd3a12ad5cdd2,79.9,7.81,87.71000000000001
4a4c3e1ff92b16c0ecf770b504693a88,39.0,15.1,54.1
4a5d255caafbd8a6296a119b0611d858,25.0,15.1,40.1
4a5dd77c42df1a4cf21c142eaacf866f,199.9,17.16,217.06
4a62fb19d5fa08fb514619dfcc617b3d,599.99,12.55,612.54
4a71c671955d20b872ceb6758387a3e5,270.0,42.88,312.88
4a7daecdbb69d275f72866f7f8d00448,46.99,25.22,72.21000000000001
4a81bd2160d16f8b9323ad482891284d,149.9,21.89,171.79000000000002
4aa2c369fa1e9993bdf69bc12ee57abb,49.9,14.1,64.0
4aa4117ef80bbe1e9457269d73a68580,112.5,52.800000000000004,165.3
4ab8d41a01fbd0a52d7de288e25463ac,16.16,15.1,31.259999999999998
4ac47dc578518440150fbf3780d83a30,28.38,12.69,41.07
4acc7f665ca9273b5848f19cde62b6d8,80.9,16.76,97.66000000000001
4acfa8594925fd16246cef2ad2e4fb4a,89.0,13.64,102.64
4adfbdf6a5a3abbc6e4ef24e48d6ef0e,40.5,12.79,53.29
4af03386addb99dc44451b81b470a609,29.99,8.64,38.629999999999995
4af6ca2a69957cdc073ddf26d1900ddb,53.9,14.47,68.37
4b1130720b31500948a942732f0befc1,37.49,9.27,46.760000000000005
4b156097ed5516456bec1b582279acf8,79.9,19.53,99.43
4b375478e5f18ae9c221ff36518282e1,99.0,23.41,122.41
4b3a605942f29d490cb74bd6ace6b9f0,29.99,8.11,38.099999999999994
4b3c7f8318b056586e0407857f44a136,56.0,7.78,63.78
4b3fb492ac13baaabfe1ef6b4e541955,518.7,50.91,569.61
4b5893f13b0e06d63d6a27fd04544deb,121.87,18.1,139.97
4b5fdd555b6aced1f150146b9c7a9e1d,84.9,28.99,113.89
4b60fd433160958739b4e6194d1c9e76,56.0,19.36,75.36
4b6aca1937b0119de6bd8be675067173,108.99000000000001,15.56,124.55000000000001
4b78a3c3971b83606a959d5c98208c66,225.0,19.35,244.35
4b7d638196bd6a0a5a0915a8f893225a,49.95,18.23,68.18
4b81496f1e0fd587a7394ba1e1b8aebb,7.8,10.96,18.76
4b8790aad555862909b489f99383b16c,459.84000000000003,334.64,794.48
4b8e7be134dcdd11881a5e7de6c88627,239.12,15.4,254.52
4b9359b6bad98027f7a428063413d090,62.7,16.2,78.9
4b938d32f7c4a575aea3a5cbb5ef03e0,39.9,20.84,60.739999999999995
4b95fbb9125e0baff8527de2d1d0042b,80.0,33.2,113.2
4b9bd9bf620365bc37e256997c022c5a,27.9,21.15,49.05
4baefe0b13c215e6417751ad5121469d,950.0,75.76,1025.76
4bccceeea58d5e2e65e3bf9b7bfb1f49,129.9,36.26,166.16
4bfccd93522d928f8732e455310da85b,33.99,8.72,42.71
4c08f008753759d67d8ef45942f1a891,113.89,55.78,169.67000000000002
4c09b402a17b72a4a9338d51a8759b4a,89.9,17.88,107.78
4c0b506d42a6b9fe0951c6cc05419141,89.99,19.6,109.59
4c16e2f2793eec4da8f68fd77b2a092a,31.99,17.19,49.18
4c194282048e1ed6f061507789ff9c81,49.0,7.78,56.78
4c4dfbd9dceafac8eb2e502352559f18,113.57,13.81,127.38
4c5c8e4d5eb79a80f344aa59a4d8d04c,149.0,58.9,207.9
4c5fc08caca3c520b9c4cbf83d2c14f8,39.1,7.78,46.88
4c6e24a5fceacbcf444cdb5141ec1688,58.9,16.6,75.5
4c6f9b20086e811c15722d15f8becee1,38.99,13.85,52.84
4c70befde2c6046dcf77a680ae1f356f,129.9,15.66,145.56
4c7278311a8fd4a51374e5577ef92e27,35.0,7.78,42.78
4c77961d5a6909826862fe6d8881f1b3,19.9,11.85,31.75
4c8519cf81f11a547256d84f97e82594,120.0,35.47,155.47
4c888e6e352d77cd1e8beea1f03985b7,170.0,21.46,191.46
4c8e63c1d25a7a7647782967c60a0677,24.8,14.1,38.9
4c8eac76de32572cebc64aca0f263e2a,109.99,16.53,126.52
4c966c07e48f5460c75f69d0352a61be,160.44,87.84,248.28
4ca31d816ef051b337c5b2ecdbd58b77,27.9,18.3,46.2
4ca443133a048c102af4f40afc4efe03,49.99,17.06,67.05
4cb7d866ce5acba93c58383df3081469,109.9,21.57,131.47
4cbf4f8f95033da28ecc48d007d1b49f,134.9,16.15,151.05
4cc0192e89c70ee61b2c1cd8ae665a5f,194.0,66.17,260.17
4cc2340048994d76ad8665b2ed98e19e,199.9,24.55,224.45000000000002
4cc479c410cb824d577fb1a31af7b002,99.0,13.71,112.71000000000001
4cc5e60f36ca3bdbb07ab8a3c490e15d,59.9,9.41,69.31
4cc8845d2a687fdd3d47898857cecdfd,145.0,18.89,163.89
4ccf6ee1044ab9f8ec63953f1f2a708d,118.0,18.71,136.71
4ceb680ca41b58487fec3e0f33c624ef,189.9,12.72,202.62
4cf18bf9d25331902ba212fa69a7a01d,158.9,28.89,187.79000000000002
4cf6a6de996beb9d4b190c7983be98d9,119.8,26.88,146.68
4d006fbdecd41058974d5d99f2d69650,211.5,13.61,225.11
4d04e8e9cb2a2dacee258022e86cc1ec,98.99,21.18,120.16999999999999
4d0bd88af1748e0658ddfad3100b2958,438.0,41.44,479.44
4d107edcce9acf824db9d203dcf9fecf,19.9,12.79,32.69
4d14cee530bddf889464f788f5cde498,17.0,15.43,32.43
4d178c8435a1d6d81ded1bfde1083628,165.0,98.52000000000001,263.52
4d2711a0db9f671c10f8ce62aeb438bb,59.9,19.61,79.50999999999999
4d34da0824213ee7962a5c5ed32b3f51,29.0,7.78,36.78
4d3acbe72723c00c24fdbf452160d13b,89.9,17.2,107.10000000000001
4d3bf07ef40875871c01c931d3755940,597.0,23.15,620.15
4d483bf690ca21bdc005df9b623673c7,414.0,19.05,433.05
4d49d457ad5fc517a2a6f4f9ba232067,19.9,15.1,35.0
4d615e558a28fc608949a029ab18cc87,119.9,20.92,140.82
4d808ed2901ed7dfebbb74bf1cbb74f6,52.9,16.56,69.46
4d8660f18113eab64ba09d4eb4aa9ddf,258.0,40.89,298.89
4d890e83adf9bc9532d53b2227e92c7b,99.0,23.01,122.01
4d8ad885a7edb3c9c24859ce54227737,135.0,14.31,149.31
4d91816c61cb9557eb207bcbf0929f44,78.55,17.8,96.35
4d9a297fbfa9ba6d8d70c06d4bec9ca9,97.9,13.27,111.17
4d9ec9c5440b083e87ee872dec1b32fb,99.9,17.95,117.85000000000001
4da0d9f0eabbf66ac32280431ed7c6ce,14.9,7.39,22.29
4da38cd7084ce9fdeae2412858379255,139.9,38.53,178.43
4dbb5ab859405ac1cb171f7cd93e7f3a,31.9,15.1,47.0
4dda84ad43d105c6d3b73004b4f647ba,52.64,34.17,86.81
4de39e6ed70e6add419cd6560467478d,75.0,23.68,98.68
4deced9fc8e2ffea24dc10f87f6fafd9,169.99,19.83,189.82
4dee0af7a42637f58cde016b73d93216,219.9,13.04,232.94
4df36fe83cf894ed979421fecd300bdf,54.91,16.82,71.72999999999999
4e1d5bf07ad851a6470d6b28cfd1f1e6,20.9,50.0,70.9
4e2160ff7a61b2bf4fbd2e527ea924d3,38.25,16.11,54.36
4e2451cb6e8ca4428c8f7e305bbfbbea,59.9,17.67,77.57
4e285df63acf5fe19cbb76253626fe8d,63.9,14.54,78.44
4e3c64d86c6701af13d8d0e899dd6b1c,110.32,15.65,125.97
4e3cf72d676f793f15859c9ae34be2ad,119.8,26.88,146.68
4e53579c0738eca6994241ff0b474dec,139.9,24.54,164.44
4e5eb92b77d7214fc3587113fd8374d7,34.3,8.11,42.41
4e6aa298577f90f026cfb1d07e86509e,22.9,19.04,41.94
4e724c7d98c212ac0bbca82b6d274f76,74.9,12.65,87.55000000000001
4e7994addb0e4622199601af5b9c9ed3,34.9,14.1,49.0
4e839b1ce670c701bd83a9d9aeb58969,59.8,36.46,96.25999999999999
4e93b736e8d687bca088c6ee496437e8,79.0,15.3,94.3
4e9d991478ce9d386648f6dd85475b6c,45.0,15.42,60.42
4eb514337231826065b55177f5f9e267,189.9,27.65,217.55
4ec8686587a9b92422ae24861683958f,176.99,53.84,230.83
4ec97b4065c679e4f09cc6eb9110045d,187.57,32.06,219.63
4ed4a6e12e74982dd78c78df1ed3f372,99.0,52.7,151.7
4edeb1718cb488182c2f97e0a7f33f36,43.8,11.15,54.949999999999996
4ee4b8462b9a39ac1fa86e28bcc22ad3,56.9,14.71,71.61
4ee8c2344eb547af4169bcee11664bb8,99.0,19.93,118.93
4ee98e5c36cdadbb40216412e0364478,89.9,37.32,127.22
4eec0b5ff6aded761dc1f21134fe5e85,54.99,21.18,76.17
4eef2062377fd17cb5ddfed73cc1e564,147.9,14.16,162.06
4ef066c3099dcff818ee6123fe0f8195,27.5,8.29,35.79
4ef09dfdc36677a4d599a0c1acace4ff,148.0,18.29,166.29
4f08325d27e2eb6a5a4c5f4f94e59e07,25.5,7.87,33.37
4f173306347cca2ee2a05590d617854a,40.0,9.44,49.44
4f2a73bfb26889724652d46145c4a62f,200.0,26.24,226.24
4f3f48cbedce0c316c688af6fc7e9c56,239.96999999999997,68.64,308.60999999999996
4f472a900e0778e5612c2320b5c0eefd,38.0,24.66,62.66
4f62d593acae92cea3c5662c76122478,13.99,7.78,21.77
4f68ed0836136db8064bf34ebb1965e2,119.8,18.54,138.34
4f73244a226bb31dd99853458f70c537,162.0,41.09,203.09
4f7801b0527e8669f25d2f5488ea8a58,219.8,23.72,243.52
4f8d2bf1636e6c775fbfb0d824880893,89.9,11.24,101.14
4f9a5e34b38f10ef71c5753cc953be3a,25.0,15.1,40.1
4f9b0bffe6ac71baea3848199b860f19,66.9,16.91,83.81
4f9f24f1dd52ecdf0684a63eaf36c51b,45.0,10.96,55.96
4fa1b6d5d3ca98e8def932544cc51b90,80.49,8.92,89.41
4faae91a65b5f993113cb0c78ca14a61,699.0,33.29,732.29
4fafa25ee16300a26f7ef92f3d15b58b,129.0,86.06,215.06
4fc507af490f1dfdd4eefcc6a0144b40,111.9,8.53,120.43
4fd47db0e1bb9f59384ff16f8d533f80,199.9,27.48,227.38
4fdddb85c674036842fa2c86494e8890,81.9,17.82,99.72
4fe26df981b8f298e0e6bf81c1d5ead0,10.8,7.87,18.67
4fe2e8b329e56a00aba9b0136b46f00f,69.9,13.07,82.97
4fe48790875f264fd93c9009892c3e39,84.55,12.5,97.05
4feb155d6d4d8b2ba3191d90655f3b99,24.99,14.1,39.089999999999996
4ff976f3269ceebad2dcd032489c9ec9,139.9,21.47,161.37
4ffa6925f9e9d85f1da329843f349238,64.99,29.48,94.47
500aced6001e75a49db10f0ae54f94f1,48.4,17.92,66.32
5016bbd9915b475906c3e5db8f45bfe6,129.0,15.57,144.57
5020a3db49225f967490d76021c7d13a,125.0,63.449999999999996,188.45
502668fa85b6cff5243cf74ce4100182,13.98,15.1,29.08
502964d22e491eff472a1d46ae55df97,189.9,18.61,208.51
503b1d55537c749ca776d67d0d765cf9,99.8,41.98,141.78
5040757d4e06a4be96d3827b860b4e7c,196.99,56.66,253.65
5045e4e69c4ba90bebf92266670bfeaf,109.9,17.51,127.41000000000001
504a512b08ad37f84e4d9b8de998f821,110.32,8.03,118.35
504ec2b6f69e898c557955750272d563,48.989999999999995,14.780000000000001,63.769999999999996
505600165af42b25a7f2f17756eb1b8c,110.0,18.02,128.02
505a00852bc2f5b6d0b53b7a04c2fbad,86.9,17.52,104.42
508692b097f28d849a080d75cfcc2ef1,119.0,14.56,133.56
508d02fd7a1d114cdfd32ecb91721855,90.0,14.38,104.38
50a27906921dc9ef4b7afa6cdb04649b,49.9,24.98,74.88
50a444b891ba3221c5b7c4b48a194ed4,148.9,43.45,192.35000000000002
50ab8a54c2060cccdabcf4ad996be719,39.9,38.4,78.3
50be1d483c83bc791be7bad19a5b2cfe,179.99,33.54,213.53
50bfdb0627807130b8f989106c985a75,63.0,18.99,81.99
50cbc0ce14ba62ab76c2c353dbf6bb7d,193.0,16.98,209.98
50d338eab6621c8872eb362f57f47fad,299.8,78.2,378.0
50d73aae647c6c12616d5bf9e6aee1c2,39.9,22.67,62.57
50dcbb2a2604b38d231b84bde3f62227,69.9,16.25,86.15
50de76b6e07161441556b571d4e85248,66.99,17.21,84.19999999999999
50dfd1d8502e5ef282d85dd49cee6db5,79.9,15.86,95.76
50ecc825e3d7123a626c7d466eacb616,49.9,18.45,68.35
50efee8af80ee7bee6e41e0e70d58c6c,112.5,52.800000000000004,165.3
51149ebc2ec1ecbf8a2503fd49753259,14.31,15.1,29.41
5115b5f8076ff01f14782576bbfafb16,34.9,18.59,53.489999999999995
511665064721c1e68628a71b176c81f9,45.9,9.34,55.239999999999995
511792104eb626cc6881f7831561265c,399.8,19.5,419.3
5123fb3580d7dd11bfd9c25321e43ed5,48.0,15.11,63.11
5124343628b2cd43d0980ccc67353226,796.0,68.6,864.6
513e088b2c0d0279b2df18d115a0d39d,70.0,30.46,100.46000000000001
514ed457190c903720b7fd33660c486d,349.0,17.19,366.19
51585e1d994a841c66c0da52ae3ce522,96.0,8.79,104.78999999999999
516dd8f615e6c71be4e8e1b1ad5de684,269.0,22.72,291.72
516ddf29a9e99c8997f914e6b389cd19,34.9,14.52,49.42
5177d1217cafa2ba15337cd62cb1fc78,69.9,15.24,85.14
517b4b7e7f723df3693ae71473078d73,72.0,17.75,89.75
517ff48f259d8b8c702398a25cbd5450,189.9,17.09,206.99
5188f7ae18cdf7538841648a7e49bbbf,180.0,34.14,214.14
519203404f6116d406a970763ee75799,69.9,11.99,81.89
51cd5fcee08447be92f8eb9852235f45,129.9,15.61,145.51
51ceba3ba51d4b4543e7f78e181e0ba9,49.5,54.800000000000004,104.30000000000001
51d967125c0a12392dfdd135be86ab3a,181.0,21.76,202.76
51e165f36c599cd6ae24f289356abcf2,79.9,19.53,99.43
51ebb2c24714952a8ee7f24d4b90ebbc,78.0,19.95,97.95
51ffb9765ad7cfe091821ebd4751dc05,149.0,15.79,164.79
52064702688c67baa4242897e9136b5a,144.9,21.65,166.55
520c724197ad994918261e680ad7b8b5,12.99,15.1,28.09
5210991b886c9005de084d0d4fcff0c4,79.9,15.31,95.21000000000001
5210b81b464dc0a92a977632cb6e8a6e,120.9,18.1,139.0
5210cc27d1cb0011f4a1124f5507e163,53.0,16.13,69.13
522a5e4ad2f2d51be25ae597da2b8197,142.8,25.259999999999998,168.06
5235298169aca42202c801a309b63c37,157.77,15.85,173.62
5239a1d5badf5276845d8c71dbeb8fc9,38.9,14.52,53.42
5239b7862883513b9ddc014d83eeec42,84.9,18.02,102.92
5244b9f2f8bc60aa503830f2847082f1,74.9,26.78,101.68
5246f33ed41cfa5f5b8f64e7bc8cf0c2,52.0,17.2,69.2
524dd16d182003f56199d068e2a1d50c,69.9,16.12,86.02000000000001
5260625f881ed6e315cd3eb3f4bc2d42,149.8,26.2,176.0
5260ac84bdd23400bd774a4507093208,449.82,65.1,514.92
5268a1e490656ed41fa8b107305fc319,199.8,32.92,232.72000000000003
527676fa1c791f44e2eef1579abf401e,188.8,29.229999999999997,218.03
527b28dd1cc06cd5f5d361c544909a40,149.0,21.49,170.49
529aada4497d124d483d26ebb8ae9606,23.8,21.15,44.95
52a9379019132afc103b9249b85ae705,89.99,7.88,97.86999999999999
52b5d7a8d05435a607e602cc6d22af5c,147.0,76.14,223.14
52b7fa35b1e5c8bdea5869804dced415,76.0,18.63,94.63
52b9aacc52af6fe2fa59c2f86e84a735,29.9,73.57,103.47
52c5e13fda94ceb769df5565b3415466,74.9,12.65,87.55000000000001
52d95b0538fecb3014db141985d65d64,467.0,20.55,487.55
52e12db27448fca8dcb88bf7bc7ae037,79.9,11.95,91.85000000000001
52e71da3bc9b0aabdba702eefe259a71,73.35,11.9,85.25
52eb8ce94864a3bb1be410a545f9ed4c,53.699999999999996,35.55,89.25
53065082f5bfbc7a503dfb55ed57310a,59.9,15.52,75.42
5308fdab519f7478ef64894128fbbee4,129.95,18.79,148.73999999999998
531a321dff7247e76a5f6c2e702faa99,189.9,14.35,204.25
5330599ad58e0e0355fcb5c997d3f8f2,85.0,20.08,105.08
53345dc7af2a7b39baff492cdc8005c1,119.8,27.16,146.96
53402e7be9b39753e8382ef11fe74a2e,108.9,20.0,128.9
5355341d3b3fe35edbd80e7c7898551f,295.0,20.17,315.17
53571e4877460790f5910534d81d533d,29.0,18.37,47.370000000000005
535b29494ee7ee79968ec7d9f42b3e23,208.9,23.33,232.23000000000002
535ce049550012e1ffc2d07a327eceeb,332.70000000000005,44.58,377.28000000000003
537716eaf03b0a1904be0663cbcdafa9,69.99,23.29,93.28
53892f0dd25da0289fbdb0053853bc34,105.59,24.0,129.59
539087d16a54354cfd81aabbedbd7f63,109.95,18.34,128.29
53a55fb5597f90b6727f82626d65f179,49.0,15.1,64.1
53abe7c4aed1dfb3bf25e69723fd9a4d,271.8,32.4,304.2
53ae19e61b64511503fe8e4ccd3f7f7b,113.0,16.42,129.42000000000002
53b74e6d05c2fa0f3915c608e6537d30,295.22,52.36,347.58000000000004
53b8913fe5c632a9aa10069a33aaceb0,59.9,17.67,77.57
53bae42113a177b31d3aa02c73e0d3cd,29.9,19.32,49.22
53bf51495103abe64e330f5360456ca0,29.9,21.19,51.09
53c6881417e68018f3caf8efba6a72d5,15.26,14.78,30.04
53c71d3953507c6239ff73917ed358c9,3109.99,74.35,3184.3399999999997
53d2ed65a0e7a0761bd6000d5dada878,52.9,22.95,75.85
53d515fbf0a0d3b35e47a45a398c551d,19.99,16.11,36.099999999999994
53d6fdda7e6cd60c16d5051f00ac2af3,1200.0,25.05,1225.05
53d9e9ca11320965aa55056b5439a1c5,79.99,8.91,88.89999999999999
53e134c152888a0bc7fe1da0dd4cee0f,182.0,52.44,234.44
53e92c6a182704806c0b00b02f89ad32,159.8,34.0,193.8
53f4ca548f6dc3456de1628fa16854f0,16.9,7.94,24.84
53fafd0933d69603122f8f804fb76968,147.6,25.92,173.51999999999998
5402a5595f574c530adc86dc28a8050e,180.0,35.06,215.06
54056b0d1e99d13dfcb36c57dd33709c,39.9,11.85,51.75
5411157481132a0783dbf080096a4c96,159.9,23.44,183.34
54219c88839d9b1991f5550734f20c9f,95.9,23.25,119.15
5427a9679337de4d57c9c59275f5336f,34.9,16.79,51.69
54282e97f61c23b78330c15b154c867d,145.0,21.46,166.46
5433a0ef395e151f154279cd3fcde661,139.9,18.55,158.45000000000002
5446ddcc7951680ce606991e1d953e6d,199.0,18.64,217.64
5451f2c09029166e1682b8f0d0ce98b6,79.9,16.32,96.22
5462150a55227cc8cba846f26101492e,129.99,15.66,145.65
54623479e83b4d90c3a3087c34a95187,59.99,18.22,78.21000000000001
546cd63915b3ef4ab92bfb85277bee75,176.0,15.4,191.4
5479f014d5015a0feaf35483c4bb73b3,219.99,17.17,237.16000000000003
547c0db33c070cc0ddc35ad17750c6f3,25.9,14.52,40.42
548349fc08944ddee38248fc37100355,35.0,15.1,50.1
5487a8ac1699754d975f853ce8bb9321,159.99,27.2,187.19
54a906c3e69c5c9196b82c2722bf40c4,110.0,8.88,118.88
54ac5ed66a8b2c74a3878d90d805f367,39.9,14.52,54.42
54ac8f134227883330db3517a19b4b5c,159.98,49.49,209.47
54b4da510fed5dc3cf3e7a8e50a5f224,242.8,74.85,317.65
54ba74414bed49a8b13864b3e8666f57,49.0,23.14,72.14
54c48a1401020a79d5d52ff20cb07aa7,99.9,11.31,111.21000000000001
54c4c0c7e9a1d272defcf15ea985bef7,130.0,30.4,160.4
54d6f9d8f56229d3da815add65ec2408,233.98,114.16,348.14
54e9fc9a26833002ae6521780af9dcc6,191.4,49.87,241.27
54f334d6a9d60b69dae5409327f73645,236.0,31.16,267.16
54f53e031329f69ca101726cac52f86b,90.0,17.07,107.07
54f8cc54ce619e267135641ade8c363e,179.9,19.36,199.26
55090b3dd39aed5a2019b57cce6b174d,99.9,25.19,125.09
550e1d4daa21983f7bac6b2f83c40365,29.9,15.56,45.46
5510961b19757530245aca63bf486893,39.9,15.1,55.0
551ac5ff66bff1f852bc0b36eb22e162,48.5,18.44,66.94
5525404ad9f5043e1164e6833b2c24ca,68.9,15.23,84.13000000000001
5529158408e1c0b045ebb99b4d2fc5ab,49.9,15.1,65.0
552dee1afe356f3a07f118a9d0741b53,873.99,48.7,922.69
5536d8682e25ee3f39ed444105996fee,133.0,9.26,142.26
553d21981eb5d6f2f19c3102cde1832d,45.0,33.71,78.71000000000001
553d40c3dee8e6294b1b393c1499c25c,48.9,18.23,67.13
555537da82b73708bc09f6b0c8fa6747,15.75,16.05,31.8
5559edd02dabfec0a6ee808960297d1b,83.3,21.07,104.37
556b30ae47829a82927b5dff9ca2ba65,71.1,7.78,78.88
55898410e4c5e6aff68607cf55c05847,99.9,12.4,112.30000000000001
559d606ac642899e44550f194fec7e08,249.0,13.24,262.24
559e9d91731612dbcf09e8103ac2cd60,39.99,15.1,55.09
55a3ba5076175f9373b20f92dcbc5abb,129.9,18.16,148.06
55a90b35362150673d3546509274be53,123.0,81.81,204.81
55acf4fa9e52530422b78ece74bb0314,159.77,9.93,169.70000000000002
55b2e390d5d80ada31ad1b795ebeb087,89.8,41.599999999999994,131.39999999999998
55b5a2fb966c36bed46f082ad6062914,4.99,11.85,16.84
55bb87b958949d33812cf0a037320db7,55.0,19.36,74.36
55c5a129994903e122566941b7c4189d,34.5,17.17,51.67
55cb20782f4a6b0174ea7afdb736265c,199.8,47.0,246.8
55d599a99424bf5a0293a84f8f65a13f,129.0,20.14,149.14
55d80e98635154dd309f2cb107f5e205,59.0,13.43,72.43
55e2d723733c45033e71cb4d44690234,69.9,19.73,89.63000000000001
55e68a38817afa16c0547a6ebeeff145,81.5,13.59,95.09
55f2090bf41dca177f3eff3f76eab561,180.0,16.14,196.14
55f72a4c8e4ca95e4ffdd60cbbec8c68,270.0,49.17,319.17
55f7d464556078e4c8b4fdf028feedc4,54.99,14.7,69.69
560691faf05a5433e9617b9582948175,141.4,11.61,153.01
560f8dd770a2b2c009a4fc935c507014,25.99,14.1,40.089999999999996
56286095ef8730771df8d223978236ed,27.9,18.23,46.129999999999995
56329c4faab8b220947aaf471b09e4a0,135.21,18.83,154.04000000000002
5642f00882c2ab59e001778dc483135f,49.95,15.1,65.05
5648c933d209018572eb67390f618682,170.0,23.6,193.6
5659543f2c384877607595dab0690d5d,140.9,14.33,155.23000000000002
565b0bdb5bfef65df5a23890967586f6,39.9,14.1,54.0
56682efd6be4b8aaa662d4536084b09b,59.9,16.85,76.75
566bd20ab298b6bf2a27edc5084545d9,70.9,60.79,131.69
566f53fc7d36fa366f7e221468121877,69.9,15.7,85.60000000000001
56744b8c0cf4b18e09df60005c231054,29.9,16.92,46.82
56a171efe3f76940cb52b0d0c2f42525,89.99,45.09,135.07999999999998
56a699750378066e427e2feaaa048399,95.0,15.42,110.42
56a726fa0f40d3678696e62aaed9690d,49.9,10.96,60.86
56ae029ed8bd31758f66831a64bf5629,35.0,16.11,51.11
56b5b289cf267ee095bfd1f77406e924,199.9,27.48,227.38
56ba89857b4e6eb192108f310a81163b,139.99,57.24,197.23000000000002
56c93a3f93a1e7eb24ed51a6931dc488,834.56,99.14,933.6999999999999
56ddb62cd43497b05a7deb575d7547d7,59.9,17.67,77.57
56e857607d894b7e1d6bfca0b5ebb9e8,29.0,17.63,46.629999999999995
56ee0507f806ad1a079e2905d5beff09,79.0,15.31,94.31
56f251ca89f74d06076966d5d49b9dc6,94.99,15.41,110.39999999999999
56f4b702b959eee297b018acdb60c380,83.49,8.33,91.82
56f5835a474cdf734462ea3149a1fa90,80.0,17.44,97.44
56fcb6d24acb1b94dd4492f663187b69,79.9,18.44,98.34
56ff9e115d7f55d4deeef28455d2d119,83.99,16.35,100.34
57034b4287754660ae720f3c440eb9f5,29.98,18.23,48.21
57122ae1510bd4f4e0203ae8dec5eb30,157.89000000000001,16.87,174.76000000000002
57135998a968ee37a773daabc8afdade,419.8,32.61,452.41
5729676c9570f1edb39c7a1f01e4e0e6,18.99,10.96,29.95
573a63f55da869597574d6ce4e1719a3,243.5,35.63,279.13
574106974d37a1691293b7342fa3d799,74.69999999999999,43.56,118.25999999999999
5741ea1f91b5fbab2bd2dc653a5b5099,259.9,22.31,282.21
574c4ecf7699daffc21fc04eb876b8a8,59.99,15.17,75.16
576adb3745bf32808dc8207fe39f8542,299.9,9.84,309.73999999999995
576e5a5f6d1ed0b333acc88bee3b8c25,39.58,11.85,51.43
576fed147504338aa428f01cb08ab5a4,28.99,7.87,36.86
577285c10c95871f906ac5ba6d9d902b,196.8,22.46,219.26000000000002
57796a616d95192ef9a47a6634733f89,151.0,15.72,166.72
5784dd3f2dfc12119aa244a42ed18b9c,67.9,15.24,83.14
57867f9fcc30232da57d5af5b831a4d8,16.48,12.48,28.96
5795641bab8a44216bb7f551187af034,199.9,17.16,217.06
57a7b18332c1b9b26d96e35379af3a38,59.9,13.08,72.98
57b27ed317a9d0ed3ed31b5a50392b51,113.9,13.92,127.82000000000001
57bc9b432f93fd30a3cc83952ccbf267,89.99,23.62,113.61
57cc72d3e635bf57199d76328279b875,214.5,21.99,236.49
57d0641da97fead93c9541a7c3b1fc75,106.9,8.91,115.81
57d1548a5e964a5d6d303ff32de7859f,92.0,21.13,113.13
57d94aaa6b72ca15b3e4801c6d5c0959,195.9,14.39,210.29000000000002
57db3577cc4d6b5ab2b9849d29c3fc61,48.9,18.23,67.13
57eede1060c3e289d5be82560b4874b7,79.0,16.99,95.99
57f3dce57b231e9b80186f99ded08cf8,12.9,15.1,28.0
57faaa762a71e0603439c7a742527524,181.0,21.76,202.76
581805128c859d26d9ddea54faa05207,39.9,10.96,50.86
581b53cbadd804220b785d243c6b0ccd,159.99,20.31,180.3
58346246ea802a21cb34124ed2326770,179.96,30.32,210.28
5836a9fd173a29689e12bf421d2d280b,153.8,18.0,171.8
5852550cf22fcb9c36345a0b65992ff5,47.25,15.1,62.35
58527ee4726911bee84a0f42cdd797c1,129.9,50.0,179.9
58626c8b17b76c4f503f07fd549f6f7f,38.4,9.34,47.739999999999995
5870c61c60ceece3d575eecb68252abe,99.9,14.79,114.69
587c66847401b1ad23c2e9e6aa078b32,395.0,17.52,412.52
588017c78f6057bfaad9fafa5a05f5d9,119.0,33.38,152.38
588e7e0d12441120556b3eab625514aa,64.98,9.58,74.56
5896d753079d9faa8aeaf60231b3e788,17.9,15.1,33.0
58a1e508f021717acbcf12f9f328f497,29.9,25.19,55.09
58ab53aab8ecabe6b411fa69f97b8be9,969.99,70.56,1040.55
58af2a09b442a8b28f672e56ad7154b5,31.0,16.58,47.58
58c13edc5bd22f175bc88f5d637b4656,99.0,8.57,107.57
58c498d29ae194afc5d69f486598f18c,169.0,15.93,184.93
58d6b7ad12ad08c7c8031d623ea2219d,95.8,36.28,132.07999999999998
58dad265abd075b5830c3e3824956231,53.0,11.87,64.87
58e005414df700025a261e572c2a9fc1,169.9,21.68,191.58
58edf3f5f282ab91e0f6a6f2b85af02a,779.2,76.96,856.1600000000001
58f06cdcc39850d51ec8677cdff108be,219.99,30.47,250.46
58fc974f8e0ddd9ce549e3272d0140c0,46.22,18.0,64.22
59118abb5690ca1f5c31a26b1b7b7534,178.99,25.77,204.76000000000002
594013e81f2c775b3fb2591f7e4bd4a9,179.49,9.45,188.94
5946778f2ee1bc2f6514f8e1cad43971,24.9,7.39,32.29
5958326b12eca1c2a2b4627dc4676a2c,135.9,17.79,153.69
5981ae276b32c4b5d69ed39efd08d0a8,82.99,11.19,94.17999999999999
5989e29098198898f9fe8490e6040c6b,49.99,13.43,63.42
598e0b2b828aee119bc59b9fdb2fc1c0,68.9,11.09,79.99000000000001
599647f3b1e2a0c0f0d2471bf9e9e353,34.9,26.89,61.79
5997512fab61ce978490135668b02aa9,127.0,12.15,139.15
5999d0076050549364f1df892e1aeaa5,20.89,22.93,43.82
5999ead09f96d2b827245b36f86901bd,33.5,15.1,48.6
599b4f476f3590d89be00a727812d390,119.2,18.4,137.6
59ac31de88c9c4b239aeee82c6a0596e,17.9,16.05,33.95
59b4abe1af7c9b48dcc8330a65a2be81,241.0,24.19,265.19
59b8a01e16359f7855eb1fc04091ca08,64.0,16.89,80.89
59bcef0c3287abc23a5807748b62b7ad,179.9,22.56,202.46
59d02be1c50fb6e6930cafd6ff6a31e5,120.0,34.2,154.2
59f57538f2bcce08e3c18db962cfee83,124.9,18.45,143.35
59fa9c0df154e7b3b8bb9eb70cd4ec86,69.99,7.78,77.77
59fbbd67b9aa1cb1e222932e9d4f3b79,189.9,18.61,208.51
5a117521edf7b0ba502be754df6aac63,47.6,30.2,77.8
5a18318628961a2982d19b5ef6026e2b,159.94,30.96,190.9
5a2de8e8fb6ea695b64d70e0adf68c45,119.6,50.76,170.35999999999999
5a2ea3fb1f6f20d1e8c5f2222cb383ae,63.3,14.19,77.49
5a30bac46bd67c48565822b5789c0954,40.0,9.03,49.03
5a32dae759e50279bf8e1b2be65edd27,17.9,8.27,26.169999999999998
5a3b1c29a49756e75f1ef513383c0c12,715.08,138.86,853.94
5a3bccb60104b1251c6a39e051c428ba,49.9,41.33,91.22999999999999
5a42abf0eee65d3a1e361aa49561a521,79.6,51.2,130.8
5a43808d42753320e279399cef4c3282,98.0,30.2,128.2
5a4ae77af140c48f0cd65b631bdcb342,65.0,42.48,107.47999999999999
5a583547086c7958be6668ef932708cd,48.65,17.6,66.25
5a72aaf4a78a5e2b0ba132b0e9c21fb1,25.0,14.1,39.1
5a7b5740e46471f028be84f6424ca854,220.0,17.17,237.17000000000002
5a8b1c05111ba4fc4dfc6b9627ee177a,156.0,33.98,189.98
5a92b60d387be04eb53698b2f8b9b043,189.0,13.66,202.66
5a97cb85d8737c11775451e5bcf67286,29.9,17.14,47.04
5aad92458ca3d4d408c99f424de3cd73,53.9,25.21,79.11
5accb23a030458bbfb5eb669903f05b7,20.3,15.1,35.4
5af1697f659a5873ed7f793544b2b98d,137.0,26.24,163.24
5af38cdf3451e948f042e40336b0082e,69.9,15.28,85.18
5b0cbe028ba75896dcef147e3cfaae1b,39.9,12.69,52.589999999999996
5b163ebdd5ac559f04d06af2069e23d3,31.9,16.11,48.01
5b16a0b742790fb2d2d775808a9d54a5,69.9,14.66,84.56
5b181a5480a2873bf4689add4630e731,179.9,15.01,194.91
5b298cf66c6dc0f681cb4b104a799c5d,43.48,10.96,54.44
5b305608c98ca66ced71cde019aba8e9,249.9,36.88,286.78000000000003
5b33244d158adb23abb0d481fa052af8,125.9,18.37,144.27
5b4251adca774e23a1d0d74ae856a44c,299.98,38.12,338.1
5b666d7076734a6485176d2f3255804d,129.8,21.75,151.55
5b9a0e4cbfc2d6a1347472c847a4a4e1,201.6,56.81,258.40999999999997
5b9ec93a929c3ac36c58426030b286c7,105.0,9.09,114.09
5ba1e204119e95eb1b943b861e788a7a,89.99,15.39,105.38
5bb486f174563e721db5e7ba3ecd4fdd,89.9,15.38,105.28
5bbc94ad182b8b20ea955b1c3cae7d60,519.0,19.07,538.07
5bd39e6a06371941eb585cbe79b41efc,185.9,23.58,209.48000000000002
5bd66069fada7fd89c98b9a329d9737c,77.9,18.79,96.69
5be2326ca192b2612fd8d601f3981dca,109.99,21.26,131.25
5be3afe5bff7f589f89e10c9d3951b3d,59.9,13.44,73.34
5be7fcdba040de4538c9bd6fc2447973,125.99,56.55,182.54
5beaa4fb9b23df20297e10365bfddcda,149.99,15.8,165.79000000000002
5bf226cf882c5bf4247f89a97c86f273,230.0,16.36,246.36
5bf8d66f260e15878a0e458ba4f33158,53.7,15.13,68.83
5c05c6001482248cca1f553a2c0b0421,119.9,22.77,142.67000000000002
5c0d142e02002952ffe6ae4db1b02baf,69.99,27.04,97.03
5c19570470dcab18cd18b1cd390c042c,259.98,62.52,322.5
5c1bcdc479bd3259cecfa184ee78b9ce,19.9,7.78,27.68
5c1d89aac6e3b4a8f69d548ea030179a,23.99,7.78,31.77
5c2049caca936695cfa43805ebe7d8e3,23.99,25.63,49.62
5c35bf8376a214c893fc0bb5345cae94,34.9,16.11,51.01
5c3ed80bbf87273549529ebc6a45650d,86.9,24.82,111.72
5c5bbd6db76559427661810d806bae25,56.99,14.15,71.14
5c617dfa96b6fe84f28fcb382042b3a3,58.0,11.91,69.91
5c65f6e8b3825aeb9c088dc89edec2e5,200.0,88.94,288.94
5c6c22a0e96822517dd3c5ee6cd1fbcf,169.0,18.43,187.43
5c748cfa838e65b06c230b1f917ec95e,24.99,15.79,40.78
5c92575d54d9782d6f943b342d27646f,156.0,22.34,178.34
5cb890a68b91b6158d69257e4e2bc359,831.8,39.64,871.4399999999999
5cbc4966cc894d0b1ad64e7747264335,64.89,9.09,73.98
5cbd9f724bf2bb1228325202f5876737,48.9,9.26,58.16
5cc7fd28e4d0a13f20f305037d7234fb,97.49,17.93,115.41999999999999
5cd9658ba9e8ad15b491928fd7ec370d,24.9,11.85,36.75
5cddc0e7aa59980c2f6018bbbde4b776,59.99,14.17,74.16
5cfaa2e60887ab4aed7d4e637efe2156,32.9,17.6,50.5
5cfb7b2cbf52f4ff3ec4b58f69b02351,159.99,40.45,200.44
5d0603425fc99ce2d2f5b3eec417a09c,65.9,15.22,81.12
5d103f49c32225c353410679f8e90880,64.9,16.7,81.60000000000001
5d502df088caeaef73c83de571ef31d7,75.0,14.28,89.28
5d5158a88e86989b64a41c1c2aff9125,19.9,10.96,30.86
5d52a189aad255c960953d7d5d1aa7dc,429.0,38.36,467.36
5d6ca8d2f39c609dc330b731dc5777cb,20.9,17.78,38.68
5d6e9993ecc20a59e637ce711858d081,29.5,14.52,44.019999999999996
5d848f3d93a493c1c8955e018240e7ca,14.99,7.78,22.77
5d85cc48fc6c9edcf1933e6e66de1a47,499.9,106.67,606.5699999999999
5daa414749c292efd9d970aca5097a8e,24.99,7.44,32.43
5dc05f32211efb743fde17f226adfb6b,84.9,11.8,96.7
5dccc65b256263ec10925fa3a3d7ef48,137.0,8.37,145.37
5dd63219d314ee0914d93920e6f091c3,260.0,21.79,281.79
5ddb1f7921a2218a2f21cf9ed9995a5e,19.99,15.1,35.089999999999996
5ddea4bc0239f874cd7d6fd398d6045a,109.99,21.26,131.25
5de9ecce32c65cf52b1602cdac27f7f2,69.0,8.99,77.99
5df0b9dca1031d0b4abdf7b6f1f6e118,109.9,27.24,137.14000000000001
5df11955c9e776e57bf66071651f6db7,93.9,11.27,105.17
5df44528d70dc33f65da33161231b8dc,37.9,14.52,52.42
5df5b6ce88b311095393f226e4366bcf,109.9,26.05,135.95000000000002
5e17c0dc87169aef2e276079b07dc873,89.9,14.38,104.28
5e37bd369f48eb8220fb2d3460f74833,31.9,14.1,46.0
5e4c365dd3cf7769a88981f408d069d3,89.99,17.88,107.86999999999999
5e4ef21263c26f393f06c68bb2ac73c0,82.0,11.78,93.78
5e51393cd4562accba29a68b5db784c6,19.2,15.1,34.3
5e59c927dc00fd6d6f9661fd8736989c,116.0,15.56,131.56
5e823b29f4c615d58cdbfec5bdb2ee73,164.33,18.58,182.91000000000003
5e8632a278dbe421d1c5d75e542dfffb,149.9,58.84,208.74
5eb8cab859a459c603cf3e90204e6ec7,73.9,27.25,101.15
5ee7b62e53d3ff1201ab0f826ce413db,259.9,18.26,278.15999999999997
5eee483d18d84faaef4bea7e8b4579df,148.44,15.92,164.35999999999999
5ef8f0f9c9d95604cd61fd97ab176835,599.64,127.2,726.84
5f082c0821ef7e1812362878c7268aef,250.0,93.08,343.08
5f127aff90e6012e2200e03613eb47cd,21.0,30.46,51.46
5f1b8bb7f55f4d47d219bdb855d5a142,120.0,23.38,143.38
5f24b613363e4af7466a250aa815a170,263.9,93.19,357.09
5f308941ed9b7d5b0a5031e2929f17eb,68.9,19.72,88.62
5f3e315da0dbfdaabd6f8cff4fd2946a,49.9,8.72,58.62
5f41eeeb79cbf03f89da17dd1bedccdc,13.9,16.05,29.950000000000003
5f4415c3829ad05566ee455a5344d07d,69.9,16.25,86.15
5f4512de765229b8d671ce5a2d28fc68,38.7,15.23,53.93000000000001
5f49f31e537f8f1a496454b48edbe34d,56.699999999999996,70.75,127.44999999999999
5f5b21953fb3ca7d0ecdb72d5625d59b,15.65,14.52,30.17
5f7252bf13701d879f6fc28e72b71a9b,90.0,15.39,105.39
5f7363eba95d6b80c0b0d44e53193e0b,35.0,42.38,77.38
5f783382a74cf95c03c789405c2fb161,99.9,14.87,114.77000000000001
5f79e2da24a52e76bc22897df03a7901,40.0,17.6,57.6
5f894487d02d8bb83733db91af8ce4f0,55.0,37.3,92.3
5f9a2288d2f21704d5148aacbd3a4263,179.9,60.84,240.74
5fa2c99acd19b1724a6bbce82b7fa3c9,389.0,55.25,444.25
5fb669725665771911c8ecc187870553,179.9,32.01,211.91
5fba7c57daf631028d2a584c52799e24,59.9,13.44,73.34
5fbe345aed80ac57d0b62228823c9074,43.9,7.39,51.29
5fbf74426609c2706727d1e358652e36,149.8,37.24,187.04000000000002
5fed29bc3234f8a50dcdafe6754b62ce,159.9,12.62,172.52
5ff620977c1907f6694bbbbc716cf0d3,56.99,8.72,65.71000000000001
5ffe81e9175008222d385b418ef51a6d,49.9,17.92,67.82
6006d946799bcba9a9fd13e50c442213,118.0,35.32,153.32
6007efb03b652fb947155d0dd1001098,599.8,33.9,633.6999999999999
60114243c9bedbdafe9bc312bd608936,139.56,8.72,148.28
602cbc1dba09db685a591cda4cb07c56,55.0,7.78,62.78
604ed3ff72a9c67c6fcf940e6ba3bec0,39.0,15.1,54.1
6051e6d3da9a50b7325cbe9c81025062,249.49,9.01,258.5
6066c3889ab8affd2c01906b2d3b943c,194.0,24.51,218.51
6066fbcebeaf378770ad9fbe8e30d1f0,59.9,11.73,71.63
60762802b48bb6d256d55b013d115013,249.9,14.03,263.93
607e1a17f3e649f24abe13bb0dd25abe,84.0,72.92,156.92000000000002
6082358a7c7ac731b66ba978a6bb4442,129.9,36.26,166.16
609a92d3db448bbe4e37ebbe28b72b16,86.9,17.52,104.42
60b3fa9424e97cd3b6b95ca799d511c6,99.99,16.95,116.94
60b4528b577937165a412ba177de3606,22.32,7.74,30.060000000000002
60b4bdf4f0d6dfa53d78a82a4fbd5a6a,21.99,14.11,36.099999999999994
60b937da90f851b4fb55afb5d59d460b,25.59,11.85,37.44
60c5f920621dfaf30c3829088dccfb26,43.9,13.37,57.269999999999996
60c6581ec5ed9187370902a251501b8c,87.85,17.86,105.71
60ca761c522b32f4c47465e3ab5c5b8c,72.9,19.05,91.95
60d33f204669abf0795294143b54d6b4,99.9,16.85,116.75
60ddc3cf31819e316702f9ede42e26c7,169.98,28.72,198.7
60f6e33dc906f7b5b4f5096f979ab9f6,27.2,19.32,46.519999999999996
61195bf75f057881046ec1ee19f80037,41.8,8.88,50.68
6120dca54b9adfd072f8fd9574161063,119.99,17.58,137.57
612d140e314dab491efb33ec8219c2ee,129.38,94.75999999999999,224.14
612d5630822f4796875619b3a6a7b481,97.0,27.41,124.41
613664f2d7289e4a0898d9bfeb426db0,29.99,7.78,37.769999999999996
61417f74f6caf083ff60fa4dc315f050,75.5,11.73,87.23
614c5cb06a982f6034ec63bb29030868,19.9,15.1,35.0
615a83726a65bcb641fcffb5a4b792ef,79.99,18.66,98.64999999999999
615e54068238441742c4daf6a7b4ccff,19.9,11.85,31.75
616349dfee9e27679881b25bfc3af335,59.0,16.17,75.17
6164f657084f27df744b7ba94beee2e1,36.0,45.3,81.3
6166489270fe109062267b9e022c0292,29.99,10.96,40.95
616f3163d12cbaf681d34413542802bd,175.8,12.73,188.53
6172acc45ea968ebfc452a0644b1d6e1,24.9,15.2,40.099999999999994
6179ca3aca88a0e2e379fbf3742a04ac,482.9,21.66,504.56
617aa5cf4b76fa15872c99667d8cc833,129.0,9.26,138.26
61845fa79785f181ff99f39e39f40740,17.9,11.85,29.75
618638a7bdca22bf57e7404dacd947e0,99.0,21.32,120.32
61924caaf0facc4cb3c580d9bdc2f690,74.9,34.32,109.22
6199bf17a85a73b61d5e43a596b95b5b,119.97,20.14,140.11
61ab43a7e8f1eb80fb124273d186eb10,189.98,27.65,217.63
61ad7ff8f7855f070f278ff8412622a8,99.8,26.74,126.53999999999999
61b99e917a3da2c77c1a3ef38cdf38de,46.9,15.43,62.33
61c77cbdc7ac0a0ded411b067c32baf8,100.0,20.65,120.65
61dd76fc641eea1c3ecc493b029e935a,95.74,42.9,138.64
61e4862419474babad164172a0d6b7af,70.0,9.24,79.24
61e77ed77c68e38c1aa62a278004d84a,139.0,20.21,159.21
61f6d3c81710a644622f59cd9dd666bf,139.9,14.0,153.9
61fa6d238ae5d2e7063f2df458609c91,17.99,15.23,33.22
61fbc4a76e5b3db28d2dd737ace32716,299.0,22.49,321.49
621072862bc6de6626af8ce049533638,10.95,17.63,28.58
6228ae77b89ddd0553cd938d128549e3,100.0,16.67,116.67
622cd02bfa274728c8d0260bc7c492a2,60.0,31.71,91.71000000000001
6232b520aa859c47ba46e5213737f418,19.5,76.15,95.65
6233c53ce8bfd732fc643c0443741c5b,18.9,13.47,32.37
6259deeab2f6daedf07d0574adda7fff,24.9,16.11,41.01
625f2a06b46e5cbf695ba96293f76721,175.99,16.23,192.22
625f92d47eee6330318032089c61a90e,40.0,15.11,55.11
6264cc0ad74f0cd5c2133590679c5284,46.8,8.07,54.87
626b349f722088587417d2c277329c5c,99.0,23.01,122.01
6275954c6646fe2a6fcc3b1f7771de04,49.0,17.67,66.67
627dd35dbc686a525aa1224e523d82f8,111.57,58.86,170.43
6289ee54f79f145b31d94596c21ff419,31.8,23.7,55.5
629a311d2d78caf11bd453dd536c6da2,79.79,15.31,95.10000000000001
629bb9d04c91f3a7d95a5fe1432ce47b,79.9,23.43,103.33000000000001
629e289bf8013a1e9dcb5fc8cb9b377b,64.0,7.71,71.71
62a86eeeb3310889c048224de16767e5,308.0,28.24,336.24
62adfd8a504d828f9dc9c184f2a236b8,25.9,19.32,45.22
62b86d4e40eb55d675e2ff8be00dd5e9,834.56,78.6,913.16
62bc181a6d897eba7057bb531ea5f094,89.99,15.38,105.36999999999999
62c0a0e72baba526d6f9c2855f8b6b97,28.0,7.39,35.39
62d9ca533d6de05e39164160d128e37c,89.9,25.91,115.81
62eb76321ff33a367a805bc9d0701dda,69.99,17.06,87.05
62ec63f37c8ed14ce3dba43a02721f5e,84.89,7.94,92.83
62fcfe5da58296dface200da2e196fcd,59.9,16.18,76.08
6307a9d630a301cd0bcacd488fbd1182,26.2,12.84,39.04
63099b1ba1729612750a8903f7be76d5,120.0,14.59,134.59
630fef4cb38a0f9fce00a6b096243942,799.99,69.17,869.16
6315b62d5cf138a8702ecfac17bb38d9,199.99,13.3,213.29000000000002
6318d8c5f6857de384c0b3186d036457,179.99,26.54,206.53
631e1f23f43b7ccee3a0792a1852c931,246.62,10.94,257.56
632532c6ace2a1281a27e66bd5f4278f,93.6,19.63,113.22999999999999
63329524e69a10126480e493708b178c,189.98,36.46,226.44
633bd8dd4d19125b69aeee2526f79779,39.99,15.1,55.09
634b12cc99145e1398b5f8fc1321c058,135.0,16.58,151.57999999999998
634de1499ffe996612a8960e10d1c4ee,209.9,16.22,226.12
6353f1b671ade418ad05f552dc16df4b,199.9,14.79,214.69
637143b11a1b8c86d9e349f19ee9a1f5,39.9,14.1,54.0
638fa07954d987db6c7cc971c365eca5,79.0,36.06,115.06
6390d8596b48fe36ecbd508af3770dec,679.12,16.88,696.0
63a2b4d7eada51b13286108f3dc29b3d,47.9,9.09,56.989999999999995
63a301cc49568c5b437aa940f1fbb388,18.99,14.11,33.099999999999994
63b6220936ea4e0a55b1070abb7ee3f8,229.04,33.86,262.9
63bfa2fa974302f74839f89adc439305,44.99,15.1,60.09
63cf2db4fe1c8f21a8a02023cef68212,234.0,18.35,252.35
63dba135b96cf8bb30f38a43bc02eae9,59.9,24.91,84.81
63feb2ae0b836343163861c5268b5e2e,89.9,14.71,104.61000000000001
6401cfe160d72392195bd6e311a582cd,419.0,61.59,480.59000000000003
640cd45f7639ea623c321536c40314d6,73.9,14.6,88.5
641260b6b13348c1853886a738a7f9b0,369.9,18.35,388.25
642d9648ee8c3cd7d0a2be2b8816cc91,149.0,29.44,178.44
64307ceb91666760cf3ff463618302fd,29.9,14.52,44.42
6430ecb0185bdb039eaa6b867f26a893,152.0,17.61,169.61
643fa404d2dac7349a17416c2d2abf42,179.8,22.48,202.28
6459b5f821625917c621e74c69b48cda,79.8,32.22,112.02
645ae1a102627b74a009fe24909476c8,193.0,16.98,209.98
64618afe1b90ef2416d9c80631a15e42,199.0,16.15,215.15
647435133861948067a0b68eb68b4357,88.9,23.2,112.10000000000001
64784a51c7c5763b0693ed5ab75a2596,31.9,21.15,53.05
64870069a2ef2e45dfbd920310639dcd,74.9,14.25,89.15
64930a85c555750a1f71af3d49b0c54b,49.99,18.28,68.27000000000001
6498d67586b0908cad595ae0c3638205,46.0,37.54,83.53999999999999
649aa4ae69d60a0b65b5270e737081be,158.0,18.69,176.69
649af2abdcd7f8f609dc36ee5d249a2f,329.0,16.05,345.05
649b01370e30b79f0df619bf8ebc9201,29.0,7.46,36.46
649fa665ec97c1e0c786685fc3db9ba0,755.6,82.24,837.84
64a62eaae697d2b5002204677fb331cf,29.0,11.85,40.85
64aea51c84f7779855364184e8ce95f1,65.9,15.34,81.24000000000001
64b474e9995eb9740db3190013984b6b,29.9,25.63,55.53
64bbe3a7dae1ea0dae5ac315fe779596,69.9,20.98,90.88000000000001
64bd3e880a66ec01c58e06862dcb82fc,13.0,12.69,25.689999999999998
64be1ceac437f2eed73e5b001d190e97,17.99,12.79,30.779999999999998
64bf167fb87c4bccf7cbfde95d835ed5,69.9,11.99,81.89
64c4cb66d0d00f017802b2f46c80f74c,41.9,12.48,54.379999999999995
64c7d8f00d1087192f1615e32b1ae862,59.99,19.66,79.65
64cbe98d3ef9d927297f7dea3fab17d6,237.99,18.92,256.91
64d5bb1764f742cbecaed917d384da32,24.9,14.52,39.42
64ea4c51ad1203229ba011693f35da54,89.49,15.38,104.86999999999999
64f2e9aa85911b6a48e3d11ef05b73c7,1150.0,41.41,1191.41
64f5569ef96004a1e1137bdf28fd4c45,54.9,14.73,69.63
6540a36b3dd6a4a0922d5f57d493d9d6,25.0,15.1,40.1
6543c9fd7bfbf8a31d844a1523b6f04d,45.9,15.11,61.01
655352dd31829855980e8ba883725b47,31.9,21.15,53.05
6561717586fb2d3ae85fce2964f600e1,48.9,16.11,65.00999999999999
6563b375a3fad2d240225b16ee246f68,99.99,20.99,120.97999999999999
65650a09e390bf885b72172fb90348cf,114.9,20.04,134.94
6567e0ba7d75594aacbf2ae3bc9a52b4,86.0,23.4,109.4
65693e3a7937ea70a977e883a08de8b8,52.0,8.72,60.72
656990431532493653f3cabd289b023e,20.3,11.85,32.15
656c5942e852b20473ae268796549007,179.9,30.24,210.14000000000001
65709b9620e3ef6f575918b8348a8ece,394.99,21.6,416.59000000000003
657db8ff40cea3fd850bed1681373336,89.9,10.04,99.94
6596197a74edd396e3d34c53eff4ad6f,325.0,13.77,338.77
65b776d1206b0677bbeb15704021af48,250.0,62.49,312.49
65b89d1e2082d73e4d6a75335726a26f,38.5,15.56,54.06
65bbd0719855fe808bb19f62dfa9f42c,279.99,74.65,354.64
65bd383b9f9b0b9de967055e198a8ddc,9.99,11.73,21.72
65d519114847599fa70eb2575fc38a15,119.9,13.86,133.76
65e7cb43b74e1b86d2625b6e5b284019,59.99,14.17,74.16
65ef477f43ef52f4234fc5fff8df97e4,21.0,7.78,28.78
65f4f976c2281eb3c5f69547ca21893d,38.5,10.96,49.46
65f6a8dfb1cacec52fa3c48df189b80d,99.89,14.87,114.76
65fa0c3f03d571db6d7c52f069c1fb15,204.0,36.49,240.49
65fe7f2628dd3b6f2d27c15d098517d7,28.82,8.89,37.71
6611ba034599c08d41ef42aced5adecd,53.9,8.11,62.01
6618ba440a8c54ff6e7dfcf5c7300265,449.8,38.92,488.72
661c0c83032f531b95828bf7a106354e,19.99,9.34,29.33
661e075fa45fa4a73a79dd6972bce18b,220.0,15.71,235.71
66355bca3dfaa134e807687ade5d3330,342.9,55.47,398.37
664826d0bc1679cf79ba25b58e2971a9,59.99,12.76,72.75
665739753f7fecfe16152f5be05500df,66.76,16.4,83.16
6667ce63925742278c4eb0f5d83a913c,61.56,16.19,77.75
666e488ce51569ca13755283bce0e7f0,26.9,8.88,35.78
667e8016c1467476000d4dde127343ac,50.0,15.1,65.1
6696737f72902ca26a8bb47e22769841,199.0,37.56,236.56
669b4e413bba377a759547000b13117e,48.5,17.92,66.42
669e401d6430b79db06491597d059230,309.99,22.49,332.48
66a7368cc39c6a3e93415aaf9e9b863a,109.9,32.1,142.0
66a9f793833f66aba55e3b6a54a08acf,117.3,25.66,142.96
66aac47537a2b6a195103fcd5690996d,119.0,16.59,135.59
66aef8b9776b9fbfb4ccebc6f3d984bb,49.9,12.79,62.69
66b3a1b5e10e14e7bef4025cde095caf,43.0,21.18,64.18
66b6c9de0e92006f30f97b90313ad624,120.0,26.12,146.12
66bc92ed85c6ab828e10ff0cd1c5d026,85.99,16.3,102.28999999999999
66c251b81283a4147f2ba97851126741,39.1,23.7,62.8
66d560d1c77317086f3332a6715ac1c1,180.0,28.03,208.03
66dbc9ec3eb2119ce225357587599804,79.0,26.85,105.85
66dd11eed8eb0d72f0acf755122c4a13,77.8,38.09,115.89
66e1b657a71397245290f39ffe24031e,37.8,14.78,52.58
66f60a049e91f3849e5f8f328ccca54f,344.9,31.03,375.92999999999995
66f943fd426ac8716ef6b6b97ace8bd8,52.0,22.94,74.94
66fbfbe9598df1bb7b5950b19e839697,295.8,83.93,379.73
66fcdbc46a553ec1e80fc940b8f1bc15,139.9,16.61,156.51
6701aa5b4bfd2579fa419b7915d3daeb,219.9,18.25,238.15
671c1562854f03c1d68f6d48e1fa4c7d,59.5,17.16,76.66
672222c1e1bc8818069538d8c8c046a9,69.0,13.14,82.14
672e3b14b73975f3339583e7eff6091a,179.9,26.1,206.0
673005b4d67fb096100f48d7a6cb008f,49.9,13.93,63.83
67396d4e8e815db60a202db276db16a5,143.0,18.0,161.0
6741e21a24361b07f30063eec3897b37,79.99,18.66,98.64999999999999
6744ba320cc05c157f4ce99347a87e12,49.9,7.39,57.29
674507ad1e2b89ca471e872c4e8ef113,16.9,14.1,31.0
6746bff3c11cafd29a7f19f7fecd5107,19.99,14.1,34.089999999999996
674eb13687ba86abeaee12ece9ce0309,127.0,21.0,148.0
677cebcf344bca22b07250e7548bd8bc,12.02,22.28,34.3
679d507dacd35ecf587d994177d06871,28.99,8.72,37.71
67b47f35ec923e39f1203f3cfa80f5e3,28.9,12.79,41.69
67b963609580980a2d4dd86c6509b849,171.0,17.91,188.91
67be6410d453784501c125d4f0ecb741,699.0,86.2,785.2
67cfcef68eea9ea1ea9423cf240ed340,49.8,16.78,66.58
67d3db1e6d9adab9c49e67e8a2e65b8f,14.49,7.87,22.36
67d760ec323d2c9f0292ec4cdafc676e,39.1,28.2,67.3
67d83bd36ec2c7fb557742fb58837659,45.2,26.97,72.17
67e135f2451846941b4b1af2dc3241bd,20.0,9.34,29.34
67f62d8c0eb28a115a033ad02b2d4b3f,71.97,45.3,117.27
680179732742008e49abbe7724279a81,399.0,62.94,461.94
6808f7954e27254ceae6640f4e903775,49.9,25.38,75.28
680d7235e89a19239f2562d940e7c86d,359.0,27.79,386.79
6813024343da715f4461d785148f298e,219.9,17.17,237.07
681448fe6536db81da33377d7a5d88d5,38.97,16.11,55.08
6814dd9f19453f44a2e1bdd19b963708,379.99,57.1,437.09000000000003
681c82d8dee3250b148aaabdd68a59ff,373.98,59.36,433.34000000000003
681f6998a6bb650120b24343fb7aab6a,29.9,8.96,38.86
684497197738631cbe11c77e531a3220,209.8,27.509999999999998,237.31
68490c57a7a7ef7602fec9765720fc48,117.8,121.76,239.56
684c3c1d1b032d52568994de2b76945c,79.9,16.32,96.22
68530478f47eb6016655d590a05fa853,58.9,18.29,77.19
685f8172db0440c031fefe2081cbef7f,104.9,18.83,123.73
6864a2123ff29285627d16be37bc8b02,10.0,18.23,28.23
68656d23f76667ee6ebe117db63ea015,38.5,15.56,54.06
686bfd58da52593419e1201d773af6d2,188.64999999999998,29.82,218.46999999999997
686e2fc048d3d4677583ebad2a721b6a,26.89,16.11,43.0
687297c4cb20d6fad502624bed7376ec,40.0,11.85,51.85
6873a2599d71da76be91774f9e8b0af7,54.0,16.82,70.82
688e3682bd719f71232cc322252fb045,95.15,12.8,107.95
68b3cbc68e4cd1fe19bec35f1d3bb7ee,65.0,15.33,80.33
68c3f2fc647e6d809af24b6ccbe84388,119.97999999999999,30.34,150.32
68c7e05efd75f44bc692682d695a480d,37.8,12.93,50.73
68d2df61243c80ca57cc40e6461f9732,519.99,14.26,534.25
68d30b64daa2ee72a7f61b86717c20f4,89.9,15.38,105.28
68dd7c23e8b6c1e5f3ad16be5dd4bdf6,42.0,8.45,50.45
68f238efe64d771f8529c4689219e854,49.89,9.1,58.99
6916bfc2979a20759a964f5addee58d3,139.99,28.34,168.33
6926348e098b0414d25d5d773475a8fd,16.0,11.85,27.85
6939582f505ed6bf44bd9a1bde337711,259.9,15.29,275.19
694197f98148ec200eaeea667995bb35,239.0,14.69,253.69
694ac1d9660a7c3c610c379eb240360b,19.9,12.48,32.379999999999995
6957a72f3cc3a47e9d93b8b3b863c425,209.0,19.7,228.7
69697763300040978b1c88f1bb60ad24,179.5,10.67,190.17
696e7a79f34c788e7b79e59e35756fdb,59.9,17.67,77.57
69730255ec58c4cf06be03ba4718b994,49.0,13.41,62.41
697dd6059b52ae362ff66b900faebc21,65.0,23.61,88.61
69840aae60642aee7093192b37961c08,1800.0,172.0,1972.0
698c205b3d4d82b6ddf90c51b96119f2,12.5,7.78,20.28
698c554458e6b44e6f2f1450583c2547,790.9,36.29,827.1899999999999
69923a4e07ce446644394df37a710286,35.39,8.72,44.11
69a2e27fe34392681b7b5ab9c5aea437,291.65,31.35,323.0
69ad29a3aba936e80ea906bf73c631a8,499.0,41.04,540.04
69d7a6c47dc11a476f79514694809c60,259.8,32.04,291.84000000000003
69dc71661dcaa2145e4788d004eb250b,56.99,15.15,72.14
69f300c1548bb914121c37910b3f8196,499.8,74.74,574.54
69f57d3eb1a981a8fd71d99c39bb6109,126.99,15.64,142.63
69f645b07a409fb02369b4f665295d7f,109.9,15.62,125.52000000000001
6a1b1c85cb88090b0bc406c8a6fd8965,139.9,14.0,153.9
6a1c09a763e5c9c86e4189dc69f84165,69.19,15.24,84.42999999999999
6a276c227b7bb9659f04c271e30d381d,179.9,17.51,197.41
6a32c701681d4c31dac221f9a2848c80,85.0,21.67,106.67
6a346767428dbe844fc5dc660510bc45,89.9,17.06,106.96000000000001
6a3e9cd3ebd3eaf6a53cb71cb50941c4,95.0,16.11,111.11
6a45bd0eaa9f36460b442d6c149fb97e,116.9,13.84,130.74
6a491833d437ece196bf4185e6748271,75.0,15.28,90.28
6a4b5d63051de8243001f5daa42383f1,43.63,14.1,57.730000000000004
6a4bb813a7219502638206778564481d,1849.0,42.07,1891.07
6a541ecac40dc865265adbecf4841842,29.99,12.79,42.78
6a7479a3e53e4e29f03b3ae5f83a5498,248.0,19.62,267.62
6a7509b21939697564bb0b5aac2c8187,89.9,21.12,111.02000000000001
6a7e99c1218ca32aefdff408295eb467,149.9,16.81,166.71
6a828279d73f18174dd3b9c653d5213d,14.9,12.35,27.25
6a8400c1ae628fd6e3770950582c8b99,383.9,20.27,404.16999999999996
6a843358bc668f6e6b3c4b13de5e1b33,17.99,7.78,25.77
6a978028a892efba783a6f3be848c512,139.0,15.72,154.72
6a9dce70e1b41a16991dad71dcd0411c,18.9,42.38,61.28
6aa1b68888b0cf160c7072009c46ea24,152.0,9.26,161.26
6ab1c2fed90bf0906b4d5b51f7d333e6,148.9,23.58,172.48000000000002
6abaad69b8b349c3a529b4b91ce18e46,42.9,14.1,57.0
6acecf438369055d9243e121045cca74,9.9,8.72,18.62
6adf9dc8f61973b774685e0a029ea267,64.2,26.98,91.18
6ae112d3d80d830e6e97b777b24b4c56,199.9,19.7,219.6
6ae4b5456cf04469812c907fe9b7cac5,27.9,15.1,43.0
6aefae2f6010e130e87f27ff4ed31a8d,99.9,21.19,121.09
6af34422605e4c1a3e73fe06c5deef22,43.9,16.79,60.69
6af5d028aa14031c4afa3b5dd2d427ab,95.0,13.17,108.17
6af80e57f1bc2293fff7058c7c583d46,259.0,11.23,270.23
6afa03fba2ab6ae8174e9c9477c85506,39.0,15.1,54.1
6afee35d4619c0d99cbf16d1e4e461eb,149.9,21.89,171.79000000000002
6b022a73dc1fa183cdc18cb9c255d60c,1004.99,29.35,1034.34
6b0de1567f1212f98b815cf9dd0197a7,120.0,64.26,184.26
6b19e991d45af8acd0fc9c7c2208f7ff,19.9,15.1,35.0
6b1d0be1d67ed935bcaab8aa908f2b3e,13.9,11.85,25.75
6b2cfda97c8ef916043547d84658ba6f,80.0,12.9,92.9
6b2f7dba402cf63ca207bbe2cc05ef67,39.99,31.02,71.01
6b331bf7ee3fd56657566f64027c8c88,160.0,13.25,173.25
6b37f541eb6753f5383147a84d419d11,59.99,16.89,76.88
6b3b0b39d2a619fa308f4606d780af2c,199.9,14.79,214.69
6b512d6dbced14a60725ffbc129d4e29,119.9,16.6,136.5
6b5e619dedba6d4297fb10dd5886912f,179.8,27.42,207.22000000000003
6b65667bbce24262a05f9272420c2dce,80.5,16.81,97.31
6b75c3e52a1fb04bd0b4f1975febc486,39.9,8.29,48.19
6b860b35691d486e45dc98e3514ec5f6,544.0,30.36,574.36
6b87336da12a7508327bfe1c03855707,58.9,18.51,77.41
6b998c66969da91aea4b8ce0173a5bdd,102.0,13.15,115.15
6b99ff92735c747557e84a5f5cd7a560,249.0,22.23,271.23
6b9c8c185575db6251ea1e2c699cddd5,89.3,12.76,102.06
6ba5ec180235f8b95042925408ed3bd0,74.9,16.96,91.86000000000001
6baca7e224a54a0323eb003e011c9b8a,338.9,9.63,348.53
6bc068075770cc66b2bd231aec60f1be,49.8,14.78,64.58
6bc458836ecef86dca3afa67523f4268,97.9,16.32,114.22
6bc6b07e448bae52d248c4df401d6157,39.9,11.74,51.64
6bc8d0921edbcb67c01832572c2ca25d,89.9,17.19,107.09
6bcee650c0948a4d061fbac64d157ba5,95.0,13.33,108.33
6bdf325f0966e3056651285c0aed5aad,51.8,11.15,62.949999999999996
6bdf9b89e5c81ead45dbc0a260dfbf13,89.99,10.04,100.03
6be1646fccbb69d34b22da3b1807d51d,29.89,12.69,42.58
6be4566ff84c15f3069e3751958576dd,59.9,13.44,73.34
6be7d999fa8bac782218f8e6281ff562,92.9,26.73,119.63000000000001
6c04516be61ae90e04756c3290c405b7,99.9,13.72,113.62
6c0f95353e3e9b3daa3a9521da645453,58.98,18.54,77.52
6c122d18e485014d7f23bd0093465404,109.8,21.61,131.41
6c1798a95735e69db81fe92f8c40bdb4,99.8,32.22,132.01999999999998
6c1c16fa159e9636157531a51b40d473,37.99,18.23,56.22
6c21f6a1d56c99f439fe378d0ac026f2,45.9,8.82,54.72
6c28a6a98f83b0405d2bfc4ba655e15b,31.9,14.1,46.0
6c37458893de8ddaa38b557e58e3bfb7,6.99,21.15,28.14
6c3b9813e98d409d3af5da143efbd2d7,64.9,18.33,83.23
6c3ebcad285020fe222c1bff5a23b15c,110.0,23.35,133.35
6c6803a80161b45ad151601b21ba647f,69.9,12.48,82.38000000000001
6c6c1cd344b7aa200899204dec8c4a19,29.98,9.34,39.32
6c8e7fccd3a9d60db49c0264c1806ed6,130.0,15.66,145.66
6ca46f2b9a1592929647682510800e0e,145.0,21.46,166.46
6ca5c63fb52f32ccf5309fddb636c3a8,26.9,17.92,44.82
6cbe792e9ab88ffb6579d0b28088a988,23.99,14.1,38.089999999999996
6cd2700e3e9fc015e3bbe4ee264af57b,44.9,16.79,61.69
6cd3f2ca1a0a50c0500752842d4dd018,99.0,39.300000000000004,138.3
6cdd8e55d732c4757465f8eb53d4a8a0,35.0,7.51,42.51
6ceabf34d230c31f161988dd2ff8fa92,58.9,25.25,84.15
6d1941372f0503efc3953bd3b24bb512,154.0,21.72,175.72
6d20c5b5d74d900b45b27fd6e6e01089,69.9,14.58,84.48
6d2a7ba931fe7a8117fc382e5946832d,21.99,15.25,37.239999999999995
6d7b9cba0e798f9b68b2c0745b38859a,97.9,12.19,110.09
6d80b0865b3140d16b2ddca281931566,17.9,16.05,33.95
6d86a700fbdfec909998eefa9110f3e9,191.4,75.07,266.47
6d95f56851f4a4c72764429b174d2757,229.9,16.71,246.61
6d987387b063e94301514187b362d3f2,23.99,7.78,31.77
6da6cf03f09e5b28013185aff13ba6f8,112.0,9.6,121.6
6dc67cb39f917644a71c8f9410d6505a,119.9,27.16,147.06
6dc8b8f970d5256ebe88e075c1428321,122.99,20.05,143.04
6dca4fd46289b9234c1a6df64d1468fd,425.99,59.24,485.23
6dd108d9c1d54a07eeb03602befafd7a,35.0,17.06,52.06
6e10384d6572f58ba12c848b91299f39,87.9,45.72,133.62
6e1d72c49d6aa8e6a4c5670c6ae13c72,29.9,8.37,38.269999999999996
6e2c325b5837ea4f4f30dfbf27afbb4d,129.0,38.45,167.45
6e49598a67a4161d3fe1299418fe5d43,798.0,35.08,833.08
6e4a67f3a94e46e6cc5af48093d14127,149.9,17.2,167.1
6e7e9fd0c7c9256e1119cbb95fd12bce,99.99000000000001,68.37,168.36
6e830b60dd5fb7763aad8df950ee3998,89.9,18.51,108.41000000000001
6e884f04511bd82a28b97aab89dd3637,39.0,12.69,51.69
6ea34077e85038c0ecea08593783a1fd,160.0,19.22,179.22
6ea54477ac162f4f343694737cf53f82,149.8,32.65,182.45000000000002
6eb92aaa2c5654c87c82252bbbb0cfb8,54.0,14.55,68.55
6ebb33b8e0afab10328a6580a1c54be9,169.0,48.26,217.26
6ed4a347a81d5ceb3f8da510c318b5ec,178.98,16.74,195.72
6ee3c291219411d6da1a62f056058fec,54.0,9.44,63.44
6ee93b768b2ece278852a25fecf3eb03,207.94,50.08,258.02
6eea8cd99d26a8bbdf39d5289e4e7601,465.98,124.74,590.72
6eec08eba397611760a7ccd3cd4aa98b,25.0,7.78,32.78
6eef2bd233930b2b589daae3b4563eb2,59.9,17.67,77.57
6ef7236f77012f10ce40fccc912d7f4f,816.9,17.22,834.12
6f019df1013d847952dafbd0abc55c94,29.9,7.47,37.37
6f09a390f155a581c268dade6de048e1,24.9,15.1,40.0
6f118f6a730ce35b230974f295f743f9,129.9,98.02,227.92000000000002
6f1a8d85b71101ab1e342aa9b8dfa5ff,52.99,12.71,65.7
6f3a2c8b196fb74e743e30c4cfa59ccb,89.9,16.88,106.78
6f41a6473f4122e2cdc762a8988a67f0,149.9,9.24,159.14000000000001
6f429f70c82d9e5e7542ab3ddd773771,59.9,19.66,79.56
6f6926816d7f45e2ce64ae33c9faf58e,135.0,45.03,180.03
6f6adb6239aa458699f94784b3bb978a,719.9,23.14,743.04
6f7390ae95a89ea985e0d81b189e96d5,279.99,18.0,297.99
6f781fbfaf95fb90fb59de9f72e78e5c,29.9,18.31,48.209999999999994
6f78a74ebcd33afa2bccc0c0a82ff04a,67.9,16.92,84.82000000000001
6f7c4d0e0bfea3787bfa435c00423420,147.9,14.4,162.3
6f7e6a9cce69876915e47a146ef300e5,262.5,27.88,290.38
6f814df1f550b59cabbed26b26a96e69,18.99,18.23,37.22
6f8c85df8511665fc02773d5eba0907b,164.8,22.869999999999997,187.67000000000002
6fb3c0067e08ce7dfcdb62ebce42bb71,26.15,16.79,42.94
6fc020b0ec995fb761ee385f34df5a6a,110.0,14.16,124.16
6fccc57f4270cc3628193bd168efc780,87.99,20.67,108.66
6fd8d29c2aba16768615748086578d34,289.9,66.84,356.74
6ffdfdfb37aadee7183542be7b825777,269.0,26.72,295.72
7005da65f15cb4565505a05bbc8dee3e,79.8,30.2,110.0
700aa498c8151678850324adc6729e07,30.0,12.69,42.69
700bf35cd16de6e4d5d1e6e023b0221d,26.0,16.11,42.11
7019575db90695209de9c7d983557bac,32.9,13.37,46.269999999999996
7021b6631e7eeee66d0c205798c9a8b0,22.49,14.1,36.589999999999996
70265e39902a914077a038864209d3c6,199.97,53.41,253.38
702ec26902de328ad2830835af529b0b,450.25,41.44,491.69
7034679df131fe7f52587694f54483f7,33.6,30.2,63.8
70398b900647b9a57f8ff2886f0cc942,89.49,15.38,104.86999999999999
7056ed3b6f11b379db7915d1f6a69ad9,19.9,18.23,38.129999999999995
705de20d99bad1d33f30357181b9e9ad,65.06,16.22,81.28
7061cd4574453f33b42776247c247ac7,99.0,31.0,130.0
706b9cbda5d9ac137f8b484774d4c2a9,49.98,35.26,85.24
706f426a3e276fbc171e2d3aafbf2e1a,49.0,19.32,68.32
707c884622a611c1c2c7b247c01f0121,260.0,23.86,283.86
70863e8ef99613bbc8f854807d187ea7,106.0,24.58,130.57999999999998
708d3d7c0c996a92a48a8cf501f6fd8b,1089.0,144.65,1233.65
7090c88db4158f89d839c794cdd73272,64.9,18.0,82.9
709aa9888718ec2b9b285f55fbf0c528,57.8,11.9,69.7
709e7bb6791d4380ca6db3451e9e6a68,139.9,14.0,153.9
70a25f8b804c7e220927839f1b869626,138.0,12.36,150.36
70b742795bc441e94a44a084b6d9ce7a,269.99,196.94,466.93
70bc63a4b15c36daba5d68676c6eb65d,99.0,27.01,126.01
70c5ccc21360b2f9c8f0a0decfb4e41d,44.9,22.24,67.14
70c77e51e0f179d75a64a614135afb6a,209.99,53.48,263.47
70e6517f1dbbc45684b77b43123539be,39.9,14.1,54.0
70ecbe22c2346dd38085cba820c9c462,99.9,14.28,114.18
70ee39a40074e0c39dda6d286a77d5c5,379.8,38.76,418.56
70f68b39d2f381634322a952699f55d1,13.99,15.1,29.09
71049671af38d8dacc4b8bc9e488a4af,208.0,43.69,251.69
710d9b541d2ae52ef56ef33f5e1b795c,279.99,28.28,308.27
711246846695fa895c1776f0ddc30b20,59.55,17.67,77.22
7122630ed5f706d6cc7faddb780673d9,289.94,36.52,326.46
712cb14ddeca38aaeb49dea61f811018,47.2,16.6,63.800000000000004
7139a3b215ea730e2db624cc99820578,58.99,16.66,75.65
7144ca093cbdecfdfc3e76d49da6ffb9,138.9,66.34,205.24
7147bfba27147cf06600e5a1577d3a4b,109.0,13.78,122.78
714fb133a6730ab81fa1d3c1b2007291,69.9,26.11,96.01
7150a9da273995bcf6c7c5beeb3e5c42,49.0,51.06,100.06
715645f32042763c55a177d5460e0c38,34.99,14.52,49.510000000000005
715b8576b74d53796bcbb107a201eb55,228.0,26.58,254.57999999999998
716d6448e8cba0c1f833ff326041c66b,59.9,19.39,79.28999999999999
71717b68820ab37f844d6799422804d7,139.99,21.47,161.46
7182a10886eba11ded33e2656379e6d1,399.0,20.67,419.67
71853944ebfe6bd5f5de0302cba14354,105.9,9.56,115.46000000000001
7189222fd475388e5619a2bcc20352f5,79.9,19.53,99.43
719a96d91d44ae214ba638b02db33331,19.9,9.34,29.24
719fa622ffdccd736b29beb1b22712d6,49.9,9.1,59.0
71a88ca55a16c100b22fa5dace71266a,572.9,21.89,594.79
71affeaa67493ff0db555224e59b1bbb,215.0,18.42,233.42000000000002
71c04eba03595f13adc87878455ffa92,34.9,15.23,50.129999999999995
71c0d1686c9b5556355dc29a0f5cf8dd,65.98,32.22,98.2
71ccac4998b863217b4480c50294b465,39.8,12.69,52.489999999999995
71dab1155600756af6de79de92e712e3,1361.89,626.64,1988.5300000000002
71e04ce93a0da9e3e05c2f488c26bd91,84.9,17.03,101.93
71e22e2d99081d6dc07d9627bb85969e,121.0,28.64,149.64
71e2f7733505074179563ccd72d93d15,42.9,16.79,59.69
71e44b6c5e64fe2f82234724f9ffba2d,21.99,7.78,29.77
71eb50917f5fc3dad71d5db670959dc5,49.0,12.69,61.69
71ffbe37a2e7ac438c81adb916832bba,43.0,16.6,59.6
720609547e1e3b8ac4b3dc47ba846525,51.0,15.46,66.46000000000001
7208ed743ba6f3fb18b053cceca90240,34.9,15.1,50.0
7216ce968c7d0e2648617fbdbf7933d1,69.9,13.51,83.41000000000001
72366f977e624d8ec1d8cbaadbbf3c7a,129.99,21.71,151.70000000000002
7237d14c846f1436c907372891468fd2,59.9,15.3,75.2
723ac9c5a1b83772c9e9cdfe4d94f5fc,59.0,17.66,76.66
724c961debc8da1bfd7c243def4d63c5,24.99,18.23,43.22
7258f5b1cf840900c133d9f7192b7a84,194.9,8.62,203.52
725c0e3b1689714b8acfa0b09022e600,45.8,16.11,61.91
726714fe5c6124b8501feb36c5b89896,25.0,20.8,45.8
72716d752663ddcb65277a2a9af7420f,59.9,14.17,74.07
727732b8eb487f1ff4dbd15c610f994e,259.9,17.58,277.47999999999996
728b33a8cc080976c038c26fefaf9492,69.99,11.99,81.97999999999999
728def86ce88492592386a5e4a990e04,86.0,18.7,104.7
72a200617f45c76ab4e2c202a681958f,18.99,7.78,26.77
72a704e8fb6c499fad9b26bd8873bd39,24.9,9.09,33.989999999999995
72b13b37a3e90ebef702948d847e881f,109.9,24.05,133.95000000000002
72c6b41818d5e645f455986b59b7a964,115.9,19.09,134.99
72cd8348e9ca7da3caf7a2c3f09ec40f,54.99,16.14,71.13
72effeb8a2be92644dddb7dbf5df144a,179.7,42.51,222.20999999999998
72f27ffd65f4fba572c0fb647e850238,21.9,15.1,37.0
7311286f78c8201da664e23a95803967,100.0,13.14,113.14
731adfc56466bffeb31938efd036b0c6,189.99,39.35,229.34
731c835328ddd81b1be1e0a997909b94,97.0,15.43,112.43
7335a8d265b13f3b540722eb829fe08c,56.99,8.72,65.71000000000001
734241db1abdbddb6dbb6fcf6671ed08,234.89,46.63,281.52
73596e67516934a7fe64cc6ca6d75545,39.9,22.21,62.11
73689c18cffbd61ae75e2983453b4689,149.9,11.66,161.56
73696c4354b75af323cf793aa474acfc,25.0,12.93,37.93
73840bb583b69b1d181d54f3f755a4e2,149.9,53.18,203.08
73925631ba33c322f310fa0a01283e76,69.9,9.24,79.14
73a8ed1078e1d475d2b1fb7216a52e1a,178.0,19.55,197.55
73c21d26eefa3d24be02a149b9e69017,169.9,18.44,188.34
73c84b13ab9bb715a8e21eb2329177eb,126.99,30.73,157.72
73cb7b68ebaea36d0678e616423e2618,179.9,21.75,201.65
73d7d0526bf2242f422fb6c85751dce4,74.9,15.27,90.17
73d8fbbc006da6a68bb49f8cebc05a50,24.9,15.1,40.0
73dfbf97cb48a39c55ddb4425192d931,24.99,12.48,37.47
73ed85f5462f78670fcd66c2ccd79f06,144.99,18.73,163.72
73efca6402c1b6108195348448d76147,129.99,18.71,148.70000000000002
73fe3ec6e789782281c550a9349e0edd,69.99,15.37,85.36
73fef4e3ee8931c3e71fd76d01433bf3,154.9,14.1,169.0
740b489def00f1dd64ba1d3c169020ba,49.99,16.11,66.1
741653b1b2d0d37c62f1a1f90e93f02d,699.99,27.89,727.88
74174e09b0021ebfcb7b5e9d115910b6,79.5,13.11,92.61
742832acf7be7363a4480a9b4ff84bfa,410.0,15.89,425.89
742b2b7009e5c7c5aefce3e328c4866a,72.69,19.75,92.44
742bb86f369fadd10d68946fd903aaed,11.4,8.27,19.67
7433b1786e1af2042c2c4c76d3e4b750,35.99,11.73,47.72
7453ef59db78206e7036df2120481509,99.9,27.47,127.37
7459e9507588bf704829087454fd707b,179.9,39.05,218.95
745eef172f0256cfaf464e7723693fe0,38.9,10.96,49.86
7477cb986eef32aa23035fdd22ed27d8,142.0,79.16,221.16
747996a66f5aa711deb8ae58f5ae46a0,9.9,8.72,18.62
7488261a98cd6d7cf4407a8d6ed81095,21.9,14.1,36.0
748f5318aa38169f5901337bfec3afea,12.5,10.96,23.46
749b689efad761f8c94941fa3adfb702,39.9,10.96,50.86
74a5900cf86c1ea72e09040bd744e793,149.9,23.92,173.82
74a9c19e8e4a00a669fa8fd0a9134881,219.56,31.06,250.62
74b7f4373a78df8c16862d9d0875c5b4,21.9,11.85,33.75
74bbb7eea3f17308c17374bf5f572b65,79.9,22.85,102.75
74c25aa167f9836099a217d0fa82ed0f,159.9,15.87,175.77
74d300a40f14d9bb630e966dad89198f,78.0,36.0,114.0
74db91e33b4e1fd865356c89a61abf1f,12.25,7.78,20.03
74f9ee0e66467cc93728042775469e4e,23.99,15.79,39.78
75107c0791f328a77ef65ab69646594e,119.9,18.09,137.99
7514404922bc617c41f9b47f003a3350,172.5,9.37,181.87
75156818c2863d3be5ab7b08e728e43d,276.89,36.34,313.23
75213e459cfe44a61c496c864e0a8c63,32.99,15.11,48.1
752829804c0080d1b395f5c9e8801e39,17.9,19.95,37.849999999999994
752df1d3d4248c9dc8cca21cd6b42675,34.3,18.23,52.53
752fa58357e17806a310c0739bf909fb,119.48,22.77,142.25
7532f61a8fc7649fe822d89af2ff0a76,24.5,11.85,36.35
753aaaa715f963740a358c291bc79727,129.0,15.07,144.07
755fdf89024021c6324864182b6657b5,109.9,18.34,128.24
75726bd0f5bacd31edbf656514778805,24.99,15.79,40.78
75754d7bcffc106c7017989bd4b40873,62.99,33.84,96.83000000000001
7575f0c5a89cdb0c577224d9efde0266,54.9,14.13,69.03
75785442e7f4f3aee6dcdd92fd9328ba,99.0,13.71,112.71000000000001
75808f860a87d99fd802237327cbef81,179.97,38.28,218.25
758bed4c2450a7378b75ad480da89662,719.0,13.85,732.85
7596db1ba623b5cb1727772fc9bf8440,22.0,17.6,39.6
7597acfdc4c37d290f854bba148c0e4f,799.0,19.35,818.35
7599f0394aa4e7aea57ca87897378014,205.0,15.04,220.04
759fc48b9360c6710317b337b9e8a974,95.0,8.43,103.43
75a935207305c1dd6146a8012323cad9,75.0,23.34,98.34
75b60fe8ae4a01ed4c3152a11651218c,25.98,14.78,40.76
75b71f40b3c71469d12c7e4dc2ce0794,169.0,18.43,187.43
75c3bf5894efc8b022a84404ccd9f603,59.99,9.34,69.33
75d4b0b71e66d09b6070bd54c61e20fd,19.9,9.34,29.24
75d5d3d16567a27eefc5752aeb063072,27.8,28.2,56.0
75ddd6487d905b598d5dd7ce18351b02,119.8,18.73,138.53
75df014e897510b97edbb6261ef40f82,159.9,13.07,172.97
75eb778608f606e7f4b3cbf2092be146,39.9,15.1,55.0
75fd71aadc94da494ae8e9010c38d4d1,159.0,91.32,250.32
760179e92a03be906bbbdabdf9c01273,249.9,9.94,259.84000000000003
760312f5735ee281f01e56d5ddee05e3,149.98,51.16,201.14
7611315a76580a81e6f86cd62f4ad994,369.95,22.99,392.94
7620a7f338b6eb9b633cbf1d73e906f5,89.15,17.06,106.21000000000001
762f2fa4b2d95d9b9d1f8ad0dfaf6ef8,49.95,18.23,68.18
764bcaebe1a019d6c12165f67656db9b,316.78,98.67,415.45
764d3a4ee7946fa483cc1b7c66367ee6,68.2,11.98,80.18
7651f70d3acb1fcca5c5df23cd0f4308,59.9,13.44,73.34
7652086d66b18b3e2f19c1a28d6cc670,84.9,16.35,101.25
7656f4ca2d491ba4f1ecb0d8779e5e7d,99.0,9.51,108.51
765bb3ceb5fc35d9d71f6807ce32426d,60.0,32.78,92.78
765d8e5f6a9d496c895d21bb271ff1e8,70.74,16.26,87.0
765e82006189100419015233bf26be8a,9.99,50.0,59.99
76662f6f2a490cb74e7b97984991501f,13.65,7.78,21.43
767e77d7d76d75ea5309d5345699cc44,82.89,30.35,113.24000000000001
767f23439c8a87792b7b5b43fc057411,39.99,15.1,55.09
7686c8e556ad063dbfec8224d665c37d,99.9,14.46,114.36000000000001
769d812b1dd036eb0a69578537ff5320,84.9,7.78,92.68
76ac5a9b38c945eb910681d171e98c55,205.0,18.14,223.14
76b1bcac04cffba74b00e4be75f58f9f,99.8,35.2,135.0
76b5cf2989344419461ec7b13b23fd3b,206.0,98.81,304.81
76b8ef6b0f6db30a373e60af37961b2f,465.52,18.33,483.84999999999997
76c943bbe1ddef57ebe9e810f1c108e6,119.9,22.77,142.67000000000002
76cd8bdf29b1ad8f6dad715d6ad8fe90,198.0,16.83,214.82999999999998
76cde6c8b0bcf5f39e166b9f645366b6,56.99,25.68,82.67
76d297b7eeb8abdaeb5d573e33336449,22.37,34.15,56.519999999999996
76d3da933ea02dff5b27a64415350c37,89.9,17.88,107.78
76de574e14e58baded25a12dce8075c1,89.0,16.38,105.38
76df775e41e31a9af3a69d5bcd3575d7,63.9,14.2,78.1
7708627520d1045aae5a3e31f89d3491,122.94,55.62,178.56
770df021424ca2a0552fb73c4583e2da,99.9,12.4,112.30000000000001
7715d67827702c066f8a4d2d638449b0,89.9,17.34,107.24000000000001
771f66be24ca215d4d3415b63bae9d97,37.99,18.37,56.36
7720e8564b9fee98c22438680fa85cfb,39.99,20.8,60.790000000000006
772b70d3a8f138f49a2d39a138dd7e76,61.9,30.200000000000003,92.1
77474f59024d12a846fb80577dd24ee4,959.99,51.32,1011.3100000000001
775a7a08701f1131029bf828eb85b602,18.99,14.1,33.089999999999996
7773180c4a22f3438081f3a2b32f86d3,799.9,20.35,820.25
77753877bc8a33a740fcfdd1c93a6a83,127.0,12.09,139.09
777ee9fd50fbe50e788ef536b1656b08,99.99,11.31,111.3
778d960ed98fe278fca42ee20d002b1f,53.9,10.13,64.03
7791d87e3629a61832a9cee326042181,489.9,47.89,537.79
7791eb26e081ed5f8dd15b40c45393a3,26.0,16.11,42.11
77a3f6f5260c3255e7171093cc549851,14.49,7.87,22.36
77b062be7c5bd21712905feb8e1cfeed,101.98,32.269999999999996,134.25
77ce4c372403e8665d37213cf52bda56,9.0,11.85,20.85
77d5d33e7905054cee0bdb3dbebe4f1c,189.9,21.24,211.14000000000001
77d6b708885d2096c60a2c70d6339b47,299.9,20.2,320.09999999999997
77ef3216467887c78ddec18de86a58b9,148.0,19.14,167.14
77fc7da5ef4df2c48276ae832072dcf1,109.9,11.97,121.87
77fe12305bf8924a5cce7caf4bee2c4c,59.0,8.27,67.27
78288ea406e8bdc11d35c15f1ac36931,179.99,9.73,189.72
78319eed3d0e14a32693dcb23db4c0d6,29.99,12.79,42.78
7845a2492ab1b4f2cf3d56c7b8da1446,29.99,14.1,44.089999999999996
78668b283d34d8c72670a44109fbbe09,49.9,16.11,66.00999999999999
787ae1110521f3a8bc19a7ac93b8c914,9.8,15.23,25.03
7885086b880b3ab7e8be74bbbe05779e,89.99,15.39,105.38
788688f686c6ef04e7eb60e4ba103ffd,249.0,24.06,273.06
7888c674da87585ee031e3b68a377499,38.0,16.79,54.79
78892544c5d65b81d65bad8703c93de0,74.99,12.23,87.22
788d6da30a84d084503d9e25fa8cee57,79.9,15.86,95.76
788dadfe475fc16d5e7562f1a5fa8e82,119.9,13.18,133.08
7891c58fcaf852455c9b8ed210e31a4c,41.99,16.11,58.1
789a3ab8255ec03e8e36907cf6d688b7,134.9,21.43,156.33
78a4201f58af3463bdab842eea4bc801,229.0,96.41,325.40999999999997
78ac0881f0e98a1afd25f066d5451d70,84.9,17.03,101.93
78af4d32fa98a1435686699030cbc1bf,93.99,15.42,109.41
78b5b205705f30bb989c4a6c7f8822e4,89.0,7.88,96.88
78b7aeae3630346231847e749bfd8a18,129.9,12.41,142.31
78c0b2e524faf734fa7ecccff7e492aa,134.9,19.91,154.81
78c2bc594a0e2c77b9319a281f7bb7af,199.7,57.95,257.65
78cd965d0bc0388d390404eee6490c5b,169.9,19.47,189.37
78cf5dc2baadfbac2c47c6ef7c2a2282,230.39999999999998,76.14,306.53999999999996
78d7b4c84d9192af69d5b8abcd83176e,21.6,17.6,39.2
78d7bf360bb60d0dd4bd37663c126524,169.9,18.99,188.89000000000001
78e669f43077eded2d55ba9455560995,123.78999999999999,119.12,242.91
78f60565caf7dc3b87f6e1e9b03b691d,39.9,15.1,55.0
78f8aa2ff4291290af1db54c0e87de6f,180.0,14.87,194.87
78ff4e2150a4d62c899729924518c667,9.32,15.1,24.42
7902f1e4e448f0d59d80e60bc25ec61c,134.9,15.69,150.59
7911b64405b6667c48cb3f1334f85432,34.9,14.1,49.0
792d05bf62b6d307527fcda2643411f9,23.99,7.78,31.77
793c2f0661686b1d7e18efec8c4b43be,84.9,19.83,104.73
7955751dd5fe4fe14b9e9a89fa14e917,53.9,13.46,67.36
79581b0708489f6f9539c0d29dc53bb7,79.9,20.51,100.41000000000001
79675ac76b2c97ba601ce736de298724,195.70000000000002,42.13,237.83
7969425ee9683fa972ac9783b66817fe,39.99,9.34,49.33
797c6ff206949b463f4b498b5888e2ef,64.9,20.72,85.62
79847bdf9821dfcc7a036271d0c6044b,199.99,10.09,210.08
799934ebdaf707f09223f71cb9e34305,84.55,16.22,100.77
79a9149e58ce62bd439a996268d1c8f1,159.9,16.33,176.23000000000002
79aa7bf1529cb1d285df4ca588fc4a07,15.8,16.58,32.379999999999995
79b33a695202057cda058f5ebbfaf3ea,24.33,16.32,40.65
79ba63b5e2113df41f0097eb9e9d143a,98.0,15.44,113.44
79ca165f6ef474ed0d3d2aee1ee1d095,69.0,15.92,84.92
79ce3a0a9eba49ff442b392ab05349a4,69.9,17.74,87.64
79ce453b9e3dc21f91d306eb1df8bb2a,98.0,17.94,115.94
79da3f5fe31ad1e454f06f95dc032ad5,85.9,13.04,98.94
79dbadc3cd0a6aa1b1fc17d005721668,46.56,7.78,54.34
79de12ad0d6a9e82e8f7bd4cb879a1a7,199.7,15.17,214.86999999999998
79e843f791612177a6bb9f948f96f904,69.9,13.79,83.69
79e8e10e18151e5d8b8223a0ce9ee34f,39.9,14.1,54.0
79ebf5a42880cee256b9d4517d03d68b,99.99,36.72,136.70999999999998
7a0698ce87fc4cd3e171e7361f0bc0b5,120.0,18.94,138.94
7a18a504c1a4b32d883e68de2e1a7db0,7.9,8.72,16.62
7a3d6ddc737bc4e0f556c9c47f15e7a6,119.80000000000001,37.03,156.83
7a3db786a9251bc1603dea2c4970e448,199.99,36.72,236.71
7a45994c67017557c12bf0ef5061325f,58.9,14.13,73.03
7a490afdd127d5a584b98fd097425124,89.9,17.88,107.78
7a4fa3c26b5a8846a34da9564571212c,215.6,57.88,273.48
7a502e545ea55a7ff2a035abd83c6d84,102.21000000000001,56.82000000000001,159.03000000000003
7a55d04b91c3854b9cb2444fccc8dcdf,28.9,9.44,38.339999999999996
7a74611af770d37eb88aa4c25cc04eb6,39.99,12.79,52.78
7a778b7745be3f801b6bdbd8d54da6fe,31.5,14.53,46.03
7a8b0a61c3064cb97de68bddfd72d895,68.4,47.31,115.71000000000001
7a9436be8022293777e4f2619c171b17,56.89,16.97,73.86
7aa62957446715905f98f714be58f580,418.0,43.02,461.02
7aa979e2fd1c3284a815de85753464cb,180.0,18.51,198.51
7aaffbd34cee1970afc42ae26489ca31,89.9,14.8,104.7
7ac220abf3a320355ee2493db7555d03,59.0,37.32,96.32
7ae97f48d1e1624e8baae4a3faee4837,277.8,34.94,312.74
7af7e9221757663bb19abb52d6acebf9,418.0,67.72,485.72
7b14b680a9c285d579e2a51495f30173,189.99,12.72,202.71
7b177fcb9ffb753496f019d4ca317479,159.0,25.85,184.85
7b20d43785c16252f51ca77bceaa5ea0,360.0,17.27,377.27
7b4fb0197b18a0fd0e75f9e44b3fc757,99.0,22.62,121.62
7b74647ef95b9578401bd8a4f723b301,112.0,33.17,145.17000000000002
7b7e3ed4365b8e1e3f9ad98617b4b64f,299.0,47.39,346.39
7b80eb102c74259844e5a4fc17cc7c26,199.0,29.79,228.79
7b8d0a893743d55557532e35a0b73a31,139.4,15.88,155.28
7b905861d7c825891d6347454ea7863f,79.0,17.8,96.8
7b994fc7c7528d2098eebcb19d18ce7e,83.36,16.34,99.7
7b9a4ccb84bc90aa35e862facecfda80,38.25,9.94,48.19
7b9bc6b76ad9656ca99e8e1f2a6d249b,68.5,19.67,88.17
7bb355355c075d74665d97db859cfb45,89.99,12.97,102.96
7bb5a7e4263888da1c8db8cbdc6330c5,72.0,12.75,84.75
7bbb6edafc3614ad57fb17a6ae04a502,172.5,27.369999999999997,199.87
7bd508c317f2ae222131716385444119,183.9,43.46,227.36
7bd70701de0d9e7939bdc5eed76c0a84,19.9,11.85,31.75
7be1e90857091733dbf1e7d916c84e01,53.9,18.46,72.36
7beaa9cf684b466e527383b1ca40fe07,289.0,50.55,339.55
7bfbe70d2fa4f8b872ec86a7a51d099b,59.9,17.67,77.57
7c05844d6fbffa854241d754f38236b2,19.9,11.85,31.75
7c0c61f5d61aad026c439caf370a92f2,140.0,90.7,230.7
7c191e583fc264b819bc71653e4fc229,289.9,48.74,338.64
7c2c4fbf7cfe18df6ed7751cb3bbcfd8,86.69999999999999,35.22,121.91999999999999
7c32a0c8814b54f798f9359f20699633,139.0,37.56,176.56
7c3e480eb90c173aae4ffde40bbaec26,108.8,33.769999999999996,142.57
7c6a400b3bbaff6cff070e8c6cdd17aa,119.99,39.61,159.6
7c70f1c05b2c170358a1765511517175,113.0,29.19,142.19
7c74884b55b2ef0862e578cc630dfb3d,281.6,152.20999999999998,433.81
7c7730a9be0a2cd5d43285e6e53476d8,45.0,18.42,63.42
7c952ad04bbf75547b59e530fa2a30d3,198.24,50.269999999999996,248.51
7c971e779cf367c04e3621cc1b81e352,39.99,31.02,71.01
7c9ccc685465db762929dc50cff89257,98.0,34.49,132.49
7ca7bb0f6b6d3ff38dbb91aec21a0e62,95.0,32.0,127.0
7cb4dff15cb0bfae18db9857cf0455f4,126.69,53.14,179.82999999999998
7cb79f6f40b26d3d858736252d254ca6,21.9,15.1,37.0
7cb960e4db19c8f1728b07b97fc8bacd,39.9,18.89,58.79
7cba130d7fd9cbf1fa889eaaf7c89d29,236.0,51.0,287.0
7cbb15d12a1bb13fde596f305857b22e,24.99,7.39,32.379999999999995
7cdb98b018309556c5994e4a200213c0,78.0,38.92,116.92
7ceb3c8bbf48eaa776064d56012afbc1,49.0,12.79,61.79
7ceefd4f41f12d8806ac52ee4dc49f95,106.5,21.24,127.74
7cefff4bf786909dba88110841d3b39c,45.9,15.98,61.879999999999995
7d04189e83c072cfdde15bcd1deaa23b,572.0,64.74,636.74
7d0d148810ae67b1aa1f2d450d26e952,79.9,16.32,96.22
7d170449ca92e7f9c69431c2e23e35e3,176.9,24.24,201.14000000000001
7d2276ea7a66f8f021896610318e047e,49.0,13.71,62.71
7d2ce95144e1dac8886fa0b3d498baf2,18.0,8.27,26.27
7d32c87acba91ed87ebd98310fe1c54d,69.9,26.57,96.47
7d39dfbe41d0fcf4a1bf8a09cfd50a31,139.99,15.74,155.73000000000002
7d440294c1e683b677deeaa736e7231d,89.99,50.5,140.49
7d52cc13ad48508237527a8681689106,179.98,35.76,215.73999999999998
7d78faeeb02acd278e79369a118ba6a6,59.9,15.18,75.08
7d7f3cbab666fd1e2f103d28b2c9bc64,728.0,29.94,757.94
7d86c611496883136ac017bd88ffa64e,24.6,18.23,42.83
7da5789072aa14cff7a42564283c6254,44.99,15.23,60.22
7dc8487f60263dbf289600757f5c6f99,19.99,17.63,37.62
7dcd8e1e0e64211c270809e7ed46a766,154.9,23.95,178.85
7dda251cd0ccf3b0e0ff56d62b779fdc,99.0,7.95,106.95
7de5a6bdd0de17b60a6ca664159c18ca,49.0,17.06,66.06
7de82f23620bd64b59c175c554191182,45.9,15.11,61.01
7de9003e4d20b7332efe832b5ca8c15c,105.0,26.81,131.81
7df620c5efd94b149ee17db0a48e4916,89.0,7.88,96.88
7df81d6dcc2ba63195a6197f6362c4bb,198.0,18.1,216.1
7dfb222987465be3379d47dd9e98a1a0,79.0,17.09,96.09
7e030f7ce01972bbf5aeeadffe8f930a,180.0,26.1,206.1
7e03de7edf3bc774fd1ad0915464e41b,35.99,15.1,51.09
7e2069a34a1e7ea08313482266b88256,199.9,28.78,228.68
7e3e92dc3eaf5389f32da97228f7dd0e,79.9,15.31,95.21000000000001
7e3edae700f739b8c77e2d1386148b8b,39.5,15.1,54.6
7e3fefb35b0b1d765a343618ca5d454c,235.87,67.66,303.53
7e4428c9e14a7586963f5a518c9aa4a0,49.9,11.85,61.75
7e47240215d1672082248c49887b245a,212.33,82.58,294.91
7e54f2e2af1f04c407423998a9812c73,79.9,12.9,92.80000000000001
7e5821896794f7ee1e792ef610915f78,35.79,15.1,50.89
7e725a02a94edf1bb07180293cbb29d9,29.9,11.85,41.75
7e746592e95b3026beaecc92855b04b1,43.56,17.6,61.160000000000004
7e7aa7dd23657ca98b6b94fa4ad4c576,54.47,26.92,81.39
7e7c209ab4d09fe584822fd6c054023d,160.44,75.6,236.04
7ea1ada580d55b157f20ef1fb3a83ee6,74.8,16.28,91.08
7ea643d8802c6875dc51108bd2386c8d,399.0,20.04,419.04
7eb21cb5cc11e7dfa780480f4f6606df,119.99,47.37,167.35999999999999
7eb2b4aee9ff7ba835df2aed76fb9c4b,196.8,58.9,255.70000000000002
7ec6696d228f74c2935e596f44195356,74.99,12.23,87.22
7ecc158162cf00a802fedcb0577573cf,89.9,15.38,105.28
7ed696782f4472458c5f1fc95bf5d6ed,159.99,32.15,192.14000000000001
7ee4b13db874fc0c53e4febcb4275fb5,39.99,34.15,74.14
7ef1629063a04bbeadf9410dcf689ef2,12.9,15.1,28.0
7ef3a4439f550deadd7bc3891b2f6242,60.0,12.76,72.76
7efa8c532a0dd4aa1027b9b6d21d993c,8.97,13.61,22.58
7efd95780798d3826acbaafd16953320,229.0,18.85,247.85
7f03a9c134207b5f149bfc911469608a,45.9,16.11,62.01
7f081049d243d9a51d4235dfc310a73f,99.0,18.49,117.49
7f13a20e25350f4a55fb2a7c9a2e8d88,149.8,13.63,163.43
7f14c64f7f48c0243c290e47dd51cfeb,20.9,10.96,31.86
7f2401dd864cb66d12840ebff7581231,117.87,15.93,133.8
7f2f81a366f89b37109845799fc5bbf3,40.0,11.73,51.730000000000004
7f31dc70c624428b42b32b0b0167ba39,59.0,17.66,76.66
7f3377932727107412b17a48648987d9,39.99,7.78,47.77
7f3eeda083f7dd3143b24b17ad4ad881,29.9,8.11,38.01
7f40591eeef659da2bc93d2735fa9476,93.0,15.56,108.56
7f592ad42732ac393e0840a95fe32d7c,15.9,13.37,29.27
7f59962b8f02ca840674b28f1b9cda2b,139.99,12.07,152.06
7f63d30a32c2ef0e63febfbc91b9a132,70.0,12.83,82.83
7f6a7361266d9b404f05250ef42cdc6d,126.49,14.19,140.68
7f6bab6f94c44a7f4ffb9377bc3b82fa,119.9,47.37,167.27
7f76349ca462fc860717b377aac893bd,238.0,26.95,264.95
7f8627b25121727150b46207617a168a,79.8,39.49,119.28999999999999
7f8d9a73c2b510f9627ac02f1a79c789,169.99,23.99,193.98000000000002
7f9089a3fbe75385f39d5924c2928352,105.0,25.57,130.57
7f9bdca299c6f4c8f906bf2d9df27ae0,96.0,13.01,109.01
7fad77aba2a48a7099ce9f77f2ad7566,28.99,7.78,36.769999999999996
7fadb5fea409b4722158492cd408177c,97.0,14.85,111.85
7faec2979809e2590815b95ff2d7c3ca,59.99,11.03,71.02
7fb803b61e1301dc6887ef9d54cfcf26,1150.0,87.28,1237.28
7fc972218babb3bd6cc41ada5145606f,72.9,18.08,90.98
7fce12aba835839d28dd66327905bc60,184.9,28.48,213.38
7fdc2d3ef3675840269e08e7cfda9a91,14.89,17.06,31.95
7ff091a081c936e22d36651bad1fc653,36.89,11.28,48.17
801486e590af3202e69113a4542ef133,55.49,12.83,68.32000000000001
801d980e779937cd76e2cb8de056a680,189.05,18.89,207.94
80271f9179f6d8df256f964fc2cc1c6a,79.0,33.93,112.93
80288d8ccb8b1899f5377f27feebb1f0,178.99,13.69,192.68
803aa4666b8c108ee27e65f64ad038fc,78.93,19.74,98.67
804a79d234b0f9470b218e9abef45e7e,659.7,19.12,678.82
804f733828d8587c734a1d8fc5634e06,229.8,54.7,284.5
8051026f0cea5b93df6bf42cdf1aaa74,105.19,13.4,118.59
806c224e302c85404164d60601ee3c10,89.99,7.88,97.86999999999999
806d3b5f15557ad3d5288d340271151f,38.99,15.11,54.1
807303007d46225288462ecc115905fe,54.99,11.73,66.72
80742a986710e5cda30966b8d3f1ab96,239.99,14.79,254.78
807d573c36fdd71594efae0ca1db554e,44.99,17.63,62.620000000000005
809098f34297c9735dd68d0bf8571f98,75.9,35.66,111.56
80bef000a2d88b3b23fab45c546c67ff,89.9,17.76,107.66000000000001
80c20223fb6b10d7e541a3cf6c5bf673,24.9,50.85,75.75
80e2ed9ee8878458ac2191eb469cb0fb,70.0,9.94,79.94
80ea2d5cf20fdda59217af697130bcf7,8.99,15.1,24.09
80f65dca1a0629872658ec11d1085d28,34.99,15.1,50.09
80fe5b2fe4869330fabbceea5e5e7c0c,89.9,19.82,109.72
8100c4de96dbf94a93a19c78c69a006d,79.9,12.9,92.80000000000001
81039bb5e28d76cd6757558d5800a617,79.7,15.879999999999999,95.58
8109255ed5f9ea90f254fa8c5d80bde0,225.0,53.0,278.0
81192041563939605a3e86ae0d6d8579,49.89,8.27,58.16
81254dd1f66cb71378737f0036be0bc2,22.0,12.81,34.81
812b6f6a1efbfa5beae8ac07617fa0c3,279.0,119.84,398.84000000000003
814b1f69511cfbaa3b54bf7701c7a475,78.1,15.31,93.41
816d5d441d23818493578fb1db0a22ad,41.99,15.98,57.97
81710e0039b0dcda11c1f114e3dda5cf,77.0,13.2,90.2
818887518017b2f4fee789ce35090bec,99.0,15.44,114.44
8192ab7fdf1ebdc4ed10c42d0e211ba6,9.5,7.78,17.28
8193580d95dea97d43937711060b2846,1340.0,51.79,1391.79
81947fd909118ca9f929a299e6eecdd2,89.9,12.33,102.23
81a93b2fa39e104b865b2bc471c16008,72.58,23.44,96.02
81a9ef6a0791099bb5859d0104f94dc9,252.0,19.64,271.64
81b8af3e29c26237d24fbeee21ca2b18,190.7,77.32,268.02
81bfdf6a2390123c48c5632de6413e2a,45.9,15.98,61.879999999999995
81c2d284094f3b39baddefb519a30149,250.0,69.9,319.9
81dec63f48ee4e24401d392921393ab3,89.99,9.44,99.42999999999999
81e25306758fe2071a7b0063beda2140,439.8,58.24,498.04
81e4c4d7594a8111a17da1f1b399ba07,89.99,16.39,106.38
81f8f469c9ebd7916d4d35d7b379127c,39.9,15.23,55.129999999999995
81fd689a1dae218d934b58243480b726,295.6,109.0,404.6
82172f2c466d4e1298dab08c8f0e111c,599.0,20.93,619.93
8220769da5e88eb4288d26cc8f694b41,130.83,15.09,145.92000000000002
823384842bb58973b0c88e31c6f94da9,37.48,30.2,67.67999999999999
8237160b16b119b5390f8072691974f0,89.0,23.42,112.42
823d27620ee2ff69604191b087250a3b,49.0,17.67,66.67
823e1b55f87736972904ce20e4e90f0a,399.0,87.58,486.58
82459b5637153cf097d689a943d750ce,90.08,28.2,118.28
824abb0e495f59750ecceff64e86459c,55.0,24.71,79.71000000000001
824d9780d0313771024a0c70fe9dd9a7,940.0,21.49,961.49
824fa8179b9911d58831e0b09eedde13,30.0,9.34,39.34
8256729fe396aa16538e1790e33851f9,54.99,16.35,71.34
826221f0c1a1915308dccb83b841eb2f,16.1,7.78,23.880000000000003
8265a551f1441d4dd75468036a7a5020,229.99,58.28,288.27
826b47e4cd7bba4e4c6fa5485f898b74,336.9,27.28,364.17999999999995
82792f854bf7882eb02921129a2c8cb4,80.0,14.65,94.65
827e39f2fbd0101d81c2168ab6699f7c,299.0,22.51,321.51
828e12bc152ea9891e8941d4530326fd,39.9,15.11,55.01
829d14a0e060598e3de477687e72a312,51.96,37.36,89.32
829e9bcb88d163d9d6b6da8e8c396bbd,54.599999999999994,30.2,84.8
82a6e2f5082bd48943674373f6a0fc9a,18.9,15.1,34.0
82a779af9bebb4de11f9eb1152112f36,21.0,7.78,28.78
82c5cafaa9a07e68a28009b6cd031be7,9.99,15.11,25.1
82d1cc65b6ffc4c9eec8803be7132040,114.9,13.14,128.04000000000002
82d3f1b33d98fe40e57af92e75f36e01,69.9,16.25,86.15
82e4be23c247d0fe56f0fb757a26ccd4,49.0,15.44,64.44
82f29ec26f706651b906acc60ba4ab72,99.0,20.18,119.18
82fd1196a459f594fb1d66e667fc74c4,45.99,13.37,59.36
832bc1632236af4fde736234395402e3,107.0,12.25,119.25
832c7364e0bee77d8763a327983c1b8a,16.9,16.11,33.01
8331588bfd765bf151ba1682255903f3,25.0,11.85,36.85
8336334036e8b201a6013cebe4ef9d07,35.99,15.2,51.19
834545a0dc30bbf519e4d9c697eca0a1,40.0,19.47,59.47
834bdbbdc1729b2ae17520e7a32397fb,24.99,12.79,37.78
835132b61f09eb393ea7fb85c61bd572,39.8,33.58,73.38
835bf4777ad72891587719f1098e3528,30.97,10.96,41.93
8366b292b2a97497953e0897d8fdec25,40.0,19.59,59.59
8373f5d7df6d9249999fd38f8513e6d7,115.0,15.69,130.69
837a0e421299d67b3016cf712813c6dc,107.0,15.5,122.5
837bf2d48f18fc4d6e2e32cac9941960,119.0,43.41,162.41
838182c127d317f0eca3ea49a529146d,56.99,16.16,73.15
8385aedfa19a31e7d4871586bd47de2c,189.9,23.47,213.37
838f8e96cf584a1d8d22eaf7143c7772,22.99,7.42,30.409999999999997
83a5318382fbbea998fec6417a9b8030,13.99,12.79,26.78
83a8c8477a4beb1799eeff411ab29c0b,29.99,7.39,37.379999999999995
83ac7baaa477085adfafa311103efaf5,99.0,9.51,108.51
83c0700d6e42c5b6cd1fbf3e593ea4ca,143.99,8.03,152.02
83cb604e747a6aacb0a7e425f0b21a77,49.0,7.78,56.78
83eee67c21d596a653687afe2c8ebad8,134.37,26.22,160.59
83f24bbc4f76a2730ba9c9cfa32e6d07,209.9,21.55,231.45000000000002
83f7e1cbad6386d501c636d6cfb23e55,798.9,28.09,826.99
84027696c2bd36b522bbc8a9d0578525,126.98,21.38,148.36
840609035f6daa3db6277e7a033b3edf,29.0,12.69,41.69
84152c38452eb1dec5ddae4198266724,69.9,15.24,85.14
84270b9b2f185170b4b29b448ef3a0cc,69.9,12.83,82.73
8433606149b115b9f6e1916bdbe08dc4,45.0,18.23,63.230000000000004
843be4a0dcdb9716de7652d53af4acab,205.0,22.27,227.27
843f956709f0a664d816bee124544122,158.0,9.4,167.4
844bfdffbe80e8ac61135bc633f2dce1,60.89,17.53,78.42
84705956de681a2d1420bd90d7667472,349.99,26.9,376.89
84738ae25273a6a32bc43d0a0156b570,54.9,20.87,75.77
8484c5fe4c5e00deaa868795d62d1db9,429.9,20.29,450.19
8486f414a491ce27cbb5e501739d2d04,27.9,9.27,37.17
849eace12a4c38cc5d4647af9f942eff,199.0,21.71,220.71
84aa61a900410cfe26b57337d376a1ae,36.93,7.52,44.45
84b3b056e8c005f680939ef08864292d,149.0,51.33,200.32999999999998
84bf5dfd169eae55102346ea434177af,39.99,15.1,55.09
84cd555d3d1f2b32fb392b1dff57a851,28.9,15.23,44.129999999999995
84d151f7573342933c5d715a7911895c,130.0,15.66,145.66
84d54e2fe6fc76e34d897b32c59dd75d,3.49,16.79,20.28
84df70f03a2be7d8a483d02c5b596fbc,169.9,20.43,190.33
84ebc7aa538e4655d5d3c6810003c6f4,24.99,15.1,40.089999999999996
84f2f3376f85a2095f8b1e318e285d45,35.9,16.6,52.5
84f5e6c0a0e3155e38c00f434ba90ce8,35.0,16.11,51.11
84f89b4f4b956843277c6b990bd06b2f,499.5,0.0,499.5
850a46317b5a1b4eeb14f915fda637c1,79.9,48.0,127.9
850bdb83409632771907268b16c60bb7,87.9,12.96,100.86000000000001
851c72a772c3703bd071ae71f797edb4,92.0,14.78,106.78
852d2f4d37773bcbc21c8e09a05a4ea5,27.99,8.4,36.39
852f03ee94e792bd908883a245f246a1,11.99,12.79,24.78
853847abbd6dd9c640113b42c3f10cf5,219.9,19.62,239.52
8557dabbdacec1a9e250f5e70afe1eab,44.6,16.05,60.650000000000006
85728ab380c0bb7e1c0f5f26d1e48cd3,229.99,24.48,254.47
857c7d158a6669fae8d2aa86c645f021,65.0,16.21,81.21000000000001
85a4fbdba48c815924115fb82330071c,19.99,14.1,34.089999999999996
85a5c526407a1b180dd5bccc622be107,298.0,21.58,319.58
85b1f22218c7215d7cfc05e2a3800d83,72.99,11.73,84.72
85b8899fd1383f7177fe622d29f09272,49.8,30.2,80.0
85d069ad55d052e43bfa0dfee9b079eb,18.7,9.44,28.14
85f8ffb0071e850ecba540ba938f32a9,289.9,16.2,306.09999999999997
860455aa7b45766b3d33b051cebc6e27,26.9,15.1,42.0
86198e40464e410dbb14a4ae8e03ecbc,31.9,16.79,48.69
861c9fbad462917e9c57742085a3e2dc,45.9,16.11,62.01
8623ddd82259f932337ad9f727cd25b5,46.0,15.42,61.42
863ed82a296435f3a4d1a4b878450a5e,84.9,11.98,96.88000000000001
8654cd8e725e48af0d843f5c60598e72,219.0,19.78,238.78
8661d034c37aca81ad2a118217c354bb,125.0,11.9,136.9
86661cdf65d5e08c3dc14b073c101d68,24.9,7.78,32.68
8669133949d3dda2b99bec214c2c299f,164.57,32.46,197.03
867f74e7d9350af5b0a100bb329fe38e,54.9,11.73,66.63
8681822ccf2aaea9124f49a2a6dba7b1,79.99,12.06,92.05
869e5bd441672657e6b28cfa5e685fd4,39.99,15.1,55.09
86a8dda933d2f5ead748b61f816fd181,79.9,19.75,99.65
86af9599ffd64a39d743904daa8bdb2d,24.99,11.85,36.839999999999996
86bc0881e5fe366c66d6467b24bbac86,228.0,19.48,247.48
86bf07c0a6d01d38dd8ecd1a1b68d139,49.99,16.79,66.78
86c4303307d8b4c57e6359d46e938407,49.9,17.97,67.87
86da41fac2d3f448976995f9b78c335f,47.0,15.56,62.56
86ddbf551a45045fda65a0b20745a6c4,39.9,14.1,54.0
86e15c44520932e049ca96660a60b776,55.0,18.27,73.27
86e806df199739693f45c9cd596771ea,59.9,17.67,77.57
86ed1f35a1297fcd9ac0f8cefd187fa1,99.99,16.95,116.94
86f67a35fe1b268a04dab03c7cbdb333,119.99,44.64,164.63
871586e5b572f8c5d8b07b091e396e6e,71.82,17.75,89.57
871ea4c791e2d977d094700806eef385,129.99,18.16,148.15
8738785542fcbf848621d353326ec75d,98.9,25.82,124.72
87440684f2020256690b3267299053f6,278.9,9.54,288.44
8745becbbbd36c57276dc93fed8bbe1c,67.5,26.150000000000002,93.65
874ebca0220c7586ef0eaf166bb83ea5,139.99,29.42,169.41000000000003
875465832a4acaeac638683b74ba9886,64.9,14.62,79.52000000000001
876fd8c751a56ed982b5a72dca56937f,98.0,18.57,116.57
878d8b6c3b9905f2eb5fe9d390c4c7db,25.0,21.15,46.15
878deac45277a6693260658cbce58cf2,15.9,12.69,28.59
87980ebda651df2ddec79138c0366d96,221.45,33.49,254.94
879d57dc015759bf30e71a20b5ae0652,158.0,21.6,179.6
87a2d83c67c7bdc791e7e5869b035ae4,13.5,22.06,35.56
87af7bf20f2a742dbb71cdcf0f8475c8,84.99,12.93,97.91999999999999
87c98d8706c75e568d61dc02c6c9305d,74.8,17.77,92.57
87cb6bc6178f0a340e40123b7b042243,42.0,37.04,79.03999999999999
87d43116721d5ee0c0748fd7d393cc9d,109.99,13.35,123.33999999999999
87ef789179736a942af20c37ae5f53a8,289.0,16.77,305.77
87f41ac2bb62582fa23ddb02b79ef724,149.9,29.4,179.3
87f48ad03a575830fd30137520ef411b,94.99,19.96,114.94999999999999
87fbaf80a5baf8a4b61821115117f999,21.99,14.1,36.089999999999996
880ba0831c3fe181b5096a98d3c755e4,14.9,15.23,30.130000000000003
88147bfe4762e9d0e545871dbc994734,66.64,23.4,90.03999999999999
882af1e2ad3e4b132d4b23c429843dc8,1013.4,22.39,1035.79
883b467852944646af1b7eff7c0f5d35,49.8,14.86,64.66
885935156ba43094f3ae95f3c14e0381,26.18,16.6,42.78
8860c46d734c9f3a3172bc4a71ec5490,89.3,17.07,106.37
8863958cd300b0b2cfb1b8db3326dd38,58.99,17.66,76.65
886dd09169ed29010eb71d9faed92259,110.0,13.67,123.67
88791555f9832d0bee1f87f2074392ef,67.9,17.73,85.63000000000001
887e4a59707e96b2c7b7112201a4db47,215.0,33.96,248.96
88831d307a23183f48f92b32b07ac070,61.8,16.19,77.99
88981e5b92eb0fc6291a66ce7b892029,16.9,15.1,32.0
88a385737ede49900eeccbcd1d16fa00,99.9,17.54,117.44
88a82da4cb2eb4723c9965285fe826c9,25.0,15.28,40.28
88b43f27bfa01eba0677934c553869eb,23.99,7.78,31.77
88b59e460a4c71c9cb07132bc7546161,14.9,25.63,40.53
88cad47df9afd71af2c4a4098aca44ae,63.14,16.2,79.34
88ce73cc24548143016810f81a9e53d4,1999.99,26.55,2026.54
88d83c164444378e37e1805e00984342,33.8,28.2,62.0
88e583db0e0c8c29a91c2c68a0ee82db,59.9,34.22,94.12
88f429aa6b53507756ba75c293cc4040,19.9,20.52,40.42
89035fb6f9ed1693ad716ef81c18cdb2,14.9,25.63,40.53
8914de0f43ff7668bb9b82fd774629ef,75.9,12.66,88.56
8925a70c5c2e5b4ce423e37036e03571,89.9,35.95,125.85000000000001
89289862108c78037897ba5b75f5253f,86.0,12.1,98.1
8929dd94b6e68f8d1c3258d5fe4700e7,49.95,15.1,65.05
892b015e3a78c1b2fa5449f09af3df7b,104.99,17.98,122.97
892e04325197686b3f5a32eb5fb38177,28.0,9.34,37.34
89352af3c4b001fbe430efb20dc66b79,20.0,11.85,31.85
894f6cd6c690b0d8d94011c8461f25f4,13.65,15.1,28.75
89564bd6a7ea1056554275f223301d84,109.99,20.85,130.84
895ab968e7bb0d5659d16cd74cd1650c,109.78,51.54,161.32
89754646c3e0baa367bbe02974056098,40.0,11.85,51.85
897da32e9712dafcf2fb6615aeb3318c,34.9,14.08,48.98
897f5080530ad6a04d3aedf0756706dd,149.86,18.3,168.16000000000003
898357f8ca3d5cebd8ed0edcc9333503,24.9,16.79,41.69
899499ccb61cd1525c8b04047ac70e0d,142.99,40.81,183.8
89b0e57c47e090334a13fad8d382246e,21.99,7.78,29.77
89d6544684b9cbacd492feb38abe4fe7,588.5,54.84,643.34
89d881134bb068f04011771181b2cb86,339.9,28.7,368.59999999999997
89d9b111d2b990deb5f5f9769f92800b,13.99,7.78,21.77
89ddf23f8fe73ace16b54d219a527277,240.0,140.12,380.12
89f0460c9010d52281a44ccf5a287526,139.0,29.5,168.5
89f586f0cbddc6428831c41c8c333c66,29.9,14.59,44.489999999999995
8a027244dea2edca1449d9150e74eb45,97.6,21.92,119.52
8a060d4d621f570de2264a68ad8b901c,18.9,16.79,35.69
8a089e8bded26bb207aa04ad5791f91d,49.95,16.11,66.06
8a12018fd6af932819b6e06b6e3eeba7,16.9,7.78,24.68
8a22f6bd4ea83c9fcdbf0235d55ea061,27.9,14.1,42.0
8a27647dc5f71b1eda4620983e89334c,112.0,18.88,130.88
8a3756b420f3c23e6537a19e9d61a102,42.99,15.1,58.09
8a40025b51fa72583cc8d0fa95439181,252.0,43.79,295.79
8a52017e0f9d904528367d756eb6d4f9,103.99,15.49,119.47999999999999
8a54c9464b6ee0a6fe3502c6a6547eca,135.0,13.97,148.97
8a5cd94263594dcb4815688e9f4b3618,29.5,13.08,42.58
8a667bf7baec5286ad76d81facdc85e5,179.9,13.6,193.5
8a690db6867c58d3ed896a9a2127746b,110.0,18.02,128.02
8a6b8c7658bafc61e02ea8982ffa1d4e,469.9,51.81,521.71
8a6d1317935fc8ba385da595dd3bf2be,110.0,14.53,124.53
8a784d47854e4cbc5562362393d504db,9.9,8.72,18.62
8a9ac22fb6bfbcd5b5a0e0f111fc7b04,83.49,8.33,91.82
8a9dffcf22392c73f48cc12ad332af30,79.99,19.15,99.13999999999999
8aa9f9fb8d016c8abd90a65dcd7f2ab6,20.0,10.96,30.96
8ab698a9cb0d97ba97d4626a7534273e,259.9,24.14,284.03999999999996
8ac5066a163c60c1ae9bf17200df3dd1,149.8,30.54,180.34
8ac915a1f508baa87e8fc8d596aa6fc1,26.9,14.11,41.01
8acd3c67960fe58a4eeed4d38cb3d578,89.9,15.38,105.28
8ad14ad7dd26465b377d99c9e26eb76f,159.9,28.5,188.4
8ad3ff8de0c9473f99616e4dd7bfe7fb,55.0,7.65,62.65
8ad883016b6266c5cbbface4f5e4ecab,75.0,27.0,102.0
8add64b3a0b9b64eba32b4274ca5fb8a,74.99,12.02,87.00999999999999
8af5834451865606adcc31b165d6ae54,790.0,49.769999999999996,839.77
8af74b9528c1d75ba1b3e3dd0af6e9c0,119.99,25.68,145.67
8afd15d26436c60441bf3ee71d2a91a8,41.9,17.92,59.82
8b13155a6866a0c319ec1748f40f277f,30.9,15.1,46.0
8b1386c62489fa3207c75cddb43f7e5d,29.9,8.29,38.19
8b19f852c0580c73cd463337086a312f,199.0,12.0,211.0
8b1a9c54d1ba09cc40591511d388d286,89.9,17.88,107.78
8b3c2785144e72ccba9b0213f0f1cd1e,35.9,16.11,52.01
8b426ff8aa1c03dc173f1270133b408e,161.04000000000002,25.8,186.84000000000003
8b531c937807bb67b6cfb0afa1be6ee3,141.98,22.3,164.28
8b5a2d60eee784b4c2f3c6d1f6e8811c,89.3,25.91,115.21
8b6746478f6b44e7b76097d1c2f4dbe6,83.56,44.68,128.24
8b72430bb2678c2def7327ce1217b2b4,314.70000000000005,70.98,385.68000000000006
8b79235214c377ff89c61ab4667f404f,170.0,21.68,191.68
8b83e402930da5b2e9bc93a69dbdf5ac,39.9,19.04,58.94
8b88af6ab4bcba779184de098d66c9e7,69.9,12.83,82.73
8b9c6ff3e8b2603f52a401024523d642,119.9,13.86,133.76
8bbbef97d763f4dcf2e12cc5b5e0cee6,106.9,47.8,154.7
8bc4e989df64f2d8c2381c9718a0f963,79.9,19.75,99.65
8be0ba0be22f6202ca47271c05e5d915,78.0,18.12,96.12
8bfcb216f3d8db5340f681b06b710f37,56.0,18.69,74.69
8c0819345572d0da947e64bfdf38e3d2,39.9,17.19,57.09
8c0cf4e06747b0264127ced0718f8fe2,10.8,7.87,18.67
8c2b7afd2cfc8fe9a8570263718ad09b,29.99,7.78,37.769999999999996
8c2c2b26ae4677e7457b0daaea13a8d3,89.4,28.2,117.60000000000001
8c389c12aa23b689926d20a01729206d,79.0,14.64,93.64
8c4cdabda1d5bb51b03c8f034de4cd32,55.0,14.56,69.56
8c6a3fab1ed272b02f23bb7dc9061d9a,14.3,18.23,32.53
8c7567ec8e551d23654888754fef5e3d,65.99,11.96,77.94999999999999
8c7743df5e89b7178ace0e9b7afe5208,95.0,13.33,108.33
8c7aba5d415316a216626dfdc9e5aa42,66.3,15.34,81.64
8c7b47a875c412c4303eefc88e9d92c9,29.0,14.1,43.1
8c7dfc8db40e356b09b711d9382eb60e,23.99,11.85,35.839999999999996
8c96e8114dc36ac1a6e1524a8ad514de,13.65,15.1,28.75
8caa77ff40d44d6d22eb8b3079c3c324,499.99,21.38,521.37
8cbb6ada60ae90f4d6f76d2a7bb5e085,99.0,56.99,155.99
8ccbe46ffeae4720eba99d2d2de07542,16.9,11.85,28.75
8ccf9f0aa61387140e1e58cff856f9e3,254.9,15.95,270.85
8cd59737a938a31e140272aabb715543,49.9,7.61,57.51
8ce09fabe89667119f813bcaa531e675,7.5,7.39,14.89
8cf2872446567a22b4bf3c3b713f6f8b,179.8,35.76,215.56
8cf69b251bfcd650555347d7752a3625,15.99,38.64,54.63
8cf92fdbb4f10ea12f1dc018a35aa8c0,48.9,9.26,58.16
8cfb75065f0afb476ac735606878a893,180.0,16.14,196.14
8cfc6624adef5f59e3ddd7167bc07107,13.65,14.1,27.75
8d0584fef2164e00c8eb23abbdd87ef7,69.9,8.11,78.01
8d1177e3fcee9f6f1985cc468d87a7d1,65.9,28.86,94.76
8d29abe41d9157240194d0210b529771,59.9,16.18,76.08
8d42bc7cf9914679406f48db0e05e571,54.9,27.76,82.66
8d5af908ce8ffa721a9f665abb660200,48.9,15.1,64.0
8d684f38cd1edd267da04f1d65ec5eff,25.0,8.72,33.72
8d69a304424d2948038f16d6a73209ae,120.0,19.81,139.81
8d6eaa2fc5ee20e42dffdaf355b260df,49.0,7.39,56.39
8d74231228bdbc2e89fc0125abfc1c87,239.0,17.43,256.43
8d771479430ddcc5431d2ef4aa207204,69.9,16.25,86.15
8d8643b7344d206920590efda8cc5cb7,299.0,17.85,316.85
8d9bd5e3d8b2ac2fa02f79f8dd382db0,89.9,16.88,106.78
8da3063f18b30c590bab1b8d083b03fd,58.99,17.66,76.65
8daaa9e99d60fbba579cc1c3e3bfae01,16.8,9.27,26.07
8dab68fdbfe5d3e83b1ddc4fccde01cd,54.16,17.63,71.78999999999999
8dacd1da7c4dc40d5c59e7ddd93b3ac8,74.99,19.21,94.19999999999999
8dae9d1421512248b0b7113ec0d7554a,29.99,22.85,52.84
8dd1e8dc5df5298f67ade481b8b652c8,20.3,15.1,35.4
8dd77e1eb85a144a90a50d1a813bf84a,79.99,9.37,89.36
8de1aae5083a3fd8914d84cfcf07dbbd,114.0,15.56,129.56
8dea586c46b239e29ba83efef7e28ec2,271.0,22.39,293.39
8dede9c6014be218c3fce9a53dd44214,39.9,15.1,55.0
8df1c9e7f86ebc2ba79b482f5275ed6f,79.0,24.86,103.86
8df2feeda535c3b57a1e8fd9bbb9e95c,23.99,15.1,39.089999999999996
8df8c3199fb229a1472b0a47e3b106ae,62.9,8.88,71.78
8e013dae97f228e06604de7385cdb043,289.0,16.77,305.77
8e029d51bb988ddd1e92385dce8de59a,411.0,21.18,432.18
8e084e8efad16f27d7f26e71af985ce2,139.89000000000001,41.51,181.4
8e0ace07f58e07d34ada126b1de0d6a1,79.9,9.77,89.67
8e111be7da8066764ce7894bc1623c69,55.5,13.05,68.55
8e17072ec97ce29f0e1f111e598b0c85,40.0,19.32,59.32
8e1ded141534096603108f1ee5c27735,19.9,7.78,27.68
8e350e1e4254bd7c68913b98bde7d3a7,179.8,30.76,210.56
8e39302e6b4d08eec0f5a5ac3274f338,1514.3,74.62,1588.92
8e3e95c75ca8b9168011d70008721a8e,149.9,25.18,175.08
8e47346bc3dea2d181257a36606bd522,24.99,15.1,40.089999999999996
8e568e54d86a184f57025de47a359ad8,89.9,12.33,102.23
8e573d30402e9b57443d6dd90ab0262f,279.9,17.68,297.58
8e5a0e7475967e4bc50f2ecc4e4f26d8,169.9,18.99,188.89000000000001
8e5eafb4c60eec3b291d9703cca5157f,13.9,11.85,25.75
8e5f329bbfeedab5a25b115446d23d4c,49.0,17.67,66.67
8e60a511ac30aacb9ded963801a906af,159.8,38.58,198.38
8e642de08fc40170f87db3c976ba2dd2,199.8,35.9,235.70000000000002
8e6560f082c82cd950eaeb5dabcbeea6,19.99,15.1,35.089999999999996
8e6e7d37d25c7e66e66f8be5a34da04d,139.0,32.77,171.77
8e7c4bc6f83390fd197e3494442f1925,83.9,9.34,93.24000000000001
8e80c9ae33f2cff714311666eb2e71b1,148.9,33.23,182.13
8e8f8ef29c78c7b9c98cac70dd331ce2,1020.0,182.64000000000001,1202.64
8e96b8e465f71da5a9cde973c3a8d726,279.8,34.46,314.26
8ea7aebc18842332aad5f41ca74b334c,2589.0,32.29,2621.29
8eaff5985d99ef7dd4578cbdc31b430f,104.9,19.32,124.22
8eb3ea8875ea46e1d2631a59a278e059,56.99,17.0,73.99000000000001
8ec29b681fd22a8225b16acff79330a0,129.9,63.19,193.09
8ed33ce2fa4294f5f8d8967467a26b23,49.8,14.78,64.58
8eddde296db4009f424c7a91011b7be0,96.8,69.83,166.63
8ee4362f8dfc794ac7cb9b309b4a87b3,99.0,25.53,124.53
8ee5be155201411ad345c45727c600d4,19.9,17.06,36.959999999999994
8ee6bf77ff42839762f8907348ea50a6,24.9,14.1,39.0
8ef17147aad160f7780239dcf0acb400,80.0,26.74,106.74
8ef805f6b95cf7f7e95c49e91050920a,149.0,18.61,167.61
8f003b284055ebd824f3f4b259a49045,57.89,10.29,68.18
8f0c341c40542ef2e5fee0d1ed7ba05b,59.0,14.16,73.16
8f0dec20d92d7f1c553d41ed603d57cf,49.9,21.15,71.05
8f0f01a6b1970e8f3c336a6b93b96d9c,6.8,19.32,26.12
8f1e5b3d65494dcad0fe81b2d61480b6,100.0,16.67,116.67
8f20a2bcde63b6e9b1d88a8b7bb9ca53,47.9,12.69,60.589999999999996
8f22b4b97d1fd2f187f3106ffb0021c4,130.0,33.78,163.78
8f32ee82ea0fe678bd4aae681f1637cc,229.99,14.16,244.15
8f35c9d6cb15b3bc14a4a88374c6d3d6,138.18,66.18,204.36
8f491cf3fabf128822544c78d73acfc3,59.9,17.67,77.57
8f50ea351cdf971144474e5a4aef9dd4,29.9,8.11,38.01
8f5fac100b291e3c7c7c34ca50001b5a,6.84,7.78,14.620000000000001
8f666421a7087098ff93d80f26e0bd6d,29.9,12.48,42.379999999999995
8f696262d8132fbdbce8c529808084dc,92.9,16.33,109.23
8f69c5872bca5b495397ff0a5d681219,120.0,22.169999999999998,142.17
8f6dccb4b483eca3ba0237c1db35fd0c,200.0,52.8,252.8
8f81186474a3ea634c707a15814fa1ce,138.0,30.72,168.72
8f82cbff74ca9eba2273adac86c08a2d,35.9,12.48,48.379999999999995
8f872e715d0dc90d10e7315809cdd49a,39.6,15.1,54.7
8fa4922556e8eec12e5679c289fccf51,79.9,13.58,93.48
8facdb9134d16bc7c0e49628ad6c58ac,79.9,28.96,108.86000000000001
8fc875584ecf1bbea7cc5e895d4ece6a,89.9,12.76,102.66000000000001
8ff1992743a7f3a6daffc9ec9db05cbc,259.0,16.56,275.56
8ff5ec04a3f395979b2371a0a9ef4136,103.8,17.98,121.78
8ff63166365b5335a836e2e7be70eeea,47.99,16.11,64.1
90024aa5d3878db3667cb0ece7f1aa08,89.99,15.25,105.24
90266667267c61999c7efdecc81f99f2,54.99,17.09,72.08
904122dde5546809eb8058e42e976ef1,198.9,67.76,266.66
90427548a7f9b99089d5449bdc44dbf4,19.99,7.78,27.77
9054fc68ad061d062b078986216388df,393.98,70.36,464.34000000000003
90656a29c767bd72285cc656d21c0d51,215.0,22.0,237.0
906a6b0a96d89ee226e4977e99b80b9e,79.9,12.06,91.96000000000001
90707a3b41e1c6cde0740f9754490e92,49.99,11.15,61.14
908c80ba9160e9d87007015b15aada39,59.9,25.29,85.19
908e192e4db399ba3df7c844bbafa304,259.9,15.57,275.46999999999997
908fe1b8b7e5ef073fc701112c902111,23.9,17.1,41.0
90996bb09488a7d314ecd6eb68f52451,41.78,45.86,87.64
90a1422a1f083e2c405dac4289980c69,67.0,14.05,81.05
90acf5654782a289ffd89f1759287595,29.9,15.79,45.69
90ae229a4addcfead792e2564554f09c,59.9,37.97,97.87
90b9f0f48e9c0c80521210df4cff137d,82.9,17.25,100.15
90bf0d006edb962cf09943bf3e4ad217,49.0,16.05,65.05
90de07e389ed6cd973ae93d5b36f159c,145.3,21.51,166.81
90e0a69423a77f36e6c01b0fb27b5826,151.0,15.23,166.23
9100fae7ed5a8787b6d4a9e50ffbf273,56.7,13.42,70.12
91021949691f50cf0608e62a2b5efb31,53.79,7.39,61.18
9105267b46613c2a2957fc8fb48ba1b5,66.99,19.16,86.14999999999999
9105a0f2573fc723a25f05db30a3117a,97.65,8.43,106.08000000000001
9105e733a6a8fcccf4fced822e1a67ae,89.9,12.58,102.48
911022dc32144d6899afd62e7fe0734e,84.65,7.78,92.43
91292acc131c233256e9a15bee217c53,90.0,8.37,98.37
91342c574ec0463ab295f7591d0fc8ac,75.0,12.03,87.03
9135c65d6b2718f079e23287d8459be2,110.32,7.64,117.96
913bdd24d2b82e7c7448df845b0cc62d,49.9,17.6,67.5
9142a3c29501af1e90aa7eea2a6949b3,115.52,18.38,133.9
914b6a66a8869f4e544071994451822b,93.0,18.22,111.22
9165d656c399c6eac7a6a00dd6e02e7f,139.8,30.38,170.18
916d528035e91b8200b31e89ea89bef9,56.99,8.72,65.71000000000001
91750e4d3d89e619cd557a6da400be06,45.9,15.56,61.46
91894a6bee2407fdec8f29441d75541e,29.9,15.11,45.01
91aaaf219275f612b65aa7eeee4e6cff,39.0,21.43,60.43
91be088e7093d68e9e8202a7e5d85269,88.0,26.7,114.7
91c52e15672343c61768b4d10597eea8,69.9,18.0,87.9
91ce7ca124af689166db5eeed6f67a58,34.95,11.85,46.800000000000004
91d95fd4dd24e83041031228370438b9,29.99,22.93,52.92
91e6838f3091d5ea8d82bc61a52b5d58,29.99,13.71,43.7
91f1ac61a8e729f0c88109ea99fef51d,31.9,15.1,47.0
91fbd38c414f6f3a3450d7e5aa6e10fa,190.0,12.53,202.53
91fcdc0357e6c76803fb5d654a0226a0,205.0,15.04,220.04
92008ae86d495f8b9098a932b499688e,145.8,18.0,163.8
9230c8324320aabb46dcfbc11da845aa,27.99,18.23,46.22
92448c700c5faeacccaf77cd0f5ebc68,49.99,7.39,57.38
927a6b1ef2d0f3d510b0aa14885919ff,119.99,12.04,132.03
9280325355a6fe53fe67ef8c3418b638,38.25,9.94,48.19
92a60576ef193ed1dedf55ae74b293f8,49.98,15.45,65.42999999999999
92acf87839903a94aeca0e5040d99acb,28.5,16.11,44.61
92c006b2d334e2c603a6569c2a4ce53f,8.43,11.85,20.28
92c15142e314731cebdb5b1cd25962ac,9.99,7.78,17.77
92c735f4e752b94e7ba2fbebda5f4027,33.0,8.98,41.980000000000004
92e3b708c3923190432db2b9fd006b44,49.99,15.1,65.09
92ef3140d9d92187a04b1bd643f32dc1,59.99,9.34,69.33
92fdf7b27f6a92bffb0984eba9ad6b78,53.9,10.13,64.03
93148127b5171218691072991e78bdbc,89.9,17.34,107.24000000000001
931fdd63ba701dba6def14b3655e0a32,84.99,16.35,101.34
932024863e3e5b0786812de5188d8ada,74.9,16.15,91.05000000000001
93240f6a90ae9889c692787235e66a0c,756.88,73.76,830.64
9327dfbb07028fce8769daa61e598891,38.98,15.76,54.739999999999995
933824572e25f2482e2b59e73b1c9858,89.6,15.73,105.33
933a5028e093e2ea1bf739b2844d3b2c,99.0,11.79,110.78999999999999
933b44007775d08defe992a330429cbb,8.9,18.23,27.130000000000003
933cae52f81a96867c679e5251c0a7c5,76.0,12.49,88.49
934fea5db039921610aa5438f5cee7f8,298.0,15.84,313.84
938de98c1b6d50724e3819cab940c36a,349.9,67.26,417.15999999999997
9392c5e72885ad5aba87e6223ca9838d,27.0,22.85,49.85
93a26c907f3cb027c20d10eb353ba175,49.9,14.1,64.0
93aa3771306828f17309cce989a90e5f,55.3,15.14,70.44
93b35affb86435b71ca01a6dd1eab2b1,113.94,35.94,149.88
93be3c680089cedbd7306a23dba47168,5.99,14.1,20.09
93cd78e1b92970d2a7e7251057f85153,33.8,28.2,62.0
93ce5dbe519fd117a153211be6475a39,41.89,12.43,54.32
93dfb14657b871cc1708647ef95f40f9,72.0,17.75,89.75
93f09cc1052604f96116493cbf93606b,93.6,8.82,102.41999999999999
93fac531a5d1aa75846d96103217e85b,29.9,17.6,47.5
93fba8d92f02aebd0882af7cb81bfcb8,30.21,17.6,47.81
9406240a4e41945ba492020a2702f757,135.82,25.22,161.04
940a542baeda1215a99a4fc39be706f1,59.9,14.58,74.48
94111a59e0311e2720ce96b0b8327eee,21.0,16.11,37.11
94153bbf95f273c5b6c342d2acc6d017,45.95,15.1,61.050000000000004
9419274d2366b746f60fce753c5a3618,100.99,23.51,124.5
941ebebbc2c3685498a892e2a29237c9,49.0,17.64,66.64
942a2811a7a6e202eec1790c6b69be88,190.32,13.46,203.78
9433f58821239b782c8861534af7e5bd,54.99,14.7,69.69
9438f6c0cf20659264fb0e46832b4da1,59.9,37.97,97.87
943dc313319b98a46f1aa70d59b68715,396.9,197.48,594.38
943f2c6249d63bbe967734f5ebaf0a07,29.89,15.1,44.99
9447715ad192d3c877e9dd56205c66dd,19.9,11.85,31.75
94578264250da91b85c8e37ad48468b8,99.99,11.32,111.31
945bbdd66669edb480ca9f0037ed11b0,65.99,25.74,91.72999999999999
945fb6d37a9ca75061ff8741ae8c19ab,241.1,31.53,272.63
949c2f6937345ac501a7eab23b97bf06,39.99,16.05,56.040000000000006
94a6ebbfa1179d1c4fcc0eef4e3f423c,119.9,26.12,146.02
94a71bedec852e752e86d530d03d6061,20.9,10.96,31.86
94aba2a37911fff127097b56d60fd1b5,250.0,28.19,278.19
94ca38619d7e64f94facac403a99682d,118.98,38.88,157.86
94cb2dc75a318daa6b70375697c4d3ed,119.9,15.59,135.49
94d97c26cd5ca2a98749be9e672b44d4,92.42,17.9,110.32
94e8d839953377c0025c4596afec9cc8,56.99,17.65,74.64
94f522c26f2681ad053b999e34e7b317,193.9,16.11,210.01
94faf92860aca2dd583802d6673fd794,320.7,107.23,427.93
94fcdee942970d335d394f37a3b23ada,179.0,90.12,269.12
950f0e1bdbb03fb26f76d3373ad70e54,142.9,14.02,156.92000000000002
95123e166ec553efe0364686f36d5ac4,89.9,13.07,102.97
95287574a39117622fd74f06cadf5eae,56.99,21.2,78.19
95287dc5df93f25b90309d5acddbe02e,34.3,18.34,52.64
953501839cfe2990297454e7e7bf158d,49.0,17.67,66.67
954aa85181d13fc9199de72bf883168c,24.99,7.39,32.379999999999995
9562b424b05978a493db2a5122ecab1f,46.99,12.69,59.68
9576a9f6ff95799162bcc6559622eedc,70.9,17.75,88.65
9579eb9e9bead64bf62f5167da64fab2,39.99,9.34,49.33
959505aeccc35d003ab580410022f433,105.0,18.54,123.53999999999999
95a1df36f1ae09c33e97d8e7ffd71273,50.0,9.34,59.34
95b898c9e7cf03e527bd45abe58a4d55,154.99,14.83,169.82000000000002
95cf9f239f724799131f7ca949209bd9,89.49,8.39,97.88
95e7f49dc56e12097c265c45527a3941,37.99,12.69,50.68
95edd52b3452d4069b0fbc8056f01daa,40.0,7.39,47.39
95efc26128229ac33bfc67d4fce8fa28,49.9,17.63,67.53
95f5c913e50f7b1edfe05e8a38ba88d4,83.9,12.72,96.62
95f9d289eb0d1034066dbe1638e696f7,39.9,7.78,47.68
95fd03e2237bc14cf9c1b6d6abd6ae93,28.9,15.1,44.0
960191fcb6e80a09e5060e382e0046b8,45.9,16.79,62.69
9605975885973e23e8aa9d1a8d3e81bb,109.97,61.51,171.48
961430048597ac74ad88e6aa0796df23,50.9,12.7,63.599999999999994
9621eafd687a505c4f065d9181331a48,69.9,20.98,90.88000000000001
96252dd234004b6e9d4dc740779742a8,29.9,9.26,39.16
962d15facd986392ded1944582624593,18.99,7.78,26.77
96402b1c3c1c2d9a3dc09966eedbd0fc,32.99,7.78,40.77
964937fd838e5fb7488cf417d7b60747,59.9,13.0,72.9
964d7960d6a2fad0dbe19f9365bfac2d,134.99,13.61,148.60000000000002
96521e809c9baf75bf1a6881d39e0d8e,458.0,116.54,574.54
96579b3ca52d82b041b4fc2be5ffb7a9,49.95,11.85,61.800000000000004
9698ef73f56e1b499f56bf40ef93b0a0,45.91,13.37,59.279999999999994
96b2e80dae1e727fd9f346aeb278d1fc,89.9,35.95,125.85000000000001
96c0941a87f12624bbaa976c3cb81ca2,15.0,18.23,33.230000000000004
96c1db24eb404d9ef6d36ea064240fed,13.98,15.1,29.08
96caea89f911608c4d05f012e3c4efa9,349.9,19.7,369.59999999999997
96cc19379b58b51d6cae968d286bba81,160.0,27.36,187.36
96cf4805d2e98446035e05b0874255bb,12.99,15.1,28.09
96d4aa53586046965c471164413b37cd,59.0,16.17,75.17
96dad13c399dce9663d3bd03e84cea2b,59.99,35.74,95.73
96e46ea85cec2195f5ba671b9b319c81,110.0,14.53,124.53
96f5be02bc9ffc589f3274500a64a7e2,139.94,30.82,170.76
97012c3a032fb57d51f04669419f5a49,151.9,27.14,179.04000000000002
971602526032659f775bbbe5b9142179,215.0,36.64,251.64
97190f1266ff922bc8bab1fde79fbec0,199.9,21.89,221.79000000000002
971edb451cad61fd96ae029b1248938e,15.6,14.1,29.7
9725a1c59138f30c5dba936ca3a2de34,89.99,18.0,107.99
9735a2f9279006018ed254377240bf4c,29.8,30.2,60.0
973f8af1ff32939821869513562a0978,259.99,84.52,344.51
97479dca48e26f93b2d370551d4603c5,159.9,21.61,181.51
9760a853206ee0cabbd18c7449b4edb2,111.8,49.22,161.01999999999998
976ae700312f21035d33bc46158131e8,16.3,15.1,31.4
9788e1264a6ffeed8da515914c103b70,24.99,15.79,40.78
9792e6669ba4f0e23d84a9ac8af2a423,63.99,7.78,71.77
979440acde78c7c04e8c8a92f2bc8ada,39.9,14.52,54.42
97a046d5a9aba90849e4279fdd014fb9,45.95,10.96,56.910000000000004
97a0c3698151724b828f425d511d224c,119.0,39.43,158.43
97a3784af9d034ddf29b8a15f7a2faa9,110.0,23.76,133.76
97a7c1a54e3b84c6e2a2208198f48393,129.9,13.93,143.83
97aa1a479681efe192bf39d259cd2b94,219.0,24.07,243.07
97aeae7e7b1d8a32cf3f26c3946eab1d,178.99,19.35,198.34
97b4d83323a5917d5df6ff4581daaaec,53.0,50.76,103.75999999999999
97c111c4f22dfa1089a9c0b5338dcc79,27.9,16.11,44.01
97c5a4acc0915c5bd17e5a3256693ef6,38.9,18.37,57.269999999999996
97c8ca945a49dec599920c3fd2ed0a55,170.1,21.68,191.78
97d03d6144f96be066dcfb67ba92f4c5,61.9,15.18,77.08
97d6279a91ffe03ed63041acff508488,107.8,0.0,107.8
97d8971fa48ff1a5146f0bab9124382c,209.70000000000002,164.97,374.67
97f95535ada31d6fa853230e815ee4e3,25.49,17.06,42.55
9804b55805c8c19afdf0e9af3e494a0b,72.9,24.64,97.54
982220161ff9c42b0027046477302c9b,70.0,7.78,77.78
9827e4903ee46ce7cb6f926533a82abc,73.02,16.48,89.5
982c51d6339b46194f28cd465e72e740,14.49,18.23,32.72
982fdef4d624e5de5ab3906bee28fba6,59.9,14.13,74.03
9835adc5025c5e457d80894eb4f3ed4a,319.0,21.09,340.09
984b006a1482a4e7916421a663b1e800,103.99,22.0,125.99
984c8458b4e17a487d85b16c9ce0f00c,129.0,14.99,143.99
984d4e0bbcbf4680816e91b76477a8d1,22.32,15.26,37.58
98567268fada7e240bf12be972e03a19,11.99,10.96,22.950000000000003
9878f33f592676d910a779d534fe5024,199.9,34.94,234.84
987cfe3348684fc007a1e9a4825eadb4,109.8,28.94,138.74
987d15d9243956e5c58e1f2bfeeea98c,169.9,19.78,189.68
98877a509c8d712beb65e2713e61832b,139.8,39.46,179.26000000000002
989771e34a670ec77e1f406c05ce66b2,144.77,18.26,163.03
9899f511f5fad599e46683421fd9e6d3,56.99,7.78,64.77
989d4dc670329cd432f4345b25194cb9,85.94,25.58,111.52
98acbe0ec0c00e9baa6eb51e7c9f85cf,92.9,15.4,108.30000000000001
98b2c1f7a79d3a9b3c053ac187ca9ac3,24.99,8.4,33.39
98b737f8bd00d73d9f61f7344aadf717,246.62,37.05,283.67
98c977c116f7779360e9fecffd3860b6,34.0,9.34,43.34
9903cc5e1e454aaf33a898f173808285,24.99,7.39,32.379999999999995
99044ba4cee09a5fd69a8c9a25599f55,117.0,19.79,136.79
99137bc9ba1f9cc74ae549cefc759b7d,149.9,23.92,173.82
99154e0d0a403c1c7dc3f38886f6776b,31.8,28.2,60.0
992d2942e83c306157957d54bf84fa18,19.99,21.15,41.14
993700cc0c9685feb14c9aa73eafe294,396.0,57.76,453.76
9938a967279700714d16f4c8437390da,57.8,30.2,88.0
9941c14602ccbe66611b6a4b8fe01d99,136.0,36.72,172.72
997cd0cc21c4cc23cf4b07c4f53834db,128.8,34.26,163.06
9980064d9817bacc9e261e7f5fcf3fe5,129.9,15.66,145.56
9990874dbb760114a8bcadec87b20b2d,279.9,18.87,298.77
9996aad294da648f199033d51534f004,29.99,7.78,37.769999999999996
99ad3ef53ed8bbe225a2bdc5b92f4ea9,56.9,9.27,66.17
99ad7a7b313b87dfd41521dc1f70b657,189.0,18.71,207.71
99bd1b701f5689d68265a47f0b793d20,23.9,9.34,33.239999999999995
99ca8b25a7b584ec1b48b0a857a9211b,79.8,30.46,110.25999999999999
99ced390cb3920dd78d289dcddfc6ce4,99.56,17.14,116.7
99e06bf542847322a117282cd1d42c9f,112.0,15.53,127.53
99e2a62484480920071ceb4d04da5e17,24.9,22.93,47.83
99ed5bfea4c7e7191a2412698fc7abbb,13.9,16.05,29.950000000000003
9a0b40ce54455397568178b50178b29e,99.9,19.89,119.79
9a19e859f5bd7a0bb22d64d35fa8b979,17.9,11.85,29.75
9a2b443dc8e6673e4fc330b3ea033569,342.20000000000005,115.0,457.20000000000005
9a2e91dda30c4f2497618f2d8c181437,23.99,21.15,45.14
9a3492f3f18d2b5cf77e8ce369f84d80,12.88,18.23,31.11
9a3682ac52b77c26f1d7a700b59ed9f7,220.64,31.74,252.38
9a43b717c408493ff788aeb5d11d0684,89.9,16.26,106.16000000000001
9a71f055d972d1ebacec9df7376ff1e3,139.8,30.38,170.18
9a8cd6b0ac8e80fe4e72e9de1aee04cf,69.9,13.85,83.75
9a9958a5b85d3a8dc6b52dd8c79b516b,89.3,17.07,106.37
9abb2627b40ff1591e62553894e6b312,109.9,17.51,127.41000000000001
9ac6af8b99d3bac9717dfb60bfdaed60,43.9,20.26,64.16
9ac9cdfc539eaa872e8d0c652d660e6b,129.8,49.44,179.24
9add7e9338f3b8cac642ce405bb64655,399.99,193.78,593.77
9ae23540f2733800190476b85aa910cd,85.12,27.33,112.45
9aea3a72c2f44a11b792cc58320bed77,29.99,7.78,37.769999999999996
9aecb82bfe0db20de65127f00bbb158f,79.99,15.31,95.3
9afbd107ffa1b363cbdc3e81895dbdbb,57.8,11.9,69.7
9afd9ae98cb2fcc3bc5b893594ccf663,39.69,45.3,84.99
9b05dfd13ccb8d6f602035dfafa632fc,65.5,11.73,77.23
9b09d38304dcaca0cd68c1e70247ca62,149.9,21.89,171.79000000000002
9b0ca49107c50799985679a726bfd9f1,19.9,15.1,35.0
9b1936414d93398380f940b3f86edb5b,6.0,15.1,21.1
9b21580d9a140962daa66b493fa50248,69.99,23.29,93.28
9b24c8496d87684865617cdb3eff7065,151.99,25.9,177.89000000000001
9b284ead0b827957b9e9ee5f48128bd5,42.99,23.45,66.44
9b3d13c2644e10e20020ccd7f3d40534,56.99,8.72,65.71000000000001
9b41711934b43494976d4412d62deb1a,39.99,15.23,55.22
9b53b66ca7d27b4c0ccf5ba89af00bd0,99.9,17.27,117.17
9b5852495fdc959c8d7d069b3c328502,249.49,9.01,258.5
9b7130a90e8f2c23cba417fd1e9be425,56.9,9.27,66.17
9b75cdaf2d85857ef023980e15d01546,220.64,16.7,237.33999999999997
9b7b3384d7e404d642e930d87bd81984,25.2,11.85,37.05
9b897ee284874f0bfc0174e53c8ebcfb,40.9,22.22,63.12
9b8ac5a3f09f1af11380aa4451dc2ac4,186.4,20.48,206.88
9b91ddcbd6cbceb83d4fd2462ca1f95e,10.9,8.72,19.62
9bac85c16dd5e1a5836d8b0b9d8877df,89.99,15.39,105.38
9bd1b16f0da3ab4e8407a76b1d97be22,74.9,15.27,90.17
9bd594c78a30e73158b926233be0b6e5,295.0,20.17,315.17
9be1be195202b44bbdfb04466c070e76,75.0,14.48,89.48
9be2a464f1c3c6a07d0744db8972a9cc,24.5,26.89,51.39
9bf45ecba71e9121235e583ec3b824a3,70.0,27.0,97.0
9bf744c017456c82da8849a2c92bae84,183.9,43.46,227.36
9c020760091717505c5fae8c935f047c,320.0,20.12,340.12
9c0c12e4d0dc6b288f3e7755c791aa35,99.9,22.17,122.07000000000001
9c0edf679ee9524c3cded05020212ca3,129.0,17.38,146.38
9c2ee43dbe7a65d216e05e432da1f3c2,23.99,11.85,35.839999999999996
9c3ac80bb91312f5c23ffc1097c4ba7d,9.99,7.78,17.77
9c3baed00b2a9346c17579ea668f3029,39.0,7.78,46.78
9c54a1816e487456bb7eb5082b9823ff,68.9,17.22,86.12
9c571b5cc6003a7bf0a25cd54f225a1a,144.99,17.26,162.25
9c5b6f458d5e5f8e372c112f8b658af6,69.9,14.58,84.48
9c5bfba7de6a4abbb6ba0baab78d1622,205.0,26.27,231.27
9c5e0415bc4c4c089aa772c9387e0f8e,270.15,46.25,316.4
9c6aefa5cff43aaa6ab742a0dfc5c1cd,82.99,17.83,100.82
9c83e5ae8ff2b5cad999c3dc6129a888,9.9,7.78,17.68
9c893d6ab03661d6f07382306b4de688,77.9,35.9,113.80000000000001
9c8b1a249b8f2acf28a69ae5526256c5,13.99,7.78,21.77
9c8dea197b1aa3f75bf1baf53df41fd8,34.9,15.11,50.01
9c9353e8fd52f68f8442e580b5f2bba6,129.0,18.15,147.15
9c957591bcb898e6250cde437b938d95,134.99,13.61,148.60000000000002
9c96fac210f67f329b80d898001fee09,49.9,15.1,65.0
9c9c501f71dcf81d14d006826972733a,30.99,18.32,49.31
9c9d1799a0c105b12976da39ae431d1c,29.0,11.85,40.85
9c9de9ca209ab5a4f0b1e55730231247,183.0,35.78,218.78
9cb1a5b9af2fa27ca6a510f64245f869,181.55,12.77,194.32000000000002
9cb69ff0cd93cb4624576397135d5b52,29.75,22.14,51.89
9cc4dad72e909de2e179cbdf7a08d072,34.99,15.1,50.09
9cc8a145d8be894ab07cdbd8503c4887,255.0,16.54,271.54
9cd3b076bc5d4205fc15c0b23dfc78bb,49.9,17.63,67.53
9ce19d5b71288d9c2fbb7e5848d28d95,135.0,13.97,148.97
9ce8edfd64ca03e850463ed0b3d73de0,119.98,37.04,157.02
9ceb8ab5165cefecdddb546cb5a6362b,120.0,18.09,138.09
9cf2f823cb22dff0461c3e5419f0a016,89.9,11.24,101.14
9cf5e2afa7553fb777a59471a72cd2bc,69.0,26.56,95.56
9cf677fc6e42f8256b310109fe5f2333,99.8,32.22,132.01999999999998
9d021928d872dccba86ce3e5358c29c1,199.0,27.47,226.47
9d0516ad96d793d308cec3c5929ed649,179.98,101.0,280.98
9d0cec155db79a9147a0d80e5c7927c0,269.8,77.56,347.36
9d12e7d13379e3e2a600bfccb801604b,329.9,67.4,397.29999999999995
9d252a6e320b8830dde812ffd93b4a90,157.0,14.85,171.85
9d32c5c773eba34ff2453be229a53ca9,179.0,22.09,201.09
9d6e7e70e068602fa740fc3163cefd3b,250.0,62.49,312.49
9d704d006740088d815b14ccb103c4bd,169.9,19.07,188.97
9d70ddf4f9027ee7e5f0851c480d3fbe,39.8,15.56,55.36
9d71dfb3ebb4e219c2d5b658c31cc476,49.0,14.1,63.1
9d71ed3bdd31105ae9fff4690e74b78d,62.9,17.37,80.27
9d7737b250ca12ae1e89ef38f2e5d213,78.5,17.85,96.35
9d8a5f2bdee14c918feed8f8cae3cf94,149.0,20.23,169.23
9d9d6000cf3720974ab8da03bcc741c2,38.99,12.69,51.68
9d9f7fce2886a9587f0a42a1366a1392,15.99,17.78,33.77
9da8ef7171b203799d1fac783097c70d,73.0,18.39,91.39
9da99352a27f7bbe1fdbc9b036749172,109.99,57.44,167.43
9db26e22b48776e82e3c9e0b30f00a4d,303.6,25.12,328.72
9db5ceb6f107ae0944c19188c8869a03,599.99,12.55,612.54
9db84495f43c7c241929f3c0380dc27b,482.9,21.66,504.56
9dbaf3879dfddfc43171aaf9a9c0a82a,50.0,11.73,61.730000000000004
9dc032f4d0154877b3fdddff1324d5e8,130.0,18.49,148.49
9dc9cfe8dd61f0e37b0baa3043517059,26.0,16.11,42.11
9de125e032c8c74ccbcf9a5b7a3b4faa,27.9,14.1,42.0
9de76ec033b835610e97e8b8b78011d1,52.0,18.64,70.64
9e0e712546092840f5d209f6d4864f8e,205.0,18.14,223.14
9e119efc7690fb6c238eca967793fd34,34.0,17.17,51.17
9e1c6d5149a241963c2e3a2ddaba98a1,49.9,8.09,57.989999999999995
9e22fb4a47d29059ef9689ca8b26d8b3,156.97,56.709999999999994,213.68
9e3da6194f6653e6809404d0804dd069,89.9,15.38,105.28
9e47bdda0d32604c18e587c151278314,26.9,12.85,39.75
9e4b884a908c8fd41a0fbe60c53b58c2,167.84,31.92,199.76
9e4b90eef41ed5a85e2e2f8bef415075,13.65,7.39,21.04
9e677b4bbd5d55506d4d8f1e5182dcb9,22.2,10.96,33.16
9e6cda6c54e003fdcaea831eed747e88,29.9,18.23,48.129999999999995
9e6fa90618070716da24cbf8fa5261fa,105.0,25.57,130.57
9e7298f5bfed83404b628b69f965c94d,12.9,15.1,28.0
9e766b8cbac373f4795d99c05f57514c,10.0,18.23,28.23
9e7b9ace0373fca44197f8f406bb0169,359.9,19.77,379.66999999999996
9e89b029e7fb38004f9e2d3b4055610e,119.9,29.24,149.14000000000001
9e8bf3ebc81cc29ee6e934d95370e5bc,54.99,15.13,70.12
9e96437ba8e86960a08b46716ccd3244,160.55,31.87,192.42000000000002
9eb9610a7e3c04e7ab0298d704c383dc,29.9,12.48,42.379999999999995
9ed5fb43923ff520458d675521c4f9a7,52.64,34.17,86.81
9edb1acec4ceb154e425aa9248286f7e,144.9,27.99,172.89000000000001
9edb4a65f2f453139e9dba567889dc0e,26.0,16.11,42.11
9edc784457fc74368eeab9b7012495f0,91.5,12.77,104.27
9edcbab43a1784c6aa3737a7f2fb5dde,6.9,15.65,22.55
9eead354475b8b8fde3811f26b2599fc,128.0,36.04,164.04
9eefad52e5b37dc3e94fc823d63057b5,89.0,18.5,107.5
9ef921f5c09cf02012029e4660e4ddce,129.99,18.16,148.15
9eff67e8c9f0810c3ee0038f915a84de,34.9,16.79,51.69
9f076b87261e6c9894139da7d41eb02d,151.96,60.4,212.36
9f0e70e8d046d9e0626bbdaf1aff88c4,126.69,39.88,166.57
9f15e7cf61018edf0f17edb4c4d77b5b,47.49,11.73,59.22
9f181d637fd06f6468cec70121b8e160,122.99,15.61,138.6
9f2c1798fe24e69bf3317bc7b319c96c,59.21,15.25,74.46000000000001
9f3d413d603e92e1256f70cc2c0b4f85,20.9,8.88,29.78
9f47d2a87f425d871b3dafe4bc377b01,99.9,20.62,120.52000000000001
9f5539e7e62b26f49edf43566859bb44,89.9,15.38,105.28
9f5bd892aa4c461b116e5c163f16b40a,195.8,24.38,220.18
9f67054716b5806d7ecb46b0f309e5c3,39.0,15.1,54.1
9f711f8df6632759b268fe6b611ed87f,280.0,13.46,293.46
9f792c846e897702e89fb06829be1b0b,85.9,47.13,133.03
9f8bd7c72fac37bb250c3e3640e27050,41.5,15.23,56.730000000000004
9f98fbb9d688c4f3356987801b19286d,44.9,35.84,80.74000000000001
9fa682b62c67e0a25f6231443434828e,40.0,8.72,48.72
9fa7644baa5eef65cf160c3c71983e6f,156.99,56.38,213.37
9fafe6b668f5ea28dd3759326d76597a,45.9,16.25,62.15
9fb81511dfc1d6959ed1052930efd8a6,489.9,21.53,511.42999999999995
9fde8604e48e3fb51e7768a2c218b76c,9.9,15.1,25.0
9fdf7b5e959065e5c0d14fbc37b751d3,298.6,82.4,381.0
9fe28378e5a0c6b3f55ed7be6edf9ff4,336.0,121.82,457.82
9fe640ac4892a1b6b6088af42aa17d83,22.9,11.85,34.75
9ffb318d17153de8c18c817b99338e0a,29.99,7.47,37.46
a005841d24a8532b663e347f1237ba30,129.0,20.36,149.36
a006ea86ca084e35d8b24250d1321ef2,54.99,24.93,79.92
a009ada42a46d83328c627c1ffc57f56,44.9,16.11,61.01
a01a17ebb12ed7e8b1b4a02b79ad650f,34.3,8.11,42.41
a02db77e1f2b1eb32c2cf8793740843d,47.49,8.72,56.21
a04084799bcf2107344626146b5f70fe,17.0,16.32,33.32
a04995b6f39e30fbf244133abe9fd71c,69.9,14.24,84.14
a04e5564f7cbcf78fee1ccaab8d3b0f2,24.9,10.96,35.86
a05515a2b77ea6b669bd02c1694ea20e,38.0,11.85,49.85
a07c319b821b5707ba0b018c7ad63aef,49.95,11.85,61.800000000000004
a086251b34a5cee0b8f56c7de72dba72,99.9,16.33,116.23
a08f93229ff75ba67fbdc36e6ad7c5c7,230.0,30.73,260.73
a0a283cb8ba521d35c5a3fc3d9619be5,68.9,12.61,81.51
a0a7acfccad3bda2ede93beeaeaac876,155.0,15.29,170.29
a0ac0049119c70e88509f0c8e30564e8,29.99,14.51,44.5
a0ad7865ea22bbaa2f026e3aee583484,168.0,35.67,203.67000000000002
a0b49a0330e926df75d422934cc90cf8,254.9,27.06,281.96
a0d0d423de1812c8b269e6944e180e1f,104.0,12.73,116.73
a0d3f54307b8ea12232f5036ed0346ce,199.9,17.88,217.78
a0edce35ec325b10332d7806528e0dcc,49.95,12.69,62.64
a0f5fea75f554a37cc21f2db68319ce0,187.2,18.15,205.35
a0f6c7ae15be8d8d8a0bb051bd84313c,379.9,14.16,394.06
a1011d45b3b442fc2af90299beb134a2,251.8,39.88,291.68
a1015a6d1a3f742c8de8c7a3d0356f86,105.9,19.98,125.88000000000001
a1165481ec8e2c96688233954c7cfb7b,719.7,44.37,764.07
a1211febecce5b1f8faf9f5e533bd627,84.99,14.36,99.35
a124f3c8e5213835b392c8a30125a521,29.45,12.48,41.93
a1271d56297bed4beb42e16d758bf7e4,33.0,26.43,59.43
a129b99db0bdcd92c62d71279de0670c,783.6,75.76,859.36
a13566e1ef3931ee9fc63bc9903446bb,89.9,23.78,113.68
a147b97f47abbdb02f67ea00da442cd8,126.99,18.02,145.01
a15641400fbcb7ec727c8f5fcd9ae5f4,89.9,11.24,101.14
a15df161654da3f47c2984ffd7764920,60.0,18.0,78.0
a1616f9567a92892f6b048d6a64e85fe,9.9,15.1,25.0
a17308b84626455b4487b37d1d8e11af,42.0,13.47,55.47
a17af8e6044c5ccaa87b1d97559dc554,58.99,28.81,87.8
a18510dbe89fe5c4da9a9ceb4793fd4d,36.7,18.68,55.38
a19276c07c1ec9208f52e764a44acaa7,34.9,15.1,50.0
a1a6eadae352582010f449d8527b55f3,72.9,23.5,96.4
a1b21ec2261790512fee2636be05ae42,99.85,13.72,113.57
a1b57552891d32e63b959ed210edad44,139.99,33.26,173.25
a1b8aea9fd9e26a8644a65e1aaea8740,29.9,22.14,52.04
a1b97f7eccbf23999b9ab8845ea122ca,148.0,9.91,157.91
a1d50a1883814a31c8629adf354c1013,27.9,15.1,43.0
a1da6725143e50ad30af2c7856a4122b,147.99,12.06,160.05
a1dc31acde1a4fdecc6147fb567ebc1e,39.9,12.48,52.379999999999995
a1e6c98ad1716db91efc64d1bd0271bf,81.9,14.74,96.64
a1ed33176c9eddd31601c69dfabab37f,49.9,13.37,63.269999999999996
a1fa82769a203e30b8faf81cd32e5193,350.9,90.14999999999999,441.04999999999995
a2190a9035b404ef0f2156e0f0f06905,75.0,17.1,92.1
a2205579c150e20d06f7eb3755b475ad,18.99,15.1,34.089999999999996
a220ac2db42e26dbde74a77bb1a30bef,174.47,16.1,190.57
a229f8f10db36361d958831698ea6e68,120.99,11.46,132.45
a235dd3be106ba5b2ea4610274402898,284.9,9.25,294.15
a236ae70310b60403c3adac81f96d5e6,122.99,63.11,186.1
a2392ac22d661d26d7facf9ea5d6a5b8,117.3,26.96,144.26
a23d281315a434afd0b7bf492ce6a579,114.9,18.05,132.95000000000002
a24ea9c91abcc9f575f813eec32ef41e,150.0,26.16,176.16
a27544b4fea081b6353b05318c2d7944,269.5,72.35000000000001,341.85
a27942f622b629d0c6fcc5245689454e,69.9,16.15,86.05000000000001
a2860430c7bee71b1b90ffc78a95df6d,443.0,19.84,462.84
a28900d6db45f7fe7433f5fba72c30b8,21.99,18.23,40.22
a28ce0c52557b5cb81dac197086d476b,212.0,18.73,230.73
a29361cea3ac5ecb55cfc2c64b6c339a,278.99,50.59,329.58000000000004
a29af77084743dcf5b484cd0c19daa9b,89.0,34.42,123.42
a29bd6557706ccbbd2ef759fd491a67e,129.9,23.9,153.8
a29d9c2b5d06b98ba0b5eca57feec6ca,75.98,36.74,112.72
a2a0c616802ddf184bbf68107f4a9827,99.9,18.58,118.48
a2a1336bf769a76da801da42dd9f0ecc,399.0,38.65,437.65
a2aa0f43175b887d8c74e0c15811e9c5,414.0,72.44999999999999,486.45
a2ad11ea44d93d936c3189c9975fe062,150.0,14.16,164.16
a2c95702477a50387ec1b32968bd9d40,394.9,89.35,484.25
a2e3d71162779bb939a9e0a461226e64,24.9,8.92,33.82
a2f084633c53f198fb3ba4148fd4a148,22.99,16.6,39.59
a2f8f44bc77354a5f4e5bc4a14573d58,58.99,20.4,79.39
a2fdb1524c742eb62a4dd8e37588e9d2,195.9,14.39,210.29000000000002
a30cadd1758dccbec1ba83a6d672fd1c,187.2,24.11,211.31
a30cba7093267abeb0f8489d5c16c7af,74.69999999999999,54.300000000000004,129.0
a316607f76b8992b9ef01d8e7ee6933a,29.9,15.1,45.0
a323cb5c6d384a77b825dd05d1d3c843,36.9,17.6,54.5
a3266d5717615919b50f2d1f62d8c0a8,35.6,26.55,62.150000000000006
a33506544926e8200ef81a92ce3c3280,58.99,15.17,74.16
a3388b41c73884c10ac3d97882b683a0,117.0,12.32,129.32
a3476275102890bfa5129b85c78f3da1,75.9,19.39,95.29
a3680a328f9d1e30589963d953d29d61,99.9,13.72,113.62
a3757e2e2fc596f02ee3b55323c6a67c,49.0,15.1,64.1
a383762bd79949e1b34878460042cd23,39.98,48.96,88.94
a38aeb63e6290170677c4cf2ab4c0f7f,144.9,18.89,163.79000000000002
a395fd8fe6540a26c5b301e2607a1855,89.0,14.23,103.23
a3a38cd51c4d299f206bc73c6daaf2b9,401.7,50.89,452.59
a3a7ac8f07fa7b6b6d24e489a43b479d,99.0,21.14,120.14
a3b5d696f2dc3df83942f644beb879da,69.9,13.08,82.98
a3bb82a765bf828134959a50bdc5f8cc,15.99,9.34,25.33
a3df9ee0e0290b6eb2d3abb966d5346f,130.0,8.16,138.16
a3ef589d94a7dd3b117dc0e46c29d479,176.99,17.21,194.20000000000002
a3f048db7f6523ded5c260c1ea0bf007,159.53,26.46,185.99
a40edbe5d365b2950b82a2275a5b211a,28.99,18.23,47.22
a4163ebff79ff34a631c57d5350215ae,97.0,51.18,148.18
a4425e2bccba621150a07a685cf063be,83.98,27.74,111.72
a470178a33b34c1e9a3f2eaafff55763,56.0,11.89,67.89
a475f984a1a51c9e1f8a76e8a8e8b955,75.0,13.08,88.08
a476fb0537849039cb122034488f8ee4,23.9,17.1,41.0
a47bf2de96db0109440cc21208edcc4f,64.99,15.33,80.32
a48276e53f3d5d19890051a4f166a71a,49.9,12.35,62.25
a49eb42293ae3b9a95fec7071eec16f8,54.49,15.13,69.62
a4b276bd4a9eba543ec90cdf29a67308,69.9,9.34,79.24000000000001
a4b3883d938d54ee36ea65cdfc552255,85.0,16.35,101.35
a4b45ae5dd9fc64c6ad2093aa51dbc30,119.56,32.36,151.92000000000002
a4ca973673139ab4959c3af923191c91,329.9,19.59,349.48999999999995
a4cadd13645cb16e2e4252ee2e39dd80,59.9,21.22,81.12
a4d54099b02f1e3e36119e0417225d23,70.0,16.25,86.25
a4de5e12d0e969340cb9f32237c16772,15.0,18.23,33.230000000000004
a4e1330b19a4ac8c7b846ec56de79bfa,22.9,14.1,37.0
a4e16b2bbdbf7c2243d008dc4b9e46bf,29.0,7.39,36.39
a4e90af1c84c4455c7c4c65293ae2c78,97.8,23.48,121.28
a5002a450fa93774a5c3f26f67889bf9,65.99,11.96,77.94999999999999
a5066c35c39663d4e120a25aa960cf24,67.5,18.35,85.85
a50a23ee8e09f54388b66da19c633bc4,110.0,19.74,129.74
a512132380fbd3ae24feca8ee9512efa,119.8,39.32,159.12
a51972957a794d949aa4f39ca52249fc,5.99,16.79,22.78
a51f4405f3b693d1a66119867a849b15,49.9,7.39,57.29
a52afc640f675ddcbf056eb1e7967bc0,150.0,29.51,179.51
a52f0272f9150859ede915bb2eef1bf9,155.96,64.44,220.4
a53622dd658d57199cd7a1e677564385,83.9,15.35,99.25
a546163c0115aaba54fda7298ac1d55b,69.98,15.37,85.35000000000001
a5513b009a0b7d07504788dc524a70f5,31.9,8.11,40.01
a55b72ebbf51055b6c5b083edbf8bfa2,39.9,10.96,50.86
a567555641df2aefbf04d63d0edfb836,49.0,7.78,56.78
a5687fad50b2c6811e39e52523946210,56.97,16.16,73.13
a56e54593f2c7f2b10f69216a7265aa5,199.0,23.13,222.13
a56f9a0588c3c7aaaa93f193bd7c7cd3,105.0,48.96,153.96
a573cb4336fd3982959f7ddd2ec8724b,24.9,16.11,41.01
a58dce7bfbda8c2a9ea6744082fda9cc,239.99,22.17,262.16
a5a322511ad2f5a5296e865cd5c23abe,39.9,12.69,52.589999999999996
a5b36a263c9692d52e2243b9ef05c6d6,119.7,13.5,133.2
a5bd353b2ac215ebe5c34f03dcd5361f,18.99,18.23,37.22
a5ce51395d295fe2c816182f79c81866,172.5,9.37,181.87
a5d205e529f228488e3bfc34e1b4e7e9,259.9,26.66,286.56
a5d7086b3574973a5df31d93bf524039,79.9,15.44,95.34
a5e8a66d24ac5735531a3eaad092730f,129.98,23.71,153.69
a5f8439f1e560659a492608e370ecde2,193.0,39.19,232.19
a5fd46480530fe84051edbf96b8beb9c,151.9,17.97,169.87
a604a2a16f8f4829f66b913199557243,39.99,15.1,55.09
a6055e208086fe169c0a0f191b43445c,158.0,11.73,169.73
a60c9bf6dcdd39e9f1c10ae5ad77c24d,45.9,42.76,88.66
a60e21c021af3e8b42bf68b8683800ac,122.99,30.11,153.1
a610609ae68611c8fdb97f1002636127,79.9,13.0,92.9
a61122f2a4bb6c7479310694e0657167,12.99,8.72,21.71
a61d617fbe5bd006e40d3a0988fc844b,229.99,21.1,251.09
a62140d1eb99239dd849b909a48a0971,74.99,7.39,82.38
a625881421471d07433770992a93acab,72.0,32.43,104.43
a6264125a9c50827b115847d47c73a13,119.8,35.34,155.14
a62ca1ecd2ebb5a76f2df38e3024c324,28.82,19.32,48.14
a62d1c8ecd8c597d007fc79c5bb5f1c1,45.9,17.92,63.82
a62e5e820da4b79811ca945d941fff8b,269.0,8.75,277.75
a63a3d3aceb23878150f9186b9bed935,238.9,43.769999999999996,282.67
a6471477bb9173349168eecdc8871ed5,92.0,47.36,139.36
a648c61eff7741ba3ba3205ce0cc7630,79.9,13.92,93.82000000000001
a65820c7e4307f72117e77fce6be1074,119.0,12.33,131.33
a671fda2c37400a1c328ff9c7c492fe2,60.0,16.18,76.18
a67e0ff4ee0edd2ef3973d90080cb0dc,79.99,16.53,96.52
a67f04f0a3022835f86664a0070fe36e,68.0,15.23,83.23
a685d016c8a26f71a0bb67821070e398,84.9,14.36,99.26
a6885484f375e5b08eef9d9cac53af34,37.9,9.4,47.3
a68b3ae8450a14f9ba0cc1b53574af62,138.0,13.63,151.63
a68ec02f230006f4c1ed1fd0a64c23ca,152.0,13.26,165.26
a6a81ef0cba0e11e230b4d19a6e8c559,99.0,18.27,117.27
a6b1ef6078eba08fce9fdc3263d690c1,38.4,16.11,54.51
a6b4e78fd33ff998a908e7251bb769d1,205.0,18.14,223.14
a6b52290e2cab59e8e7c8382eef9e523,189.9,24.26,214.16
a6bb9d1aab3f3b84ce39c8164836fc87,79.99,9.31,89.3
a6cf11644446a2f66b35c06a3b61917a,70.0,15.37,85.37
a6d7b2808b32dae3b384222edb93efd0,17.9,8.88,26.78
a6e164bcfe0ced3f1ce18e4c42202820,72.9,16.27,89.17
a7014e8529a3c8fb841862e33476d9fe,109.99,17.51,127.5
a7076e7aba13de8b66d95a55811290ed,39.0,12.79,51.79
a711032f5b2df3b039238b1a273076b8,149.0,22.75,171.75
a721e26ff7bd0e11f75933623f5eb2d5,34.72,15.23,49.95
a72698cb5818851e1f19815692cf256b,89.9,12.13,102.03
a728ee4ebe3964a5a4ab8b0409eaabc1,358.9,18.27,377.16999999999996
a72d5b964207fa70e4ac5ce9efd33c96,59.9,16.18,76.08
a733dd756bea706319508beaf3873a3c,249.0,9.9,258.9
a742e3a941299687aed413c581a7dce9,39.9,8.27,48.17
a7440cf5201c30463ff889fd4a6088ff,135.0,17.51,152.51
a748ecf209b624243632301df6c0fb6b,29.4,8.11,37.51
a7507007d328f9469ed7384cbfc8f7a9,169.9,21.68,191.58
a761862f0091efb27d04d58ad23de019,369.0,18.83,387.83
a76390702d2f24f9e0d5ad3c5e9ec562,859.0,74.92,933.92
a767f123fcb9ebe4eea953349dfd5a81,99.0,23.19,122.19
a77696c7b42da1121205a92ddae7b5c7,32.9,7.45,40.35
a794d432d0990aa47220cda510a0a872,218.0,31.02,249.02
a79af87b8a7a623374f879412adc351e,169.0,45.59,214.59
a79c4dca347540e1263b2b750b92d8ab,135.9,18.2,154.1
a79e71cf3a8c8b52b0fe82c772927688,59.9,18.0,77.9
a7a0c8ebf2557ea4b30103fbff81e64d,249.0,19.31,268.31
a7a43f469c0d7bdb0a23a82db125aefa,39.0,15.1,54.1
a7a879d8b939a94c51efe626a61f3d59,69.0,8.64,77.64
a7adf8d0ab081caab51b96af34523e00,69.0,20.97,89.97
a7b52792324a5d54d8eb0277ab1f671c,147.9,15.79,163.69
a7d16178d0bd9c68a2ad17d3f7b15238,71.8,14.78,86.58
a7d69ce9d8cad8e7d9b48cbdfe236bff,12.0,7.39,19.39
a7dbcf5043158d6fa72859eead2f3d10,89.9,17.88,107.78
a7dde6878527f0d1731d370978ba2849,30.0,11.85,41.85
a7e2a9bcafab99efcc6c6c20523fa47d,29.99,7.78,37.769999999999996
a7e3fbb3111b4a3c0907fbfad7690ffd,599.0,67.68,666.6800000000001
a7e5d683186e663cbf2c4916de85afe1,79.0,17.8,96.8
a7f8e3b5e7e9f480a27e2f410e560e16,53.9,16.07,69.97
a80b9e4d406b12636bb0f6792cd1862d,34.9,9.34,44.239999999999995
a80fa61306ce8d33073362ede148e9ac,97.0,12.75,109.75
a8157021c43ddac1d78ba046ef2f48d8,55.0,15.15,70.15
a81be81673bee4a384c6b5468a606478,689.0,22.07,711.07
a81fe0bc00939872ea30dc8337874760,37.9,11.85,49.75
a8305d2dfd60042d6000b3de3bc533a3,60.0,14.18,74.18
a8324c7ec6b72c7978896a221606c93e,49.0,15.23,64.23
a8347ba04591f966205182a1c99c310e,46.0,16.11,62.11
a8364ce562b11418d525dc825099c431,28.49,15.1,43.589999999999996
a843db5b5fcf2b053e8ae0b87b02ffdc,160.0,19.0,179.0
a8517ad7dc98471e355ea5c971d3a6d0,119.9,9.58,129.48000000000002
a852cc31ae30e70e308d7e21bcc47990,10.9,7.39,18.29
a862fe780f3ed3292f7835882aad00b3,63.99,12.89,76.88
a878aea89f040852ba82d7366fb4360c,74.9,19.49,94.39
a8837bf09c5bd183b8c83204744e5a98,53.9,13.4,67.3
a8855ad9dbd6bd7a3fddd86f1ac4011b,53.9,17.63,71.53
a8881d1aba506278afbbafb1aca58b5e,149.99,15.81,165.8
a89773db642a632c5cf8534ce1a49b28,47.99,13.08,61.07
a8aa05063010ff66b802270e8bc9591c,22.81,13.37,36.18
a8ae22d68419abf4bbe92b7623b08657,53.9,0.0,53.9
a8b8b7289262a652bbc1c042766c97c8,29.9,16.05,45.95
a8bac9fbf4f824af91ea3ec34f454ae2,175.8,14.25,190.05
a8bbc485329f055ce3addabfbf8d4f86,85.0,15.34,100.34
a8c92467b395f106cc93c91b6eb782e1,174.9,30.26,205.16
a8cf68ff08fc00910fdb589e444e23b4,64.99,16.15,81.13999999999999
a8cf8e962c524adf2aaedc5a876d0ab6,148.9,18.87,167.77
a8db6b84057a7a3a8a38968f10853069,110.97,35.55,146.51999999999998
a8e71f90cc64f1bb855f48a020bb463a,79.8,8.91,88.71
a8eed0db5f225dedde3f0edcdf9ee3ed,71.0,13.08,84.08
a8eeef949a97362f253b5d6b9aa7b498,196.8,33.72,230.52
a8f412e6559ed350a64d8b9f2ecbcc84,299.99,51.97,351.96000000000004
a916a97323dee3f33707e4a752c22c9e,29.49,9.27,38.76
a92733241b636a8ffddd05c56714d32d,31.9,34.15,66.05
a92ba1a2eafba406c847277f7cc5911d,39.9,8.72,48.62
a92bb0beb3fd226d50671cf17587f289,90.0,44.339999999999996,134.34
a92da206ef6383c3faea2be21c673e5d,29.9,16.11,46.01
a947b36a514277825c11ad6c9bdf4b47,197.8,19.02,216.82000000000002
a94b9255b3c3ebd206b09a5625e39ea2,550.0,145.99,695.99
a94b962669c74fd01d87a94aefd3eeff,59.0,19.65,78.65
a951e33707c482b3162485996e1d0393,22.0,15.1,37.1
a96095e939ac89b2ee0975e7c5300a68,109.0,21.4,130.4
a96157730ca02d9de4c4e4ac2fc49f2c,125.0,21.36,146.36
a96610ab360d42a2e5335a3998b4718a,4799.0,151.34,4950.34
a96d80130c5b0907958c4cfeadb4bb8e,69.9,13.51,83.41000000000001
a979479c1af57af858b45dfd2d67ee04,39.9,12.69,52.589999999999996
a9903e12b56d3ec4c2de257bfe2cdc80,80.07,11.19,91.25999999999999
a9b8ca11d1c4f895787b4503f3772706,118.9,15.0,133.9
a9b929204be626d61a1d60d47e6b52bc,29.9,11.85,41.75
a9c2ab2568ed61706babd520ef82b9b2,45.5,16.79,62.29
a9c6c0298a1b91a7e66a387df066e225,65.0,12.89,77.89
a9c7a663695a09a7b9b9bf94bbd01121,155.0,15.84,170.84
a9d8070e7b21efa5414c183c918eb4d3,26.8,12.69,39.49
a9db785c3c219acb88a8a8c594045493,479.97,50.25,530.22
a9f2b777e3bef22265789c831c1bec2e,299.0,14.53,313.53
a9fb450008d4a94311a7288937b880e6,349.5,81.25,430.75
a9fc49d2e84da72c75e2fdb6311a221c,99.99,15.46,115.44999999999999
aa0c9cd6b1097927c4caae58b28e5361,78.98,39.48,118.46000000000001
aa16a9dc58c4e7ae9a0e55ddb47fff80,69.9,15.24,85.14
aa253701e17f4db9147a15539bcacfd2,22.0,12.79,34.79
aa26b333bebbd16d5bbc7a070574be08,29.9,11.85,41.75
aa2ae4efd578f1c304128a899e4d1a17,338.5,79.39,417.89
aa3e939d90791cb80173b38e4faf79a1,399.98,105.9,505.88
aa7565b87e9b5f1ecf8b8ea7f745899c,58.99,11.73,70.72
aa942d6c13162cf699a9ed59746af588,129.9,15.66,145.56
aa9c455b2d9888927e1b006b22980c5e,249.0,88.33,337.33
aa9f3738c923b9391c7e9c59eda6aad4,189.9,61.39,251.29000000000002
aa9f47b4e7c06b6c495bf26fff85bb17,59.9,13.0,72.9
aaa4688b6d2e4d20b2ffc6d97723ea63,59.99,16.18,76.17
aaab824b480222c061bba0fa4886308e,59.9,17.67,77.57
aab068ce8be8648dba3e07ee803db1d8,45.0,9.27,54.269999999999996
aab255ef2ea7066420316c7ae7094fe2,145.9,8.44,154.34
aac634f35cf463dc4251abaa15e604e7,49.0,22.06,71.06
aacbf13db267af0f239fc7ff5dd513ff,30.0,14.44,44.44
aad1f17a009853a69d204e2c5e58a11c,140.0,84.7,224.7
aad79b33466dbbe92bc7c1b9499ad365,152.8,17.32,170.12
aad7d7dacb681055d348e02842f0590b,17.5,15.1,32.6
aadd5a22c7d1dd16b1fe905a302d70e2,105.6,13.08,118.67999999999999
aade48c1fd0adef0f33df25f995d379c,112.0,19.75,131.75
aae35f8d7c5a9806060218e572d8370d,13.77,15.1,28.869999999999997
aae84f9096ee934bec7b48604a47e6e1,129.0,13.46,142.46
aae977c782835b108e46fa36a02dbe1f,149.9,21.54,171.44
aaeaacef40234696ca54078fe46acd5a,94.9,13.0,107.9
aaff827d79b2aca52ee986179a052077,34.9,16.79,51.69
ab010289ce552581dd007c7276d4e276,28.0,18.23,46.230000000000004
ab0c90a5da04e0132ea07c113bedec0d,50.9,26.62,77.52
ab1a06760db3f8bd369582042ab2cf03,99.8,32.22,132.01999999999998
ab2074b3788d9e68a23db714cbf70f9d,219.9,17.69,237.59
ab208b143122e9e71bd46dbe322baf85,19.83,12.8,32.629999999999995
ab3ef8ca43844d05e39ad47fc0bba7af,60.0,12.76,72.76
ab459ccd2e24ef6d6390517c8b9809a4,156.0,32.62,188.62
ab64dd52ffac216882def99c2768daec,99.9,17.95,117.85000000000001
ab6c2b531e877fad84a31aa845bc9345,84.89,15.34,100.23
ab6d1b0b8360c208b62852f53726f0e6,124.99,35.38,160.37
ab71e5dff0ed652f1559e1860391bd22,135.0,14.7,149.7
ab77be4cf9bf132ca4d82049e786e528,89.9,21.12,111.02000000000001
ab85b4f1004139c85b34c049131c8030,80.0,9.31,89.31
ab85e3c92c828eb802fd91345e45d92e,330.99,26.98,357.97
ab97ff9b268ca7e6f9f741cd843363e3,69.0,16.25,85.25
aba2813708fd104d3fa9f14fde9cd30f,49.0,11.85,60.85
abb73303c54ebbdc9aa8eedc2e709572,48.0,18.23,66.23
abbd44be67f3cad08ffac14daf36af60,34.23,17.92,52.15
abbfe78fd05873101e792fa04bbad963,205.0,28.28,233.28
abdc9f9aa061ebb21dc2ff3e37000ea2,21.9,16.79,38.69
abe1f28ecc30a29b9c57069511cf1464,59.9,11.73,71.63
abef8b5d0f7fa066c7473db7d650c870,399.6,53.12,452.72
abefedeaf61ad043302fe9d2837a9772,109.98,35.9,145.88
abfb34ed11820c7247adfb30fe5bb7ae,349.9,21.15,371.04999999999995
ac00b2ff2ee93f4ac33b64cd6b656ab4,65.0,15.2,80.2
ac086c46cd97732d9bbef84d3e0d3c43,89.9,21.08,110.98
ac08c0b67890296c7c7c10f34b81eea4,72.0,16.94,88.94
ac16c676637c6d6dfb72fb3dc92c658a,69.99,17.74,87.72999999999999
ac1e2ddaa8a97a982f9e3bf625bca0b0,19.55,7.39,26.94
ac416b71ffbc5fbfe4b5cea8a05b0d4d,120.0,8.1,128.1
ac48e79befd4d8cbfb58047dde3e43cf,358.79999999999995,138.0,496.79999999999995
ac58bda50dfac642d4f72dbf95a1c179,25.9,21.15,47.05
ac65ff1f59ff445000702d333af9e1d1,285.0,80.25,365.25
ac6e61336e852cdc45fe59ada3763a66,263.92,14.87,278.79
ac6f2372fee2d8b5f63bd2387aa26a28,119.9,9.59,129.49
ac727692880897a9669ed0921296db75,349.9,29.3,379.2
ac7a92560a9e99f0a0ab4988102f491b,89.99,17.88,107.86999999999999
ac7e043e7f3ef81cfd073dbaa2f248ac,35.9,16.11,52.01
ac9c24587cf6cf6fc0276576b9e95cc6,310.0,46.63,356.63
aca33246293a698b982644421ce2170c,510.0,48.74,558.74
acafc483caca0c28cef0ad651d6bb9fc,521.81,31.900000000000002,553.7099999999999
acb08a83f62cfd54a98e76c21cd268fd,19.9,21.15,41.05
acbaf2e843c77c9749c79030163c8b81,13.3,15.1,28.4
acbd43df296646b7b242d1e25b18a646,235.9,49.06,284.96000000000004
acbe07f22f29ad7e5a78f30008cc6ec7,77.2,46.92,124.12
acd33d438aaea068c69712df3033e09b,88.0,11.82,99.82
acdcdde1b4bbffb38a57ec5992ab1934,18.9,18.23,37.129999999999995
ace21e63d47750bf1c9d30301b61db13,177.0,38.25,215.25
acee82e21828ddd887e48ad3afc6704e,88.99,99.65,188.64
ad005b5bdc8ec1f3085f0967211207d1,45.53,8.48,54.010000000000005
ad011a3e400b99be12aa7d90ceaba499,84.9,12.72,97.62
ad15d9b5c97ecfcbdffbd8148ef3e0a1,72.0,16.75,88.75
ad18be9bebe6d2b6b02b38f8da9e08d3,149.9,24.66,174.56
ad1b9aae3e8a03190849a015fd26429a,22.32,22.09,44.41
ad20d0dfe5b91c07df72dff0206aacd9,91.8,12.68,104.47999999999999
ad22d501d12b05b17afda08f06ce8bfd,19.0,18.23,37.230000000000004
ad3054bbcea42d1843d313b93d64d717,59.9,13.44,73.34
ad387b2b2e337348802ec4cd93bbadb0,13.7,7.78,21.48
ad40bc353ed6f8f975faf818439c7de1,52.9,18.47,71.37
ad4e4232930ccc325c9ff5017caf7486,105.0,17.21,122.21000000000001
ad55129ee505d7099cfa6fa9050bdec6,199.9,9.75,209.65
ad57f476bb2fef779bc42a032c512a23,49.0,17.67,66.67
ad5e4b37aefeac1f582990bd5f5097e8,17.87,16.79,34.66
ad62ce74c314772d34c956d73fb305f3,59.99,9.34,69.33
ad63b1036f777673118b46ace8ac9a27,419.0,24.86,443.86
ad71f559c9264f19bdacbc2062847e74,59.94,80.22,140.16
ad7d9326d258f80eb37b239345f12bab,139.9,36.3,176.2
ad810b94c2f3992f8c9ffd408af1e2c3,12.99,7.78,20.77
adaca9317c371ba7096be58316138384,379.8,48.52,428.32
adb1748adc3299b13377d760724388f8,28.99,15.1,44.089999999999996
adb5229ba2403ffab5e2b7cd6e33459e,19.99,7.78,27.77
adbac4b12d94ba3f3e7c47dfe548fc81,45.0,9.34,54.34
adbbe31eab3ec8799e71b8fd89956464,49.0,16.05,65.05
adbca6192a6df354651cfc657e0935db,155.0,18.34,173.34
adc2e339bbd0e2b9e09bfb524f284a4f,179.49,16.02,195.51000000000002
adc2f0c9fd838d820339f8220c1adf08,17.9,12.79,30.689999999999998
adc51b6b60ec7fe71a757fdf57f0e3b2,394.65,17.51,412.15999999999997
adcb2eeef370c9bf98f5d1e975397950,17.9,12.48,30.38
adcd0c83cc5c1885f8dfcf0f9db19481,160.0,15.88,175.88
add3e322151e47705826b60fbe20356f,10.9,15.1,26.0
addf1e910072af631c49adca7b07fbdd,46.0,24.17,70.17
adeaede19791cc3d2eb6f340a6249aa7,117.98,36.42,154.4
adfb144a67fa41dcd8a2b7685e40605b,199.0,18.64,217.64
ae00cdde0e6aeef54ffc9a826d1af282,269.0,17.18,286.18
ae11d192084ba3db24965f271590124d,249.0,16.49,265.49
ae120be8d03530006a9cdc011d8d09c4,20.0,17.63,37.629999999999995
ae16a4774354e48d2a9a8c43c685b30d,310.0,43.53,353.53
ae1b14b57f98fbf9a364b91093c93e40,29.9,16.4,46.3
ae33d9911d4d85073c77c28678de681c,239.99,27.3,267.29
ae348c74e571e34c44d0874b21087f71,85.97,14.33,100.3
ae3ed4faf84063e2cb305bc99cacf219,127.27,9.64,136.91
ae68c99e963e1694453bacc5db91513d,49.0,15.44,64.44
ae7c4721024efe600df6ac3fa7e52c58,241.1,22.7,263.8
ae8d2355c75c103cecb78b4b58ed7a9b,16.9,11.85,28.75
aea359f913e18f3bda3eb24a268b28f2,34.99,14.1,49.09
aea58826ab6af5bcec0ed22041b7dcfe,85.0,20.08,105.08
aea98a9d19779475e8dd3302d7eb5ff3,53.04,18.25,71.28999999999999
aeb656e39cc0a83dd545f079f099d7e7,289.0,20.99,309.99
aeb70ca14a984230b34a6cbf48fe6d8a,140.98,43.12,184.1
aebbdfa5636b87a2886bf445dfceeaf0,71.99,15.25,87.24
aec47b9987c836ffee2d7664b0929ec1,73.69999999999999,18.0,91.69999999999999
aee682982e18eb4714ce9f97b15af5e2,118.7,9.34,128.04
aeedca46099933fd8fd182a71b4f22c7,159.9,21.61,181.51
aef772050dbf72333f86812f5b2b7921,69.0,16.73,85.73
af006979017f225d80e49985aed847b3,99.0,34.46,133.46
af07804a2d53e8639954baf97fbf803a,176.99,17.21,194.20000000000002
af18c8b9b0890d5387074340f9d39cc7,35.9,23.4,59.3
af1ffd059ac0a5f3996b4fe6c2863116,416.5,30.44,446.94
af29f3d2878958723720a759676814e7,149.9,98.02,247.92000000000002
af3aee1b753d8f4570c9179f56824a1c,195.12,25.62,220.74
af4bc5e9bc2ad444c7d4e2fc8e45ebda,28.0,18.23,46.230000000000004
af4e2e186d1553f35c402a9e153f9444,249.99,37.07,287.06
af5d451462c41ba96112208443d3b4c7,359.0,17.95,376.95
af6e07a86cda553646ea0f7039453591,46.0,15.39,61.39
af74613502131dd6a43380df619a57ab,69.9,32.94,102.84
af7de7cc75eb2f7d0eff2e383eccf083,37.2,30.2,67.4
af7f16b96e01b9947638321949f672d5,129.9,20.47,150.37
af805f1566d654b87cb6d3505fc15114,69.49,16.25,85.74
af95d7a4f9643401325ec89b4f7f8afe,49.0,7.78,56.78
afb67c04593c89865f383745e2993cef,24.99,11.85,36.839999999999996
afbb859246fee92c1850a6e8bf1a9854,12.99,14.1,27.09
afbe0c76e58378669c3924e11182b02c,41.8,13.37,55.169999999999995
afc2b80ab67a5a0cf0d36422cd6409eb,18.95,13.47,32.42
afc5e76e5cc169a08cec884d98173efb,340.71,54.12,394.83
afc7e369fb66c82c25a30bf9f1958e21,79.0,17.8,96.8
afd09879ff7489d300d0ebeab6348e35,23.99,14.1,38.089999999999996
afd40c7db09c18759908ed9d6c66fa2a,63.8,13.57,77.37
afd71840756746edd2c71bd69b2e904e,27.4,15.1,42.5
afed4265a8b956d840bc032e54dfccd1,82.99,17.83,100.82
aff32ddeb1d4fcd7baa9d10d9b5941eb,59.85,15.18,75.03
b01274d5c860a9d33e0375e113051bd9,211.5,13.61,225.11
b01b7777b351f49d79288d7ea2f56ffb,59.99,9.34,69.33
b0220dd81253d8ca2c9dd8be8caf49b5,12.9,16.05,28.950000000000003
b0226a31a2297b13e23df75400c28d81,699.0,22.14,721.14
b02682757340133856bfb99145dd61cd,77.9,14.86,92.76
b031da90f1946edd12ee2587d53c667d,179.99,12.76,192.75
b041fef38844f3b487478d3c16c3ff90,59.9,17.67,77.57
b047dac5341ea96271595f661f547ede,69.9,39.42,109.32000000000001
b048658d074ad2c4863ea7021ddfe990,189.9,17.03,206.93
b052e6909e7bb217c24f5ac9225176bd,20.89,11.15,32.04
b05a481ceefdd66e3102bcb9549ad2de,299.0,37.0,336.0
b05c8cc769417646081f2cca46eb35a3,40.0,16.54,56.54
b062c88d0db22ff6a4e37c2df0f85333,109.9,38.32,148.22
b0645176abf1df25bb73ba0afcc20be3,21.99,11.85,33.839999999999996
b09109563f9a006540433672e92f5c13,152.2,23.14,175.33999999999997
b09b98cd6505e67b66c88ba47a602531,64.9,16.21,81.11000000000001
b0aab42458e44a4368d8e548c55f998a,29.99,15.23,45.22
b0b3dc7e3c7cdba072b4e086dc5c3cec,54.9,11.88,66.78
b0b54e4c452d66681d67e588398ecf7c,135.99,23.27,159.26000000000002
b0b83c41891bea98fddc70cb17441405,119.8,57.64,177.44
b0e07744a89c97ec7dc4be61ddf6a5ac,149.9,62.85,212.75
b0e9f35ef740c711cb29c8d779388062,9.0,11.85,20.85
b0ea6041ac66a83e6a8508f3954edf91,94.0,17.1,111.1
b0ea87e8402211c896c8d6b4b2001c7c,229.99,27.93,257.92
b0ee8cb0ccd868a2b5fd4b0f66bea08a,28.0,19.04,47.04
b0ff8ff92f8d916fa2e8005cd8e1a135,59.9,13.44,73.34
b10944098c8ae5130e647d08da104c38,54.9,18.26,73.16
b10b53f757455227e8b972cb1faba733,10.8,25.63,36.43
b11277967c91e971b81a787a51849320,196.6,83.84,280.44
b115422b830bf2840fccf6f0d6678ab2,65.0,15.38,80.38
b11a2fc0664cad475e2700523625a1e6,54.99,16.14,71.13
b12077e26b8a52d9944ab81e165e5a20,49.99,8.29,58.28
b12c008387c613526c4560e87f3f0dbf,109.9,18.66,128.56
b12e5d725658a4566286153c51727af2,8.9,11.85,20.75
b12e6c26723c864922c152d097c3e87e,104.9,16.49,121.39
b1321fb5bfd83cdb2ee746991c919284,21.9,7.87,29.77
b1461c8882153b5fe68307c46a506e39,35.9,9.27,45.17
b149acf7e57747cd966a1f1a11e98e05,220.64,15.28,235.92
b1526a2bd67c99a417bbd10df7904bb0,53.9,52.95,106.85
b154b6c273af25ad4864ee4dcf0e47b8,165.9,15.669999999999998,181.57
b15da40ece9d0f3c3440837babcb1a31,236.9,27.98,264.88
b165078f2983467c970fe55fe99967a3,69.9,13.08,82.98
b16a844a8a1b4998e1505f65a65d1e6a,109.80000000000001,37.68,147.48000000000002
b1746c7d13f52567b4cd6710249240c9,49.0,7.78,56.78
b18f96d97651133bd9a491945fa1d3bd,30.0,8.37,38.37
b191545cfb775e72c067683831bf4b0f,129.9,16.12,146.02
b19169c7cb8391fb8561e094d61c531a,86.69999999999999,42.33,129.02999999999997
b196564f2fd79a80ab1b31dd8ba4e4fb,254.9,19.66,274.56
b1980aff89e38cf1fd536ab4c04c7c68,149.99,40.38,190.37
b19f25f057ac96ff8c7746e9590989b3,63.14,16.2,79.34
b19f842d0b61315ace1d5428f07f7b98,29.0,7.78,36.78
b1b74907a120888550f895aca299e24b,40.0,16.6,56.6
b1baac8300bff141b743794ace31ffcc,129.9,14.68,144.58
b1bb317f7d7fdeefca25499d3e62cb48,24.88,14.52,39.4
b1ce066aa23dcefeebf1950f0da07bc7,120.0,13.18,133.18
b1e4c784d72d000802c113dc0d4420d0,28.38,16.11,44.489999999999995
b1e7caa2d22ccc061ebfed60acc21b34,255.0,15.54,270.54
b1fdceb28f70830d69114860d8b1175a,114.9,18.05,132.95000000000002
b20687804070fdfcbb7a183e9dd0cc1b,89.99,11.25,101.24
b2072c2ef2726db9126e404a9e486365,120.0,21.64,141.64
b209d9ebeffc9e2d9792355b594c5b25,55.0,11.89,66.89
b21e6bcd5267e76e22e29c178d43aff5,27.0,8.72,35.72
b2234f06bf32380ac04b30c21561efba,336.0,39.26,375.26
b22d5e326467a7e6ce236f3bc54bfde5,109.69999999999999,45.3,155.0
b23878b3e8eb4d25a158f57d96331b18,135.3,36.27,171.57000000000002
b239d7a386db8ffed15c72578e9d3cac,96.0,15.42,111.42
b240d7e249b17ae4e87e7fc8023378c0,14.49,7.87,22.36
b243fa91a6213ff97cc5ebdfb8e30a65,34.99,25.63,60.620000000000005
b2501eb5c292d415f52576b3d4b5de74,59.9,15.63,75.53
b2675dfd21a0a28ce21911879651b4d8,37.400000000000006,72.92,110.32000000000001
b26a79020606ef73722d450c8458f9c0,144.9,8.27,153.17000000000002
b26e3810d22f6c580f65bba31809c43a,317.0,35.76,352.76
b27251efdb174e33b4c62af317cdc06f,129.7,32.29,161.98999999999998
b27504af5e7290f1a8e28b74ac2a6981,16.49,18.23,34.72
b28d5be82c0088c66d57a28686db4e39,89.0,14.37,103.37
b28f0b71b3719fdab137d7263d469001,299.99,14.93,314.92
b29379bd37fb3341ad28686c0878a7a4,199.9,26.24,226.14000000000001
b2947cf9a8d3084369dfcbe9663dd545,38.0,12.93,50.93
b2966db1aadf7b21b86cbd1131855a68,169.0,21.23,190.23
b29cb9e8d3d9563d11aba58b276705d1,61.9,30.200000000000003,92.1
b2ae55d11609779855c398bc2bd74fd4,89.9,23.5,113.4
b2b7813f1cf4afc8e5728398618bbd7e,59.99,15.18,75.17
b2b8934746a9afa7b38c8c1f88268ecb,190.0,31.54,221.54
b2c82d183b4cba4fc52074fe9384150a,20.99,7.39,28.38
b2e21801242d20d3f1f17a2e99dbd5f7,19.99,15.1,35.089999999999996
b2f6d9c004d4df667af498c97106b8f1,163.0,15.89,178.89
b2fc720676930e0f9f3c1e472e8cddad,24.99,19.84,44.83
b30f6677ba659390857271ffd12c0d29,699.99,26.85,726.84
b3129a0debe3f118c75c249216364c82,180.0,24.06,204.06
b316b0217d77b6d04da5a3517a62461d,110.0,34.76,144.76
b319c42146aa1548b1e415a91dd13789,199.0,24.61,223.61
b325a4afad33f2c09ba50df161457bdc,129.9,8.67,138.57
b32d875309c45ab9e5217b42c8b9e070,49.9,17.6,67.5
b32fad437a7904a2ddcafb3f0d23fed3,209.0,17.9,226.9
b33ba27bcc778a34f2d46f4138302b14,106.08000000000001,49.56,155.64000000000001
b345a3528956237e1d8907b94d5e5829,22.99,12.69,35.68
b3514348dbf9b6aa45556bb03f2728a9,129.0,27.45,156.45
b36d9c84b0033e4366759f851db473a8,259.9,62.8,322.7
b37a7be6fbd41461b87deafd8b902cc6,185.0,25.6,210.6
b37a7e90838d63c38152d2f8c432a726,399.9,75.52,475.41999999999996
b3a8fd762c98dce0277b24a7dd8cdfbb,399.9,13.41,413.31
b3bb81a4fe1e47c62f92706ebdbf4e4b,22.99,16.11,39.099999999999994
b3c04e10f26d07b42c0a956f11eb18ff,380.0,28.69,408.69
b3e176098b9f9f6122d37fa3cb06279b,46.22,20.43,66.65
b3ea28aa962313ddcc7046e69e5ea094,29.99,7.78,37.769999999999996
b3fab805e1464e66b1cdeada30e954c6,119.9,17.09,136.99
b40e6b17c67577727373280e84a1219b,49.0,15.1,64.1
b41e372c4fbebabe98c8f611039981f3,24.9,10.96,35.86
b41f51ebf23530b00f69e5602f81a653,180.0,15.01,195.01
b42e0c99c693f666761672bdf283eefa,19.0,18.23,37.230000000000004
b4436efe3712c1bbce803adc1dc032d8,219.9,70.42,290.32
b45d11b61c2a68756bbbd7665d67e812,89.99,16.39,106.38
b4617485242633fa27f00e4f1a051e0a,38.97,45.33,84.3
b461e43868116fb81d1d91959ae5ea65,68.5,23.28,91.78
b46902d53ee0054d077220fefa87e7d5,63.36,15.65,79.01
b47cd76a21d19af864c8b5c8a255fc47,21.99,22.93,44.92
b47fa5a498bfce5bc5658eda28570768,139.0,28.96,167.96
b48681f5e795989ee7e78953269720e2,23.99,15.1,39.089999999999996
b495fd147ba3d65a05f35d76239c22ce,39.9,11.73,51.629999999999995
b49c3cb97e24ce87687679ced9c9134a,17.9,14.52,32.42
b4b047bd2b601010cf106a8d20437c2e,56.9,17.11,74.00999999999999
b4b23a5f1e3af0a90cce47b18af0e612,222.9,51.53,274.43
b4c317bb5f8fb237f37171f190e8d332,89.0,15.72,104.72
b4d1dd77cf2c5fe4f153c568189a1e39,30.0,12.69,42.69
b4e33e55022ad7df2aceed384e698dd5,15.0,9.34,24.34
b4eeb5f8b01e30cfea0247dfbee0d054,158.61,14.69,173.3
b4f0e735d23a1ec6a012fb7769cb909f,186.6,10.06,196.66
b50a7d7b24d9089159085f878aecfad0,77.99,12.89,90.88
b51231f33893d9819e080213165c1c6d,69.8,32.22,102.02
b523567b39b4a0bd6dad69bff2e7004c,110.0,20.26,130.26
b523b77f215e6c094c97389acf24ea9c,54.9,17.96,72.86
b52c5e0a82ec048d983882e4d539394f,351.98,35.34,387.32000000000005
b53182a21556b268f4379515546be86e,85.0,13.61,98.61
b5344f6243a17061047a98e502ca5152,115.0,13.83,128.83
b5354d8d292a97bc23838762d5c4bcc6,145.0,15.89,160.89
b53a5ae7a42c37159e3cc26b92174246,49.9,13.93,63.83
b547355b98adcc9a318e3c1c386fc737,89.99,15.39,105.38
b552f6623b3b474d4cff0a44146cd120,419.99,15.96,435.95
b5572b1a9c58d00d3ad345667cd3a0de,180.0,19.14,199.14
b55b34e107238df26137bc117f892827,119.98,18.68,138.66
b55f0a21f464a77eddb6a1b485795406,70.0,18.29,88.28999999999999
b560c6ec87e95f7414ff53cb57b58a12,120.0,36.16,156.16
b56b0dbbd08c4f1536eb93cf4814dcae,69.9,13.79,83.69
b56ba47b7760027308968ab3f294b402,135.0,23.75,158.75
b571f972f69a2f91ebd89ed09a6ebf42,159.9,21.76,181.66
b58a6cafa236091ed83bec2b0ff64ec7,52.5,9.34,61.84
b58c726e8f5ba3196c593b1837d25744,35.0,14.52,49.519999999999996
b58d52e3a578620cf3e4cd9b2b5a0516,40.0,28.75,68.75
b5a801d2465c927e096449f176459916,15.94,26.82,42.76
b5b411510c27795418ac5808a30054e0,156.0,30.62,186.62
b5d08e6b71d4af8f816daf169014c908,101.99,14.46,116.44999999999999
b5d8d7cbeb2f9b41a2dfb63388c7488a,189.9,14.44,204.34
b5defa632178b4e058b80da1efb6dda5,163.0,27.18,190.18
b5e3ecf507a50073bb07d54786f46337,8.99,18.23,27.22
b5e50b7fddcc5f12ecb97b4d5f455f61,181.0,21.76,202.76
b5f7524b957bdf9bba63541b933c1fa9,130.0,18.49,148.49
b6007bc0214a24634dff19daab40bf21,39.9,11.85,51.75
b60b122b336eaee3323565272f117bec,199.9,21.89,221.79000000000002
b6133255f440562f2b6d004d1b24743d,29.9,8.11,38.01
b61519b912ded530fcb3fcc9103fcff2,24.99,8.34,33.33
b6165efbad3f8539e365b9ae5a2f3c44,134.97,54.69,189.66
b61a2f7167a516d76088020bc63b4f7b,200.0,26.24,226.24
b61baa7b1523a2a7e4e1382f25e6f9de,115.0,14.56,129.56
b621235d09fbfbe88d897969dd240b59,49.9,14.1,64.0
b624f24da75ff7f8e6e8d7b10f398426,59.67,15.17,74.84
b62cfc7b4c9b7c7b0e97bb106679e51f,68.9,15.23,84.13000000000001
b644b094c23f3320d4d8386f40e092b2,27.8,15.3,43.1
b65589b94530126b587553d33874aaf7,96.0,17.92,113.92
b6659c7944e48c1be78a188b4d51dbeb,24.0,16.05,40.05
b69321fb7d3000994c5a2b55c4f3cb01,94.99000000000001,24.53,119.52000000000001
b69a71531e8579d2989792e5fcff085f,58.9,13.77,72.67
b6b73b9c0cab8ac7a2b02a49623d4cfe,125.02,13.9,138.92
b6b7ebd3ab897684bb22eaf084f8f299,49.0,11.85,60.85
b6cc16441c0ac5d724fbbfd192b801d6,429.9,20.29,450.19
b6dfaa6e9eb8b7356276c90969376f51,59.99,8.88,68.87
b6e5aa946acc4e29e7069510f28a0bce,149.9,19.33,169.23000000000002
b6f41799a58be93e516fb6992e0d4b47,110.0,34.57,144.57
b6f5e3bc6360fbc485ff34695b7b3fdc,77.4,15.56,92.96000000000001
b6f999c6eccbf4df9af77d67c77a8e52,38.0,15.11,53.11
b708a78d59d407b8733f3f3e9b11596e,199.9,21.89,221.79000000000002
b7248875eca77a299fa182dc16258c77,133.0,13.27,146.27
b7293e3014a7261f0d26d28a1e927864,18.9,14.1,33.0
b72a8ad380aaa28c3f4b75f754d26def,99.9,13.72,113.62
b7357bb8e9d9742a5c4f686050baecd5,79.9,15.86,95.76
b741ced31205b787eebdd0cc7f220b0a,24.0,28.24,52.239999999999995
b74b01e1553f1129b7aa5c0b73016c62,85.9,7.47,93.37
b75eb9360ab80bfd5c7ccf7270d447fb,217.36,15.69,233.05
b7633aa5145342cd219d1488b70ef2a6,200.0,136.6,336.6
b76e1e63723d846f3382683973908122,128.0,19.0,147.0
b77200a7cbfba12d399cea6ab05f0056,38.9,17.6,56.5
b77ffad8b6c7bb5dedfb6a61f8e7cf57,138.0,51.02,189.02
b785c9a36593879a9109ad7539f2467c,237.9,36.92,274.82
b798fc527c548bfa5f069b5b29195275,189.8,35.83,225.63
b7a4a9ecb1cd3ef6a3e36a48e200e3be,26.0,15.1,41.1
b7a81940965effd79fef25a444debdbd,199.9,21.89,221.79000000000002
b7a8a6b5eb0a253e2d80e80bb3badbe2,49.97,24.0,73.97
b7b4ac6cf1e3f2b55add5793768dc23b,29.9,23.01,52.91
b7bb38752b1d8e0b56a6a0633907e66f,99.0,29.73,128.73
b7c08284b115aea29927fb5c60c35ee3,77.99,12.05,90.03999999999999
b7d132ccaa4a7e53c9fb25ff9979fc35,22.0,18.25,40.25
b7d7bac557fdaf041e274d8043d9c588,189.9,19.21,209.11
b7e4aca3e798d20643faacb681272a9c,154.9,17.52,172.42000000000002
b7efe64319f69973a0924eb8e7a1ed3e,159.9,16.88,176.78
b7fe42fc0d57642abd6b868ce754865c,26.0,16.11,42.11
b80ba0f0c3d2a63feac0116f533cc6a9,18.99,14.1,33.089999999999996
b80e879030f825a648abffe9d993ff6a,199.0,16.14,215.14
b80fc187408e5b39dc58457b7db2b4b1,116.0,25.7,141.7
b8297ee8722ce94cc9a2e9263124cd36,24.9,20.67,45.57
b829a9df2bfb08f7e2a0e9854656fdfd,99.8,41.98,141.78
b8363d01d95d576ce95a9283c6e12edc,98.0,15.44,113.44
b8376096f4d2956da3ab2e311c30c504,38.9,14.1,53.0
b84a1e6e6311e6c40724fee7551a915b,128.0,25.14,153.14
b850a16d8faf65a74c51287ef34379ce,13.99,7.78,21.77
b86149c8139bc8a77792c2b24942a0db,71.0,9.34,80.34
b866af202be0692766081310cd4085e1,188.65,18.0,206.65
b86ec88f5bffbf1f61fb5daed332e355,52.0,8.72,60.72
b87629f535e915b6f1e1853f764750c5,39.0,8.27,47.269999999999996
b8783952ffb07e62bcd0b709e8977f60,35.0,13.08,48.08
b8801cccd8068de30112e4f49903d74a,19.99,7.78,27.77
b88330a020772cd6f9b2454f307a486d,209.9,32.12,242.02
b888a76fea30e300ec8c6c53d8033583,39.9,9.34,49.239999999999995
b8b3f1a93f6899699c4cfab3f0cb85e0,89.99,18.87,108.86
b8c123fb1b26f1adfb0d6f9d17255de7,149.0,8.3,157.3
b8eaf5e9d1583c47190523695464e441,35.9,18.35,54.25
b8ed89bd3f1fe72244f0f616acdc7da1,350.70000000000005,49.739999999999995,400.44000000000005
b8f8c719c986f46a4324ebb983d70e98,59.0,15.16,74.16
b8f95bd45718008c382f10f416a3581d,299.74,33.62,333.36
b8fd80779b8e6a73a172dc448cb0a0a8,129.89,21.4,151.29
b8fdf0a70040d5461adca8f95ba4171a,89.9,17.88,107.78
b8ffa0a64c94706b40a3eb420aaba9d7,21.9,11.85,33.75
b91486041622a3542a1c4b44865a4eaa,74.9,16.28,91.18
b918857b7289075da14325e369374e4b,44.0,7.39,51.39
b92a9a9fbd2f4a946db856d466ef4e5a,38.97,15.1,54.07
b92fc3d1e14e2ff2051230fda1012db2,23.99,7.78,31.77
b93b56bfb9867dddd26df4ee3efa2eb6,889.0,28.8,917.8
b93bb71b5e2443566763aab6cc80a84f,49.8,23.7,73.5
b95a0a8bd30aece4e94e81f0591249d8,10.9,8.72,19.62
b95ee76467f40a43ca737b18839d83d6,149.8,18.52,168.32000000000002
b96c09813df649f724999478074019ff,65.9,25.3,91.2
b97811f6db9883c21f70f10be990b22b,97.34,32.22,129.56
b99f2ac35db6241badc2e0a4d74e79a7,97.5,29.08,126.58
b9a466084b46a9b6c6bbbfc102a6aa56,28.9,9.51,38.41
b9a528ec4ad891d009b3dc50588218f1,52.0,22.94,74.94
b9b426ab253dc328825da35f1bad83f9,149.0,14.79,163.79
b9b690e003beef9acdde2502dfc565e2,109.9,14.5,124.4
b9b862b71dd3a13f37bbb72f2addc949,54.9,22.31,77.21
b9cb4e1c0f63ec744001f15b698ebc73,119.9,16.81,136.71
b9d7ab4768e51e8cef0b77f21a40b444,129.9,13.93,143.83
b9d8d7815861b6e51ca61f3f81d5b9f1,189.9,26.17,216.07
b9e6b3135dcdfc054568883b2bcf1e5e,13.32,34.15,47.47
b9eb9fbcca54dfce1d087c752d0f4b35,18.9,16.11,35.01
b9f46930a49f91a659c2f17c92a13746,75.0,23.33,98.33
b9f985da9b5605e8f6b1fb0558b8c88a,190.9,12.84,203.74
b9fa782d4918580e25b6e3b516a55710,89.9,12.13,102.03
ba09602fc04f661e829787eb7ac331e7,69.9,11.1,81.0
ba568688e2f462d7c44a3fdc62e6456f,12.99,11.73,24.72
ba56a5684dac89a26445f7aca74c556f,69.9,11.73,81.63000000000001
ba57c0b9e68de2a41c388368fcf0dbb7,89.0,17.06,106.06
ba57eec47403f7ec083e0283b0dbf50c,11.9,16.79,28.689999999999998
ba70bbb6a514786b8ad805f1c2fb1f34,69.9,18.59,88.49000000000001
ba7243ecb3b63c80579ba1d4c34e277c,32.9,22.16,55.06
ba75e370e47503142da34eea6301546a,320.0,59.32,379.32
ba89a3d7d01c8a2a0bbdb514a851e9f1,71.98,28.2,100.18
ba9010430233c7f3cfea464354fed620,155.0,9.28,164.28
ba9ec6bfbbe8454a533f194e8cd420f8,123.0,13.3,136.3
baafcf8bbc822606c52fe68cbe6b7149,64.99,22.95,87.94
bab61aa88a055fe040e8868a7507921b,22.0,9.27,31.27
bac2b1fb4eb632cd04d6c26f47b61ff9,23.8,21.15,44.95
bad9804e1f16ed9115e1373a6d5fb3fd,96.0,36.46,132.46
baed56f3eda9223b74c6cf175f05678e,27.5,22.06,49.56
baff031eabb2b15f770c6ae2f62d76dc,93.24,9.4,102.64
bb0053cdec4b5850b4682e029eb3347f,206.05,39.81,245.86
bb009fab515024781676004c4924f54d,44.9,18.23,63.129999999999995
bb03daf7fc738a6fce908d083fd0f4aa,259.9,48.26,308.15999999999997
bb0607616e290609d11b67e040b59c79,279.0,16.12,295.12
bb112b59b8f03e372acab987c036fbf3,109.9,25.61,135.51
bb217942f3a8142b20e2e509a6f8927c,639.99,15.1,655.09
bb23ee96defc419b4137ae66d0c0e44e,29.9,16.11,46.01
bb30c3299c36702316a4207b8acae69b,40.0,22.56,62.56
bb39656e25b904a5f69ff53ab7d0d9e9,62.7,12.78,75.48
bb3b63f8a09bf476fd524c44fb767a31,135.9,17.2,153.1
bb42c26f8c339af36b30f12c72c9783a,39.8,30.46,70.25999999999999
bb4412024038d07d6662179fe273519c,333.0,14.67,347.67
bb4eb3e71b30365a580e5a718bd8d1ae,151.72,23.34,175.06
bb5ce7970b8f80016d81488da88bd924,335.9,20.23,356.13
bb5ed7e3c00498a15ceff9bbca9ba556,35.9,16.6,52.5
bb780bb5301c5109cb6eb07d06f3bd14,45.9,26.89,72.78999999999999
bb7c6d87a72c89ffafb1bef12c4e23d4,96.0,33.2,129.2
bb874c45df1a3c97842d52f31efee99a,74.5,47.57,122.07
bb94354031a1df0364e66b09e197bb78,279.9,18.87,298.77
bb95bf1d97c8c2a8e327a7e4b0add9df,74.89,12.02,86.91
bb9bdfcd9397da3c8481ef70b92df0c0,75.0,9.34,84.34
bba17d97a5a45416d0782d5d07fe740d,46.0,17.6,63.6
bbb8f308ef79e2783aa8714a4fa7e2a8,299.9,10.39,310.28999999999996
bbbc78f0d6afd4eb216b5760d0502070,149.0,44.84,193.84
bbbc7b0788315eba0f24a27be06e0538,19.74,14.1,33.839999999999996
bbde15031c474ab4519b10001935f416,149.0,51.33,200.32999999999998
bbed43d93838be47e3a0b194063660e2,69.0,14.06,83.06
bbeeae69169758cd2d24b78df914a56a,59.99,17.67,77.66
bbf1da6f38b4bbebb7ecde7ce65cd47d,74.9,12.65,87.55000000000001
bbf6a647ecc68aa5e79d2cd75ef44c68,34.99,11.85,46.84
bbf99c13cca74b92b287695076073f09,107.9,8.92,116.82000000000001
bbfaea06953d72e48fcf89341d352638,27.3,15.1,42.4
bc08ece5b2bd05996f24170097997d00,99.0,16.45,115.45
bc14a141bbb47b18a33d0a1747cab119,115.0,35.12,150.12
bc22d1005019c231fda1873c3fc71fc8,979.8,28.18,1007.9799999999999
bc29c5fce9c271807967f2fe4cf289e5,29.9,38.4,68.3
bc2c82b0ef78d2252b6176d1972db7c9,165.0,77.01,242.01
bc3ac768a8963f4ca68942ea6558fc9f,69.98,36.45,106.43
bc3ec72d51f1b267777a3050c37949fd,110.0,9.12,119.12
bc42a955f289870d5789e6e437206300,88.0,17.06,105.06
bc46c2cc4bdb50a72e172392fd97672b,149.9,21.54,171.44
bc5b4da3794a8550eecb2faa39afaab8,79.8,32.22,112.02
bc5f75667672b3ffd7dd4daea8c408ce,190.32,13.46,203.78
bc7a8b1110cf6edfecfcb0a1484f36dd,59.9,25.7,85.6
bc8446f693e6c406e28d5cee739dc4cd,34.199999999999996,17.44,51.64
bc8a5de6abf5b14f98a6135a7fb46731,129.70000000000002,29.1,158.8
bca16cf360ca8795f24ca0beaf2658be,265.52,137.04,402.55999999999995
bca67f1d036be009d17824489da2f178,134.9,10.16,145.06
bcaa9390e85fe694eefdf1e33f77b3b5,48.3,15.1,63.4
bcacde1646a9bcd27d5e0fc25ee685ec,378.0,93.6,471.6
bcb0343717a9e0265e156e34c25c3dc0,63.980000000000004,47.56,111.54
bcb093f60b7e48f285bf92f681e65651,89.9,11.24,101.14
bcbc83ec3dc71750aff96a593b9e280f,82.0,62.54,144.54
bcbef667390aafa23e9d20e93ea9e5af,219.98,18.24,238.22
bcd3587deb2f53804e0d3c39de932ec4,189.36,45.96,235.32000000000002
bcda98e5747cea8a343a6af0e5da9f91,99.9,17.95,117.85000000000001
bcdb2acf83fbdd65aa15e879cd8afaa5,45.9,16.11,62.01
bcdd99725db7d4c2fd9468f0fcf3cfa1,135.9,12.16,148.06
bce6cf2e08df303c7ad2f89e5a62083e,149.0,21.86,170.86
bce7047b261dd5116e87384f4fe9afc1,24.97,15.1,40.07
bcf2e0138ecf66a8688ab369b802d57a,80.0,11.77,91.77
bcf4f139b50c6689378fac7fe255a186,19.99,15.1,35.089999999999996
bcfacaaecd67dc247a67377e23b348ae,98.0,13.03,111.03
bd086ca155971e41011456e63e94f36e,72.9,19.7,92.60000000000001
bd097e5fba6d060c0adb69b8865b1dfe,31.9,14.1,46.0
bd0d8e38394d7cb075e6c93b3ebe1180,109.7,8.93,118.63
bd198b62b5d99af74a4c0dbf717fd5f0,570.0,40.0,610.0
bd1e185a530c014794c02ee3d2d61a68,59.99,11.03,71.02
bd1e1a304d04fa76626646f8efa12f77,47.9,19.32,67.22
bd37a8e6c071459b0c45ad8337225d89,139.99,18.27,158.26000000000002
bd50a7fe9fd97ea4b7663031a319e150,10.9,8.72,19.62
bd5232c968db4fe262e6df58cd3b5e86,49.0,7.78,56.78
bd67f781813f153083d633f8c81d0820,85.0,21.08,106.08
bd8d8c966c76e7dc0c5da96656641c7f,64.9,18.55,83.45
bda372c8f4f99cac883f9f8462f5fdfd,99.9,16.46,116.36000000000001
bdb2bc3c571eb25e242b01f591816c7b,23.99,14.1,38.089999999999996
bdb36280069ae2b266d0213e7ce5261b,16.9,7.87,24.77
bdbe67b7e2faaeff27efc72ea1a1bf0b,201.37,38.96,240.33
bdc6d13db4338777a27724c65a0248c6,135.9,32.28,168.18
bdc9a22cefa4b3ad2d837d2e0efeeab0,159.9,20.61,180.51
bdce854b86e3fe8851225cb4d17f0776,11.55,7.39,18.94
bdd163683d4bc75b0b2b7a8d9e1ccd26,34.9,34.15,69.05
bde4e7e3544abf70e995f2cb0f5fc992,329.9,51.61,381.51
bde9dcf0dc69c52b11ed05d22d3ae4fd,69.9,13.51,83.41000000000001
bdf15710eda59b7ede173c565c787a83,349.9,31.98,381.88
be0c42b7b7e9edd961e7d70426720a0d,38.0,15.37,53.37
be16956e185d1e4f58a8443b3fa7b7d6,49.99,7.78,57.77
be1f74dd8c9f6ab6066aa38f00c87d99,168.0,38.49,206.49
be2daa888694c8fa4bc8aaec2c95ddd0,185.9,23.88,209.78
be3516cfd69d1605c44c886aed8e553d,39.0,20.4,59.4
be352bbad6d37a556d8ed5fc593bf248,449.0,38.27,487.27
be3b5139d2f6babd057f6f5d98bb1b3f,209.9,17.23,227.13
be3b8d058b8100d8a2539ce0b2c6ec0b,1199.9,23.16,1223.0600000000002
be46df5b75c8aa56a4c1ac18cf4429ba,249.0,16.49,265.49
be4e62f1eff881f7eef7fbc619128ab9,49.95,11.85,61.800000000000004
be63f8e1110d08f5003ca1a255ff4fb1,60.0,11.03,71.03
be75f7ef5da81750d1b2364aea5e7372,59.9,25.7,85.6
be7ef653148b80c79b5d9b8500c47949,59.9,17.67,77.57
be97182751bed153d280411feff5dd3d,170.7,16.95,187.64999999999998
be9d88133ac0473fda4ebbdc48d5140c,55.5,15.14,70.64
bea1d77e861b4f44276f02d599d25705,75.0,21.02,96.02
beb19a07c97b17bc12756b493b5d59c0,69.9,16.25,86.15
bebda1d591d109ea4605aa4e437d0a68,29.99,42.38,72.37
bec49fb7d032cc8a815d4135551a98e5,75.0,50.03,125.03
bed231219468923a99e746ad42b9ac8c,64.9,17.7,82.60000000000001
bee571b51c70e572478812165da701dc,107.0,13.77,120.77
bef626fc782c8b4f824510ddf2e335ac,56.29,17.64,73.93
bf0dde6fa777fd2de6aad874b828a9a9,45.9,7.58,53.48
bf19011f60f7f394faf33366baf9fa16,29.0,7.78,36.78
bf25ff262495b0b876bc4f594f736ecf,115.0,0.0,115.0
bf475f9672e3314e2f2b503ceb340fd3,75.9,19.5,95.4
bf57d88907afc221e0eeb3e12da03657,118.9,23.15,142.05
bf593abe2928b23b60cee1ff3471a4dd,39.9,14.1,54.0
bf77be9e5c844064520fc976a02eba7f,69.9,17.74,87.64
bf8a5f3ed4349bd5873e69a7bf24afdd,98.9,13.71,112.61000000000001
bf92c69b7cc70f7fc2c37de43e366173,149.9,16.81,166.71
bf9798b58294574db2ddd49186ffbeac,389.42,59.59,449.01
bf9a3a8d9db6be5e4dfcfe2f071ef405,55.0,15.83,70.83
bfb369fd1877d8e3192f79562eacb5e8,20.9,11.85,32.75
bfb8512783ccd2271d2e96d3b856bf2b,1649.99,33.42,1683.41
bfbf87cc2829df6adac299ab0cc012bc,229.9,21.92,251.82
bfce66de4bbac659ab1d0763b8796a58,59.9,16.18,76.08
bfcec6fcc6a68c5505537bb8a0a38039,125.0,14.96,139.96
bfcf79aaae774aa4030a0d2e2046c525,31.99,16.11,48.099999999999994
bfd2cf5a993d1f386d0ba7fe0cfe6b7e,75.0,13.08,88.08
bfe6602edb1568292d527c61684405ed,29.99,7.78,37.769999999999996
bfea95ad916f92dc69b5291e6827a01f,289.9,19.91,309.81
bfead39f96afa0a674110835b6677095,59.9,19.66,79.56
bfecb4ee6ab98bff69307aab578db48a,349.9,25.03,374.92999999999995
bfed0a7badf0fead6a8afff1f945ee51,89.99,9.44,99.42999999999999
bfede3e7101b91bd335e6cc5d153bf2c,56.9,16.37,73.27
bfff22b563631e997a4a22dd4b87abc2,134.9,13.38,148.28
c000c9de28e2436553f200d0faf8eb97,99.99,25.54,125.53
c005c973843746a08a6ea826af4ce0c0,64.9,19.36,84.26
c00f7921a5003d2b642bea9583d40166,75.0,16.5,91.5
c01ae15e9ff7192925a8aefc04b3672d,35.0,7.39,42.39
c056578fe94b80e3f1e732d013df9374,21.99,15.1,37.089999999999996
c0800c1006480bed22d5ec0b593c2cd0,19.9,8.72,28.619999999999997
c0825f7ad51d670d765525e6761dbc0d,112.9,21.28,134.18
c087855fe6f303205c09558f7f8103c8,14.9,14.1,29.0
c0bc6e5c9ad833c1a7a566871b33c938,48.99,15.44,64.43
c0bd1839e07d2c2eb2f047b50da39f2e,192.99,62.09,255.08
c0c1edfe2e51faac7f501bac1827c056,1054.0,95.83,1149.83
c0c339f8d69784a8cb6b51f9aa9f85d2,86.5,19.85,106.35
c0cb48c270009fc128318b2f9eda3bec,61.9,18.31,80.21
c0d9f365ee87e29a7b16a2c55e1a6d5b,98.9,27.42,126.32000000000001
c0db7d31ace61fc360a3eaa34dd3457c,56.99,8.72,65.71000000000001
c0ebe7b377d69896b580f578b99cfc98,21.9,10.96,32.86
c105be01f21c9df6a2579f59b95cbcd9,12.88,11.85,24.73
c10c68068674aaf6ca04ad0387969333,33.0,15.1,48.1
c1219b88f5d48e3d0dd3229cbd88a722,109.8,42.36,152.16
c1298dde22013d58424f39ec4397f54d,89.9,17.88,107.78
c12ae6679912cd8f6ef682d8d9f1fdd2,45.99,13.37,59.36
c12d83e36f291cf576ce948e5883310a,76.8,18.68,95.47999999999999
c12dc1b88c47c377eecc9384a4b1c7bb,129.0,11.92,140.92
c12f5561ebbafe496b47371c0271e839,239.9,13.18,253.08
c1316e479de7898b749066f40449a05f,339.9,11.79,351.69
c13d560f9544b046be2c188d33eccb2a,43.92,19.59,63.510000000000005
c142c7ab64bc271555af4edbff4d53b8,249.99,24.25,274.24
c14737c81e2d9c598a89e4f7cb240a5e,48.9,9.26,58.16
c1499ec470fbfa0a44ba5d94f3a16ab2,79.9,19.53,99.43
c14e0917a7e78c27cc4af1053e2d77f8,38.0,14.1,52.1
c15337f7b22d68e4ea7e1c0a483041f7,56.99,24.89,81.88
c1547b9ad031612f2446bf9ad43a0716,59.99,9.44,69.43
c15a3ce7617aeffb3bfed1f6340d66e7,24.99,7.39,32.379999999999995
c161187ab4f2133d752f8a028b51f74e,139.99,36.599999999999994,176.59
c164550f33679da3d32b3ce6078cffda,155.0,27.94,182.94
c185967262e6222ac9a864b18647ebc9,66.0,16.22,82.22
c19c55592299c2b3c838a4b77b639ed3,157.9,18.0,175.9
c19e5e606043fc8b33023f0b377e2e55,62.7,19.63,82.33
c1c4e2a7fb7eb8066b69234d0b3fd446,53.5,11.87,65.37
c1da287bcf49e04d36093b8296d121bf,119.0,16.53,135.53
c1e057b24816b20c350825a55dcfb11b,38.99,16.79,55.78
c1e0ca05590ed1c16d7aaa4c96fdced6,20.0,16.79,36.79
c1eae222313b3a7eac740761313cbd27,164.9,18.4,183.3
c1eb421afe27745d1845f27fdbd14e45,225.91,20.55,246.46
c1f0e475378c6500b5907a2134bda1da,37.99,16.11,54.1
c1ff65479834ffeb424c5a78cd65ce4c,161.7,48.21,209.91
c2213109a2cc0e75d55585b7aaac6d97,26.99,7.45,34.44
c229c6a2f0ecb33d8e2779ebddec3a1f,269.9,10.45,280.34999999999997
c2485fbf261ae20fb834f6679afbed53,159.9,18.69,178.59
c25563978406540119e9bc10980b2fdd,25.99,17.63,43.62
c27718d838f42d07a94941a8d34843e4,96.0,62.42,158.42000000000002
c2792ecd230f2d8f50741f6b37649fb1,89.0,8.99,97.99
c27cd942c2a926d25153090afa106ceb,158.96,47.4,206.36
c282af09e5db227f93b1f3175aba57e6,69.9,17.62,87.52000000000001
c28678c5474dd180becafdd64fddac7d,16.0,11.85,27.85
c2969f4247f4ebbc5f6e569ccf7eeff7,24.99,15.1,40.089999999999996
c29713133e5e33937af1a6e1e1370552,79.9,23.14,103.04
c29a7cc498263621590164d96d2953aa,129.8,33.92,163.72000000000003
c2baa2c68f42b3980566cf7f366fcd5b,34.99,15.23,50.22
c2bb89b5c1dd978d507284be78a04cb2,199.98,122.88,322.86
c2c7f4f0955b1fcd9425c97f401411b8,119.9,29.24,149.14000000000001
c2cd6ce44609af75d061dfab2f67179c,46.99,20.43,67.42
c2d986bdce3f3823bbd8b8b4e37f5727,682.98,69.23,752.21
c2f4725573134736acc801bfc32b7e5b,79.0,26.63,105.63
c2fe2f550416c0b36bad93166e4d2d1a,59.95,16.86,76.81
c300acfe1a7f3217eda136d29dad508a,39.99,34.15,74.14
c3268641873c510f155cf452759b1ace,29.9,15.1,45.0
c32fc9ccb03292ac2e7a2c2f027394ff,49.0,15.44,64.44
c333fbd06019caef9160f4b7ab8547d1,19.99,15.1,35.089999999999996
c3432f724305c363034ae8ee0ca2ad4e,129.94,70.96,200.89999999999998
c34751f5d9af314e78959730157ff306,28.0,22.93,50.93
c348c4e34af674e33ac82ad18ce5404c,24.9,14.52,39.42
c34a43c027fa7de5cb6c02735ada2ffd,99.98,23.7,123.68
c350b8020e56f5b4d3438f5daaddef70,329.9,41.64,371.53999999999996
c35c0040e09990a95e79c617fafe8c10,38.9,40.72,79.62
c35f44a2a94147bfcd074dfa5f2f174f,34.9,15.1,50.0
c36078aedc2e7cf1108ddc431667f517,129.99,18.16,148.15
c360d21b65fddc4ac8f8d4dabf8c946d,166.89,21.66,188.54999999999998
c3717b0f82c27845bd10cc82caf863f9,106.4,28.92,135.32
c378d1766ed412f14e38a4fd8547f9e9,13.99,7.78,21.77
c39b6a1fcbbad48578181950509b1330,55.0,13.97,68.97
c39fdd3fcd0af98b287d3c9732a7eb38,23.99,14.1,38.089999999999996
c3a6dc9afef5794ea4a867b5a18e0ad1,39.99,14.1,54.09
c3ad507aba1f6b47354085e7e6bed0cf,369.70000000000005,97.38,467.08000000000004
c3c98f80459f075de43e0645f41be709,75.0,19.72,94.72
c3ca08e9565423d33c78e028dbb1ab65,20.7,17.78,38.480000000000004
c3d82084f95e12ecd6cc271e0c225175,110.0,18.87,128.87
c3d8d92b4371e7710cdc67fcb1f49a34,11.0,22.06,33.06
c3dcabeec7fe9ac4201e8b9d04cf64f1,210.0,50.0,260.0
c3e5589dacc9d42e41377ef559d9a159,59.9,17.99,77.89
c3ec5c70256966fe8951602e15e63495,97.9,13.27,111.17
c3ede21d18f8a162209aa5c1eecb0385,48.5,17.6,66.1
c3f2643fac2837e3768d0ce83771e322,29.9,18.31,48.209999999999994
c3fa73017c4a172907d79669eda248d0,119.0,20.07,139.07
c3fea8c95a1b94af7d629c3c2952334b,27.9,18.23,46.129999999999995
c4045d70da44ecbef2afb4407592fe90,169.0,37.87,206.87
c4076d196ccd6ef48beb27d4e1e584f2,139.0,27.52,166.52
c40e2f36cb82dc5413567d994a7add93,34.99,25.38,60.370000000000005
c40ef1f09f4ba772a63865df0274f6b8,299.8,76.02,375.82
c4142556a994ea3382c0b8d954c0acdb,34.0,36.46,70.46000000000001
c41fcb90e5c4e310d014634135fb1279,439.8,34.6,474.40000000000003
c42c73fa91d5ba2298312db542e280b6,59.99,8.72,68.71000000000001
c42e30b51c34dbcb30e27a10e1ab33bd,99.99,16.95,116.94
c43428e158013a24ec4a18007fd99082,49.95,11.85,61.800000000000004
c43a1ac896c3a97a259af57ee8234ebb,53.0,12.71,65.71000000000001
c43de9faa95d5014569aa1ec9ac83554,66.99,27.75,94.74
c44883fc2529b4aa03ca90e7e09d95b6,54.99,11.73,66.72
c4589f9bf514a6f65302fdb08ae87b6b,87.0,9.42,96.42
c46172d2acb91b47e43297edd9d8b3ed,23.99,7.78,31.77
c46a116ac9c84425011f5e56acb66c85,93.0,13.21,106.21000000000001
c4aac60369f19fc04e495e8a1b488aae,35.98,28.2,64.17999999999999
c4b2f28161989ed10bc95e7c3a7d1dd4,25.0,26.43,51.43
c4b6e7386225d1998cf863991ed1e47f,139.99,17.23,157.22
c4ba85cd686fc7f9d56edb6fa4471e91,72.99,17.76,90.75
c4bc2a01f871554711dadb82537413f2,79.99,9.37,89.36
c4c1257d437761ebf697da82b5cca4e1,74.99,30.33,105.32
c4c3e8d7834453acd59e70aee27a0b98,207.83,75.04,282.87
c4ca4450ac2974ba5eeb4832b7ec724a,286.3,53.16,339.46000000000004
c4cffa375b754170e9823a1fe9ac75bb,85.0,11.62,96.62
c4de71df747f541f59a618d019281366,35.0,8.88,43.88
c4e3b2e6f29f2e5ba28bd079aee75750,6.19,11.85,18.04
c4e736f668cbfe837a8f4718225b402b,55.6,12.73,68.33
c4e8de1b1ec983e061c3ff765be41405,69.9,15.37,85.27000000000001
c4f5e515c5b864e0f0cdea33ce83244c,108.9,14.34,123.24000000000001
c4f710df20f7d1500da1aef81a993f65,39.99,11.8,51.790000000000006
c5132855100a12d63ed4e8ae05f9594d,119.9,20.75,140.65
c5169d427c5a1a403a3eab0ca8d375fe,179.49,15.01,194.5
c518f5624cc7261df143c155e642a8cd,65.9,16.89,82.79
c5334d330e36d2a810a7a13c72e135ee,168.05,15.93,183.98000000000002
c5351b62ac42d8a63b11a24ca403a30f,269.70000000000005,40.95,310.65000000000003
c53b0fc1c72d7bda1f878a03bb49bb0d,47.0,7.71,54.71
c53b15af645d91a057ddba9d0e1f21c7,38.98,33.58,72.56
c557d8e5e437bc8ab2f3240b65a97e27,146.01,13.68,159.69
c559ef7939489ab0ce5419d36a23938d,75.0,21.02,96.02
c58a30614b49ec54fce768c0df52ba8c,59.9,14.59,74.49
c5a304a759ea5ac20be4dbacd15696cb,41.3,15.1,56.4
c5bb91ea2129a21a4f424d356a4d28fa,169.0,74.62,243.62
c5bff3d6b9585e55844afce2a2061259,87.97,23.2,111.17
c5c563437568ad88f8243cda53218d0e,84.9,36.489999999999995,121.39
c5dd7d8ff84739ecc6526d97ee22f784,59.99,11.03,71.02
c5e13c21c49b30c15c64f761f68ed8c2,149.67000000000002,35.54,185.21
c5ef8c0266eff0d27d9d8f279a2e85cc,29.9,11.85,41.75
c5effd8bae9508c0e96b2e32b5dc66d8,11.0,7.87,18.87
c5f0b9e8bd23e3d37855d76739573355,59.9,16.18,76.08
c5f6d3ac0511ed9303df3767bd834100,518.0,27.42,545.42
c5f8296baf77d395952fac57effcbf47,139.0,20.16,159.16
c616da5cc141068461ed014eb4c21d9d,89.9,17.88,107.78
c618d3f25c239068c153e78f7d9edcf6,110.0,16.53,126.53
c6283d176592e1e1c4d1302abd4e473e,119.9,16.6,136.5
c6318a262b5020f830c5355ef73f09be,69.9,16.25,86.15
c6492b842ac190db807c15aff21a7dd6,379.8,45.6,425.40000000000003
c65a9006ea98064829711ea412e5d9a1,116.0,11.42,127.42
c65c62970b6f828387d4db9a25361d96,47.49,18.43,65.92
c6697f0b5a341cb2e357e996c100664a,114.9,17.05,131.95000000000002
c66985d27ca5899e6058749d3432daf4,59.9,11.92,71.82
c6701e6d9b17bfd2a252ecb5aa4c7949,91.49,15.39,106.88
c671f90758b4e249a77ccaf0726e2fba,90.0,15.39,105.39
c679466a1ba6a8bdedcb2396f9e1dcbd,13.65,14.1,27.75
c67c325777b78917b4b2a84c917d3f0e,19.9,12.79,32.69
c68e47bd3dab5dd575a6c65848663923,59.9,17.67,77.57
c6981eae927738695c85c3528192c98b,99.8,23.7,123.5
c69a4fb424b76529afcb0cc81bad3553,278.25,28.5,306.75
c6af5a745428fb392fc43a41ed63d841,29.98,18.23,48.21
c6b9d214855dbd27b6a58f9738425f62,49.9,15.1,65.0
c6bbde0cc0abfd5ffa9ab6da2d7391d5,89.9,21.71,111.61000000000001
c6d8f474e874648f28e2947840899635,71.8,16.26,88.06
c6df20907b36a49402c4665cd5a0ce8e,24.9,35.67,60.57
c6f64ddfd9a519815891070106aa9543,155.99,13.75,169.74
c6f821236b635a442caa06bbe3c7e109,45.9,8.72,54.62
c6fdbf697f2f8af465a58ffaa4c3fa4e,119.8,32.1,151.9
c6feddf1f8ee767b5c7c65d5313dbc91,80.0,9.31,89.31
c70ddc702499e20988c929a93a3f1c57,597.69,51.449999999999996,649.1400000000001
c70e1bd940c5723bf066a1dbcc1455e8,125.9,33.33,159.23000000000002
c711d7f26c4563f427379e7ed3bfdc51,89.9,23.21,113.11000000000001
c7331c9cf37d4a3f6b0fbf4bf4c543a8,11.9,7.78,19.68
c73711f15f170e7cd7717f6cca7c32c2,119.8,18.73,138.53
c7436c65f20daf8cd6e18c35a97867c7,41.8,15.1,56.9
c75886866a89a0c9a04fbcd4699f3772,550.0,117.99,667.99
c75e8aabb43c6485091e0ed9b88ed5d9,38.2,15.1,53.300000000000004
c7652e6a3ef3f4d2039957aec0fd766a,29.5,35.67,65.17
c765302c18a92bcea0bc5c976bae0174,14.49,7.87,22.36
c766c5324b94b64c7580dff991a977d7,124.9,16.63,141.53
c76b75e541b06461ec9cf363fd962ee3,27.99,15.23,43.22
c76fd77e58c85590b4bd502a69c87913,59.99,14.17,74.16
c7756342d355d13eea40a754b6602da6,34.0,9.55,43.55
c775dea8bfab02a285d4d3b9f247808d,37.0,15.1,52.1
c7765f73aa21565b6f703032dca277dd,28.0,8.29,36.29
c78339d47b843efc7ca04533d1848568,34.9,15.23,50.129999999999995
c79387fbdb009010c07a17127bd21f0d,64.9,7.78,72.68
c79900d1005d1a8fdaa9f25cd94e5110,85.9,15.35,101.25
c79bdf061e22288609201ec60deb42fb,3.5,8.72,12.22
c79d8859e60196e652856a5f2dd27da5,249.0,13.7,262.7
c7a7c97d430f40628efc0f1e41f723b1,298.0,20.19,318.19
c7ac3cdb8e2ff8a57c503de24f1434fe,179.9,22.1,202.0
c7af2f59ff42f4410a1739111dbea489,75.0,15.28,90.28
c7b067d8096220dcce7d81962a34f8ea,112.4,54.21,166.61
c7b090b5048ef4f18fe02ef328421afd,119.99,80.07,200.06
c7c28a159a907d1d0ff580856daffa72,175.99,16.34,192.33
c7c3e79f06b8145a28173b23f581f84f,119.99,44.64,164.63
c7cfea0c153e6382e32e84c2a9dd7d2e,60.0,21.22,81.22
c7d334c62c1af62c782895cd62d61237,259.9,15.57,275.46999999999997
c7dc7be67e857a6c64557d42383dec8c,99.9,9.45,109.35000000000001
c7e1e46af92704b1c2e1924de96e7479,124.9,7.74,132.64000000000001
c7f9c9ed8383be0c7514a7672ffdfdbe,49.9,18.45,68.35
c7f9d26b8af0469ef75b9f5acd3b31ad,17.99,12.69,30.68
c810304332560d2e653d082b66d3cd1d,279.9,28.4,308.29999999999995
c820d5fbb72e2b0a48074c0f7f08a295,329.9,71.02,400.91999999999996
c823a55fefe27a1092a634398c62f2a8,129.9,17.75,147.65
c835e0746829dbae8bb92fb818ba654d,28.8,13.37,42.17
c83dc126a7ee10b227493835cb8370e4,22.5,15.56,38.06
c84b383da1173fe2b3b8dc1052c66821,24.99,7.78,32.769999999999996
c86cd0844d36479f7e7adb1edd5e59d3,110.0,13.21,123.21000000000001
c879d78c7ee446806b14557fbaff1b16,99.0,25.73,124.73
c879dff70ad9d2d3c315fc40492c660e,24.97,15.1,40.07
c88b1d1b157a9999ce368f218a407141,34.99,7.78,42.77
c892dec5d74e3ba28920ec30498fd00f,19.0,15.23,34.230000000000004
c8947a583ab9791a5a9d02384cb84302,48.0,11.85,59.85
c894fad29c885c81201d9bdd80cd68c5,206.64999999999998,46.7,253.34999999999997
c8a93f34ce6f1d3299b0e762f62dfc3d,143.6,18.89,162.49
c8b5282d408a1646c2b36a65f3d6fc80,29.99,15.24,45.23
c8c7ec8563c295ba0c3ea5faff0a1b0c,138.0,33.84,171.84
c8cdd4400eb4d108c4fb6992339c9fa1,219.0,16.28,235.28
c8d07bf0161cd0a2aacc163c238f397e,220.63,14.56,235.19
c8dfa9b022c03c9dbfe5e0fc504243e7,44.0,15.1,59.1
c8eab0ccabe8cdfc2afce66c1c554ae2,39.99,15.1,55.09
c915a55221e61e2d798340ec6553d2b0,124.99,25.9,150.89
c91819424b628993175c3629a8b4fdd6,49.5,25.38,74.88
c91bb9b296c26b316c8acead6501905a,69.9,14.24,84.14
c91e35b238a6f290a0ab89a40287fc40,113.4,19.09,132.49
c920c9b4a0fbe334f146d3b9822f3cce,309.9,17.87,327.77
c92ad65cfc1951e1be667976a90d49ea,109.9,14.86,124.76
c92c52fc8165c38e21adf26ffcf62028,121.0,11.46,132.46
c9365b99c90ef6473a7d9cda98faee6a,41.5,8.03,49.53
c94047ec162181b78322184f7a9aee43,166.44,9.86,176.3
c94206a6d6698d5852b7e9e14bdc2e79,29.89,7.47,37.36
c94aabd5205ddd8647579a7bdebd6992,449.9,18.91,468.81
c950a394ee0369c853e3a1a55090e287,48.0,22.169999999999998,70.17
c9577dccdc314ce381822a54b1eaf22d,64.9,17.7,82.60000000000001
c95c70fb04bd13e4a063330b9760c411,89.9,53.23,143.13
c95fd0fc2b4b423d8ded594da8d1a398,24.9,15.1,40.0
c967ef4ad213d1be9e71a0817b5365de,43.0,12.79,55.79
c96b35cd51435c8c1e70c89a5ad976b3,92.0,12.14,104.14
c96bee3fe3caeb224420da7bc815b0fe,159.98,49.49,209.47
c96fce6251b1af10a35cdf0675566dd0,34.99,7.78,42.77
c97448e24a8f892f02dcf3089103346f,29.0,15.1,44.1
c98b0fbac2717f072d5089e8af088304,239.9,16.75,256.65
c98c0d54162f552567aae1af36d539b4,122.99,30.11,153.1
c991b8532e7abe41bcfae9b0ae4e8f45,47.9,11.85,59.75
c997b91dc02adbde398d66a919a15a81,65.0,8.27,73.27
c99a7c5ad6561092e099cf71868b4e78,114.0,30.66,144.66
c9a54f6ed83e951ec2cbec315d2333cd,176.99,53.79,230.78
c9aca7a39b1655e0d52070203567e664,49.9,7.78,57.68
c9c0bd3b9db92cebece12e761bb8454c,54.9,17.63,72.53
c9cf685a5970016a369f50c8f42e87b9,50.9,11.75,62.65
c9f8b15e667ca2f541bf3e608b5c1192,89.9,17.88,107.78
c9fe3cca849fd78e942704ee0078cedf,49.9,7.87,57.769999999999996
ca0400dec2c292340c373e63b1c2c597,679.96,77.72,757.6800000000001
ca1be30219791e22648cca249a8681f2,124.99,9.44,134.43
ca207209c40b29d76714f77acf8189e5,32.99,12.89,45.88
ca263afd88a8a1200605adbd4b63cd7d,45.99,13.37,59.36
ca3b7514c4c2ab7ba612094bee631db4,143.8,18.9,162.70000000000002
ca3d75df70f40faa8b83505b242d83f1,30.0,15.11,45.11
ca46dc3fa4fe36c0a82c9e69bcb94fb6,510.0,21.45,531.45
ca4eb4e29e846ee17d6d1b96b28acabc,35.9,9.34,45.239999999999995
ca5a215980675471f0cf8199c041909a,10.9,8.72,19.62
ca5b72f1f41040f1639938311a47dafe,52.0,11.15,63.15
ca5d34455321c329173e1c6c3fcff7f9,12.88,11.85,24.73
ca61d72c0b9e1072b94af79bac8ff610,143.0,18.88,161.88
ca621c614abfc6d64f4a093ade1249b9,69.9,15.24,85.14
ca66d500112900d75968df9716752250,24.9,15.1,40.0
ca67ed4e41d10ddfede1632c9ccc1c8b,98.9,14.44,113.34
ca70cf8792727da384ba1b6e384cfbf6,78.9,22.26,101.16000000000001
ca907d8c04d50f8377a1a77a216d334c,30.48,7.39,37.87
ca912a872db02043825792fbae103921,119.9,16.6,136.5
caa9ea8230c1a21750f938c306e730c7,39.9,8.88,48.78
caada4ca97e8e01c14535a79224324d9,84.99,15.35,100.33999999999999
cab618a13f81a7ad42573993ddae2ff2,165.0,45.61,210.61
cab6aa158d9699a614d92fb920c9ae3e,42.5,12.96,55.46
cabad88da7829d30f53a581fffcd6eeb,52.5,11.76,64.26
cac62199ea603b63ffb529a162c596c5,72.9,25.79,98.69
cacd075ead957703244655d22b0cb474,117.98,35.32,153.3
cadf75f0c2e29639d54ff0430d98e9f7,142.0,27.94,169.94
caef38892cf9eefb7fa25d54e803ba20,99.9,26.78,126.68
caf07fcb4e0d35fb5e9f6e3eeb294ada,104.0,15.48,119.48
caf10b4f81696bae84a2448c0767b3b0,119.0,13.95,132.95
caf12c43defcd1c679e73f2398192965,67.42,7.73,75.15
cb02bcb7600b32e5083fec0791b923aa,150.0,31.8,181.8
cb0ee3ab469cd28fb41ecb23abd8e2ba,27.0,8.72,35.72
cb162de51da6fe9c49b238971804a224,56.99,15.15,72.14
cb1aefa2e40fed6fb68c34d30e3c0e7c,86.9,21.1,108.0
cb1f3a44e8b8527e16913306a4d3de2f,1020.0,182.64000000000001,1202.64
cb34150c7912c6a848be6a756d4e97b3,209.0,20.99,229.99
cb44ede59056dd2add95fb810b393786,99.0,17.94,116.94
cb4591b9a09b86b55be10a9ea234de8c,53.99,17.66,71.65
cb459c6af32347f6dd511553117bd080,78.75,17.39,96.14
cb4d128e05fcc01db72fc61636a9e49c,99.0,65.5,164.5
cb589c751e6f002a96214f3a5c9284d4,125.8,24.96,150.76
cb5b7fb63c0add7098c025cb737df02e,116.99,17.26,134.25
cb5d26cc320462a7e5d9e14a9a6b0dfb,19.9,16.79,36.69
cb6e8d89049744886ad04520d5e0b2f6,228.0,35.4,263.4
cb794d74f80c0dff5257f123400a063c,79.9,16.32,96.22
cb7cdbc81a72944010981bb56fe37f54,44.99,7.39,52.38
cba44aa41766f6210b875f576a4241e4,36.4,15.36,51.76
cbbf61b366cb1ca7a9f9b954e8f345b5,19.69,7.4,27.090000000000003
cbc956fc2a27bbc8dc18bd3a27ce7127,144.99,18.59,163.58
cbea65029850e25bb7ce971f2982f471,39.9,20.75,60.65
cbf088f9ac169d9c7eddcaa9c5e465fe,67.9,12.61,80.51
cbf3df6a869d7cafcbab3096706ec7a7,259.9,48.53,308.42999999999995
cbfed865ebb274e534eed412710b225f,224.70000000000002,48.84,273.54
cc09da6c606c28d227e63092534166fd,81.49,15.67,97.16
cc0efa9953cfcabde1888ffca500b253,121.85,18.73,140.57999999999998
cc139c399d4fe7949e1cc628424f7955,74.9,11.73,86.63000000000001
cc1ae65f9da3e917ded9ef6cc5325e84,129.9,13.93,143.83
cc1b834e8d019a8c71e3c3b1a23edc61,59.9,15.86,75.75999999999999
cc2999bc678cab0949b90c4759d7a284,104.64999999999999,60.4,165.04999999999998
cc2a815c27056f7c5770b6a14d422863,39.0,47.25,86.25
cc3d4ac8f11e38aebf094617bdbe0fec,195.8,35.94,231.74
cc3de1b196170ae020cf79cde9883058,99.0,41.08,140.07999999999998
cc40ce12255e937ab19d9124f4d0d56b,158.0,30.6,188.6
cc427984e779c3d1dd7e082f39a98fc6,1128.0,267.76,1395.76
cc4609648b8cff3ea47a04fc4380c25c,160.0,51.84,211.84
cc5aa8cda6decdb7d61ad7ac55767ec3,119.5,27.38,146.88
cc6995f103edcfb65e48d731aec60c1d,89.18,12.01,101.19000000000001
cc72d62c9da97fa8f846e9403f0fe57f,35.9,18.23,54.129999999999995
cc72dd3008f4752e05206e1fdd08cc57,34.89,42.3,77.19
cc7e03bc8530749e5b107609bb905580,32.0,21.15,53.15
cc93c76377b9408581cc455bd50de947,309.9,18.61,328.51
cc9782f02aae34f01d12f3dbee4d5d93,43.96,148.16,192.12
cc989a89a90abba764e86887625e7e26,98.0,30.2,128.2
cc9bbac0ab49464c551e527df59db18c,24.9,18.27,43.17
cc9c27c90afa88462b4d852d81b367fc,269.0,26.72,295.72
ccaafa8bd853d25f4e7b1fb18f97e719,112.0,18.68,130.68
ccaca3cf7deefb7e24e36ed8cd85c647,79.9,19.53,99.43
ccafe6201982b2369baac3ad28c67188,225.20000000000002,36.08,261.28000000000003
ccb1046449f1a494de800567e7cb5979,24.9,7.75,32.65
ccb44718a5b5b8bde31b24e888d56d09,59.9,16.86,76.75999999999999
ccb78ed7a1acba9d251c8626f13097f5,45.0,12.48,57.480000000000004
ccc4274862635573537b10ab2e055926,195.9,16.12,212.02
ccd2795b4fd33757b039fb15b8a12109,41.1,44.93,86.03
ccd6dca45b65f311ff32ed8fbfdc1efd,149.0,8.3,157.3
cce1b8a1c5f8b1d224e19628299c8f54,10.9,8.72,19.62
cceecfd4fd8a5cdfc10a03fb86e1d5b9,229.98,29.94,259.92
ccf27ea35dc842ef81bc07ec33164b56,11.49,8.82,20.310000000000002
ccfa13cff25aa5ad005e434ac68acaaa,23.99,14.1,38.089999999999996
ccfc366f9a65ee1750a938bd18aa489f,39.0,7.39,46.39
cd0343141ac675cd40fab2c7fd2e99cc,25.49,17.06,42.55
cd11906a7f55196e1f9194034c7bf3e3,169.0,18.47,187.47
cd22ef4012ae92aa8729264045bee0eb,250.0,30.12,280.12
cd2457140ff84327d7d7030053b80fce,150.0,22.87,172.87
cd3f264de33e6d5f97fc058f8fec3958,354.0,32.9,386.9
cd41a5bf3ffd542864ab33b17144968f,23.7,13.37,37.07
cd44314b084629fc21d3a0dca3147f7d,422.0,43.27,465.27
cd4b336a02aacabd0ef22f6db711f95e,29.99,7.78,37.769999999999996
cd4d00f4cdfc2365a398924baf0defa7,134.9,18.82,153.72
cd5343ffb012a7157ddbcf5720100c01,299.8,36.36,336.16
cd55a3824ef5413fb6fedc755c75fe39,339.8,41.0,380.8
cd62738b275de1aca104da8e9ee761a8,259.77,10.01,269.78
cd76219509e0336ea669b48075e068e1,148.7,25.79,174.48999999999998
cd7cebcffafb9a184b1aeec5b2197c3d,86.0,12.73,98.73
cd7d5eba4ca59e359249279469aa4f7a,149.99,15.22,165.21
cd81fccdeffb11e33de701e2c53c85c6,53.9,29.71,83.61
cd8f1098418f4fcc23c29232d9c04dd2,56.99,16.16,73.15
cd9aa6fcc68d8352f12d7ca709c294f5,149.0,19.14,168.14
cdaa50d46a294c97f8505c6ac6145e23,220.0,26.38,246.38
cdddbaf91f8abd761e51c7d5f035695b,214.99,39.05,254.04000000000002
cde7e4455fa7083f7ab8c2d5eb0c8d12,49.95,11.85,61.800000000000004
cdf1adfa9a3cf815978e278a6f1cd705,52.17,15.13,67.3
cdf2839409d0f62e2b2e61b62b72dc16,66.0,14.21,80.21000000000001
ce0102221c8d12a97979c74d09cca282,45.9,15.1,61.0
ce1813098fb283f84f0b5a7aa63e5fcc,83.36,15.79,99.15
ce18cf057088cf275c41fc9510ed53ad,46.9,16.52,63.42
ce2b4f2836d78829e4796213d536101e,97.9,57.36,155.26
ce2cc2623c66816137c1887f232ace69,149.9,23.92,173.82
ce338e075a36068051ecff6802ab64ef,89.99,8.98,98.97
ce399271de0275f62753cadf440e3012,69.0,19.45,88.45
ce59496beb223906ab55f6bce7fa86f5,129.99,15.67,145.66
ce5a9de9a8a2c2a47c627c3615f90700,69.9,26.57,96.47
ce5ac3d77cca9ee37ace392eb33cee3f,49.99,16.11,66.1
ce5cbf2f45858052b9bc0af3690399cc,86.32,16.36,102.67999999999999
ce5f7f7ad317c7433154353ccd683f5b,45.0,9.27,54.269999999999996
ce5f998d724ed1ac61c890e33b24a33f,139.89000000000001,47.54,187.43
ce63c9b68df2841a944a62de0cd1bc0c,67.9,12.61,80.51
ce648a016d0547e13c8cf94449256982,279.99,74.91,354.9
ce86fa5a5108884726a2244bcae51ae6,10.9,8.72,19.62
ce8a75d279575fb471682893d3c42079,39.9,9.09,48.989999999999995
ce8cdf8291104b56565b8e6c6fb62901,115.0,15.69,130.69
ce8d55aa1c206156fde37e062c716ea2,16.0,19.95,35.95
ce9a38787c8e09ef2239972b3149278c,45.9,15.11,61.01
ce9feeba53c652dd6569cca62e2bb287,45.0,11.86,56.86
cea3e6c11eb60acb9d8d4d51694832f8,11.55,15.23,26.78
cea7721ef82b51a0f124b20170c1e167,98.0,18.79,116.78999999999999
cec16bf8607acd5483286d4a74fb4365,303.6,57.12,360.72
cedac928ba1f320f1f61e79b3801b5c5,19.9,8.72,28.619999999999997
cedce2be74a9e660cec99d6f9c6674f3,45.9,11.85,57.75
cede91ea9b2186e794ef279d9aadd8f5,84.9,28.99,113.89
cee43113ca0a71b50e899098ec4c5911,22.99,11.15,34.14
cef4e03348c70c1c8eee3647083675ab,87.0,22.169999999999998,109.17
cefbd4fd50b98076c4368935c620f88a,139.9,38.82,178.72
cefc3e3c58e8a79b920d05c63e320c69,47.49,19.32,66.81
cf05987956ae425707062444530231d5,49.99,7.78,57.77
cf0fcb02e2f9b6dcfd6aac8d664b663a,11.9,7.39,19.29
cf196f76ab79db89d7a714a242256df1,99.0,12.19,111.19
cf1a41ef29ec5a9935e2d1809af97312,81.8,37.540000000000006,119.34
cf1e42750dfb79bff91aebe7606024b8,93.6,16.42,110.02
cf2159bbc127ae7a92a057266d687260,64.9,16.42,81.32000000000001
cf223cd5f53b6a5986f1ef788d3e9e83,129.0,12.11,141.11
cf290442e580bf03533aabf4c492b6b5,39.0,15.79,54.79
cf3953190a955e0f2e4a8552279713b8,16.99,7.78,24.77
cf396e4f907df065cc3d876bff73266a,49.89,8.27,58.16
cf5371c12093ab1ef7c39cd2cb895edc,84.9,15.34,100.24000000000001
cf5e115a19c54f0457aa4c00fb88ae63,220.98,24.13,245.10999999999999
cf73e2cb1f4a9480ed70c154da3d954a,50.0,11.85,61.85
cf771efcb04c578f9d3619f2632d8333,74.9,12.65,87.55000000000001
cf83caae8eba6306ab83c98f7ce4f063,89.8,30.2,120.0
cf8565a85deb141e6113476f67622a70,79.9,22.27,102.17
cf8734286de02dbdf9700cdf2bf07976,47.65,7.39,55.04
cf8d72f2d5f3f85c3b72a64842862842,84.0,30.2,114.2
cf93d49a9e8e671eb28c9eab24cf0f39,39.9,7.78,47.68
cf954e7391c1981cc9090267aec67ee9,52.0,22.94,74.94
cfa24f77a1afcf0827e88b162f7cf0b2,99.9,14.78,114.68
cfac0d6ffa23400c25da017e69a17370,98.9,23.45,122.35000000000001
cfb3e7072452d771156c3fa588c1db10,59.0,18.29,77.28999999999999
cfb41833e1a64faae527b974cde5861d,12.1,8.72,20.82
cfb88f9053ce059b4de5d506ca4a2c5f,269.70000000000005,53.64,323.34000000000003
cfcab3d63fc144cd189d0af6e9213053,79.99,8.75,88.74
cfcb1e7c684257721d28ca81c394714c,71.95,17.93,89.88
cfea19cacc7328f2fccb914fb0fd5fe2,420.0,25.94,445.94
cffa313cdff9d1f11d1a4d18be00369f,99.9,16.46,116.36000000000001
d003080bcb95015f5bc092748ae52697,19.95,15.1,35.05
d003f1dd8a01261b3625598a4554f4a5,378.0,23.3,401.3
d028d198f371aec5c0bbcadfc46c943c,15.9,18.23,34.13
d02add6627c4d73a21227674f39e6f86,99.0,52.7,151.7
d02b1845a40a0f3f58d0fbf2e04fb0d2,29.9,9.34,39.239999999999995
d03ba703f83e314f2bad7505a1031522,39.8,28.2,68.0
d03d538e1d175455ecad99c3d0ff007f,202.0,16.16,218.16
d04aa7a56c20579debaf2cd69ce4dd73,219.8,38.72,258.52
d04e58d009641c790ddf6b7b41790f87,69.9,44.26,114.16
d06755faae98d8d12f395a11570f10ec,79.9,19.75,99.65
d0714b92348bdff5af0cabf84ae6c2c0,169.9,17.34,187.24
d07179898f582cd4b62f9f5328698baf,74.99,20.57,95.56
d078600a7d7a9465e58dfa3e377cb2be,59.9,13.44,73.34
d07ea9203ae0a6ea15a2eacc87b4c0f7,16.1,17.63,33.730000000000004
d08a45bfb5b6342c010911e51868f688,149.99,17.3,167.29000000000002
d08a79ed250412c79cc17a81c4abcf86,13.65,7.39,21.04
d0a376ad0575bef38f57ec1665a353ea,39.9,9.26,49.16
d0a945f85ba1074b60aac97ade7e240e,503.84,37.16,541.0
d0a9dafd211ac9467af0318383ef4da1,227.0,16.34,243.34
d0b7e763d0e6a967ce3eab75dd63f912,65.0,7.72,72.72
d0bff47153ef056bb4f884a2ec2f0691,39.5,15.11,54.61
d0d30d1f6b48c8e1266d9b960dc191d5,89.9,15.38,105.28
d0e379ef6e0ea864c470893dbd5da4dd,672.22,95.62,767.84
d0e7875fcf8fa009f5295ad397fc7e18,100.99,15.02,116.00999999999999
d0e7be325a1c986babc4e1cdb91edc03,21.8,23.7,45.5
d0f706ec8a0d8cd8b1733c1f2f7f4701,69.99,9.34,79.33
d1036b47b42a66f67a5c1b350697ee26,30.9,12.48,43.379999999999995
d10471750e335e783fff1bc755988a86,49.0,7.6,56.6
d10a096222e79b442a554b53eab60f9f,89.0,13.64,102.64
d1145062aaf9a31027f9fdd20e8bf0c9,89.69999999999999,24.33,114.02999999999999
d12e769a4e50f157d2c6cdf423dd73c4,199.9,55.84,255.74
d136b518be06f7ea4ea85de10fc1c9af,49.98,15.56,65.53999999999999
d142e450e61b3eabff86c13e6a89a720,99.9,12.83,112.73
d14da316939ad2245cd4bb898bc45a62,34.99,15.35,50.34
d155a1a261652fa30114d2b6c6373e21,97.49,17.93,115.41999999999999
d15f3a37c2d19f75e8910870bd5e3d71,170.0,42.16,212.16
d17caea6a555b8d399674e0a8e600bfb,36.9,17.6,54.5
d17dc4a904426827ca80f2ccb3a6be56,36.9,17.92,54.82
d1839b49944e9f40df652ab476e812b7,259.77,10.01,269.78
d18585adacf5dc420841dfb67243a224,49.9,9.1,59.0
d18a9528e8077026b951849741ab227b,58.0,28.2,86.2
d191ac7a9642a12d39419f26f43f800c,160.0,23.92,183.92000000000002
d19fb6723049906050963193ff88a628,59.9,20.91,80.81
d1a10e07647c7845b8590cec57d589c1,499.9,17.25,517.15
d1b41c9a4b92b7549be35392fcd782ab,86.9,16.24,103.14
d1b7637acd3a7a42101faf9066e7309c,79.98,13.56,93.54
d1bf58d8a4537bcae92031dc9506b0d1,83.98,68.3,152.28
d1c8a4c31e8c7baecf7db50c988e5527,529.9,54.43,584.3299999999999
d1c90196444f5facb3a682e1a531abd7,19.99,10.96,30.95
d1ca62d0563ff1cdfe83f9bede16baa9,49.0,16.79,65.78999999999999
d1cc6390ec948b6e8d38ebddd2996d18,155.36,25.76,181.12
d1ccf9110e914e714e76f6434142710f,127.0,27.62,154.62
d1d768d42cf0f3a2effce95ea71e111a,89.98,18.14,108.12
d1dc1009ec8edc0f30c6a3477a57a143,19.9,15.1,35.0
d1e6d38e939e395dcc3e0558678612f9,329.99,20.08,350.07
d1f61db27cb2ec79064854fc336bfbe3,39.0,11.73,50.730000000000004
d1fcbf740c2191cdbe2378522690d12e,49.9,26.65,76.55
d208c0e6c8b9829a4ede83ff0caa36cb,139.0,13.77,152.77
d209d8b7e741f8ce447b0173e579e3a4,59.9,12.48,72.38
d21ea1f0cfac8642b1a98b71ac53e32f,59.9,13.44,73.34
d22b9cdf085b4c46374d974de5b98296,16.9,12.69,29.589999999999996
d22f0b06e1519065d7eddb2ba6b79b63,49.0,17.64,66.64
d23a16076a7e0b48e1f7d598df7136c9,34.99,7.78,42.77
d23bc376aeb971eadf9129860f03c047,229.9,28.59,258.49
d240d33f0dcf05513f86b7846c4db05c,349.9,28.77,378.66999999999996
d250f8e317f2d2e56ae505561a800dce,199.0,13.73,212.73
d253842de8c5d6f95feebe80f6f6995e,299.0,8.96,307.96
d27c9535dfd56cfe107bc9eac1ac3e31,138.0,12.47,150.47
d280ffa94ba8d94d4fc416ee85612a52,89.97,46.31,136.28
d2927bf34d3adc3b878e226b7af91519,202.0,47.599999999999994,249.6
d29eca3633b0b60adf268cae9133cd93,49.0,7.78,56.78
d2a447028b1fbbc9200739e3fee4e22c,52.99,9.12,62.11
d2b03101f40ceec33aab383966db0328,199.9,16.5,216.4
d2b4a4076a8cb3ca3b43a1ee90b4a0e2,35.0,7.51,42.51
d2cf258da81ae1043667e2f77c510deb,89.99,15.39,105.38
d2d1dffb59073c276cdd5dc8d4c609c6,149.0,40.37,189.37
d2d240860510d69b59a0ff9624d195b8,49.9,22.06,71.96
d2d2b46f15aac179d92c40438fb3a4e6,46.2,9.34,55.540000000000006
d2d9d607f76c92a3c0c85626e59b04ad,114.60000000000001,54.69,169.29000000000002
d2dd52f27ff69c333cfe7c6dbd4a6a08,209.0,34.83,243.82999999999998
d2dee958cbda7c87cbc097cf2f5f6c1e,59.9,37.97,97.87
d2e1e475eb8219af9fae283307d88860,26.9,12.85,39.75
d2f5b152ffd674ba33f9e125cef56724,214.99,28.88,243.87
d318b798f415b925411c4b1158c2ca9a,62.0,14.74,76.74
d31ccf5695e6ca12b39b5b1f2eb7f6a6,172.33,17.65,189.98000000000002
d32ec519c65a1661bb50020bda09194f,134.0,18.44,152.44
d34f01a9355c71adcc41fbc504e8609f,129.0,21.39,150.39
d34f898378d4f1f59f6a5aa731ecc983,29.99,23.36,53.349999999999994
d351ad232c9e018edafa9f34f5d03e63,422.01,25.67,447.68
d3582fd5ccccd9cb229a63dfb417c86f,23.4,15.26,38.66
d3595dfd1c2d8bdbfd8d2f3bb98a5cc5,86.69999999999999,35.22,121.91999999999999
d367a93b215e8828942054fc3799c834,147.9,15.79,163.69
d36b13fdc087b62c490a9db5c0e0a913,79.8,17.0,96.8
d3762703e4549c646c1f000b5094abea,34.9,9.34,44.239999999999995
d3775e436e60258e62e678a0f68a0f8d,199.9,25.95,225.85
d379476af4ac3bc71f0f857e9f2827ef,120.0,8.1,128.1
d37c9e8893d10d17fbf866c85f0dde90,196.0,42.36,238.36
d37e660e61680fadd235a5ca5b6721bb,74.99,18.4,93.38999999999999
d37f6eeb2d27fc449e65051940060719,29.9,13.42,43.32
d384b1c62ae84499639bcfbb3f9f8116,49.8,101.7,151.5
d3909d7239431c7132c3aac806ec6507,145.8,25.28,171.08
d3abd72db4f9d182cf59e936ef0baf5a,8.6,15.23,23.83
d3afe40f7060b3287d948a6bdea42687,26.0,7.78,33.78
d3b0d8353eadc4ba7ff0b60f87949a02,29.0,7.46,36.46
d3ba1a847406ac4e4a0c162d1ed5c0e4,19.49,18.23,37.72
d3d6788577c9592da441752e8a1dd5e3,58.99,17.66,76.65
d3dd51abe467d226f8be61f48388eba2,399.0,11.13,410.13
d3e4a1e18bc6278ceaec89c39a69083b,39.9,8.88,48.78
d3f58dcb7705f30c2257940517740287,188.9,19.45,208.35
d3feb75cb4e8d372a35e074fc1175bcd,29.9,34.15,64.05
d4113b34b5912aa49875798a65d88613,134.9,9.68,144.58
d412e855fc7d9c1019d9fcec73c0f7c6,154.0,40.07,194.07
d415e95816c2f3a2a34e06cd519157cc,25.49,17.06,42.55
d41ebe858c1aa2cef4e728fee0b07230,59.9,18.52,78.42
d42c0ebb65d63fd42b509a1573c281aa,115.89,23.61,139.5
d43547ebdfd7f5f70df830db89710200,210.0,33.4,243.4
d43872a5beeeefe86421f622da91fb38,105.0,21.57,126.57
d43c3e1412d9022efffd1148ece29ef0,39.97,7.39,47.36
d44d01e695a204a2d7dc91ef82378e2b,79.9,19.53,99.43
d44d3aabe5fd82754ca3b4696cdc90e7,738.0,24.14,762.14
d4575d5b52616538e99ffe90f8931f81,184.9,19.39,204.29000000000002
d45ccf00bbb028620024ed708518f15a,59.9,25.26,85.16
d468c8e289ec694cf907f29e5291e94f,51.49,9.94,61.43
d48af423b2e9d7e208f37ba365eebc1a,80.0,17.13,97.13
d4922affdd87d3e42657243354c7acd1,35.9,23.05,58.95
d4b3b00396bf3d72f49b2e06219f385e,59.0,13.43,72.43
d4b7cee184f5ec6e5819759fd4178b90,59.0,26.88,85.88
d4bc55bf7aa33f5d5d8b6b53d1e2eb8f,59.9,16.86,76.75999999999999
d4c2efa6a85e5aa02652b1358cc340fd,29.9,21.15,51.05
d4c324a61d74cbf91304f5c193b5d788,67.8,11.97,79.77
d4c6aa2277352d92106b387b2ee13839,129.9,11.93,141.83
d4d140e1cbc20856440a8343432848c4,169.99,45.65,215.64000000000001
d4d8638eaddca23adbfdd1b383a5f15b,91.4,25.39,116.79
d4dbf57d426f53d8324bdd93b74642ea,19.0,16.79,35.79
d4e770b405f1a265106474eaf37ded74,69.8,41.68,111.47999999999999
d4f742f7a223add48641c06ac0b96a25,229.0,17.23,246.23
d4fae577806d683110e00e18a5e181be,103.69,35.730000000000004,139.42000000000002
d50b42288a180cabdc414b2d43b67a3d,129.89,21.4,151.29
d51cbac21a49941976292ba004bf4165,87.6,26.74,114.33999999999999
d56564f21e612a588607e9ffb39b9d21,22.9,11.85,34.75
d58bd8dc62db2951199683fcb7dc2df6,119.0,9.19,128.19
d591a97fad2791ee9d973b748fd1c4d9,24.9,10.96,35.86
d5a0f66337a578c36b0091b8600a860f,144.9,23.59,168.49
d5a4e5577531dc95e5539e0b2bdac87d,45.0,15.1,60.1
d5a9bcd8e843bed6dc81287ccf656d3f,45.5,18.47,63.97
d5b4f23f53baadbbaaf0c6a983494333,28.99,15.1,44.089999999999996
d5ba4800b58a75d721450cb4ce724015,79.8,14.78,94.58
d5ba8093739265fed17f69492c65670f,35.9,15.23,51.129999999999995
d5ba80d74b52c335ae36398d6159e6ee,340.0,31.88,371.88
d5d3b4b504a59a416704978bb72fce3d,24.9,7.43,32.33
d5d78aa1e1666a81b03bd8791c865fd3,69.9,12.83,82.73
d5d91beade5592a7f19b57ef4910572e,66.55,14.78,81.33
d60a89ab9bc1e68834465ae630c3343e,79.9,35.69,115.59
d614d13ed2aca6884ec736b100a96c50,67.0,9.22,76.22
d6199904747af716384a5ddfde0e4b9f,149.9,39.1,189.0
d61b915b69851aec8a8865f36cfd793e,69.9,11.88,81.78
d61e965b73507ff3aae57337ec2f20ca,69.9,21.57,91.47
d6235477014458ade86158040370fca8,53.49,8.72,62.21
d634e78710f26d98ace611f615489774,29.0,14.1,43.1
d63f6af53a35a1d7e6a58ec09548b9ed,89.0,37.92,126.92
d640a4c3a88331780424c072148b386d,107.8,54.22,162.01999999999998
d642fb15b0654daba438822439c28c01,84.89,18.47,103.36
d6573c37b3389e591e6b1a8e286eac99,94.0,22.37,116.37
d66690b9ba115c379910e119811db520,89.9,15.38,105.28
d66a9e689fb184277bdd64317e765729,30.9,7.39,38.29
d66fe524b24e426e1f20aa7358ef80db,89.0,7.88,96.88
d673513c79ca55525c1a535452b4b6e4,88.9,19.59,108.49000000000001
d67445efbe81f76ebe2f1e2c474411f0,58.0,8.82,66.82
d69e5d356402adc8cf17e08b5033acfb,149.8,13.63,163.43
d6a6ab6b5f102f746569eb2c620e8be6,23.99,14.1,38.089999999999996
d6af9770d6d713b4c3a4cd6267e9d2ea,89.9,17.07,106.97
d6be19fade8df35d46c377eaeb737f67,19.9,34.15,54.05
d6d7735ea8ca2ff812e770a2bde2b193,79.0,17.8,96.8
d6dde74bdeb424af6b660214881b4845,137.5,32.9,170.4
d6e3a9f9be1350d1e2bb6e25e8bfd05d,89.9,9.84,99.74000000000001
d6e8c00fe3761c680d73781f517b7e63,29.99,18.31,48.3
d6f81840dedabe214cbfa42226e7dfd4,89.99,22.5,112.49
d6f8b3535ac92252b48bd5e4c47a6593,114.9,18.05,132.95000000000002
d6fb74265802d3b7f2c16ebb97cbe900,219.0,36.85,255.85
d701dc60f61795a62070fa2494b6691a,74.94,90.6,165.54
d708b88543d7c2b7c9eb0b31864c8ca1,256.98,46.71,303.69
d7123732c68ff880f12d65c308f133a9,49.0,7.78,56.78
d715a52ed67662a1f4fc1d94e68b2ff0,99.8,74.98,174.78
d71bc96c14d72c5f5b76bd286d6304f9,97.49,12.64,110.13
d72e8cc4d5efd1b5149f68dffc423772,13.99,17.78,31.770000000000003
d731191f76c39fe5c7d22edddb6836ba,104.0,60.400000000000006,164.4
d736797e446b9c7bc072d55b49748180,64.99,27.51,92.5
d744783ed2ace06cac647a9e64dcbcfd,9.0,11.85,20.85
d7484d6207c35d75a99882ac7de536c3,49.0,7.78,56.78
d7537253b8b150b7fa2be482da1e7719,109.4,69.13,178.53
d75cb3755738c4ae466303358f97bc55,21.9,15.79,37.69
d773f56956696c7d318daddf1df0f801,39.99,13.37,53.36
d774dda8acab57dc1f473be2a975cdf5,42.6,15.1,57.7
d78332a90347977084cb14932f97ba95,38.0,11.85,49.85
d78bf5f7b32db25ce7cd2f808c72512e,45.9,16.11,62.01
d78c16f09da03410837a551a09a4bf64,29.9,14.1,44.0
d798a6f2eef74e8cd33a5c79db6a316c,59.9,14.13,74.03
d7ae3c10c3a4c7a721e64ba401ee745b,154.99,32.57,187.56
d7b1b205f635a07e904e5c4069b6859d,79.9,13.92,93.82000000000001
d7b464f6f1a31734fefea7eb6e9a9908,49.9,7.61,57.51
d7bf53fc0c235f32fd61f11e6cc99a2a,324.0,14.52,338.52
d7c9e609272d05de1d13cbe04eaa1a13,285.0,20.96,305.96
d7cfea82cf5f7148d0a6f7e5a45be7bd,125.9,23.2,149.1
d7d0eb9fb2a389917e37fc5411078df4,76.99,15.29,92.28
d7d3d5db0f040ecfad8982f09f73d075,26.69,17.78,44.47
d7d7c211bef169faf83515ce6e8294ea,199.9,43.86,243.76
d7dd7b5a139c49fb68a6977797599973,339.8,38.14,377.94
d7f4c7c033cbbcef2916aaf7b594becf,105.7,15.49,121.19
d7f4e2f755cf2f40aa7c39804cfe01c4,69.9,20.98,90.88000000000001
d80799e45b1938827bfd57d8ee9b3c50,39.9,23.28,63.18
d80bc8900db383324d145cfb1c1aa854,276.0,49.83,325.83
d81f982649f082683c9221af29ba1b51,45.9,13.37,59.269999999999996
d82cef48824870df9946d57e827ed727,10.9,8.72,19.62
d839ea07a528e914f89702508023da37,249.85000000000002,60.849999999999994,310.70000000000005
d84dce79fd962faab40bc1d4b084d9d7,129.9,47.21,177.11
d8548c48e1580222bda2c86c47ce10cd,19.9,15.1,35.0
d85964274bc133ecec1d771ed78e0f80,18.9,12.48,31.38
d85c2deca369a3930811855341fb3d11,349.9,18.7,368.59999999999997
d85ce9b0e10e08627fdc72bedcf4cde3,79.9,18.36,98.26
d85dd7b0f1c5839ad5b3cde77f196e53,56.99,11.01,68.0
d8627b28da69b163792bfd62ce10b6f4,48.8,10.96,59.76
d86359a45e3f6c6d8b35f7b13e41abf5,105.0,19.7,124.7
d8681bf9afb5bfde505998488d3c61fd,67.5,35.79,103.28999999999999
d868cf92a5a1305fc7277c60062e81ac,399.99,20.09,420.08
d8711cd641288f4e2e1a84dc3c6ade21,99.98,32.5,132.48000000000002
d871dddcb611a31e705345b5c37d7a72,33.9,16.32,50.22
d885635e019669c17658a0f898cf7dd6,59.9,11.73,71.63
d8893f2dcbccd15e2dd6d29ef69636ae,30.0,8.11,38.11
d891fcff7f5720b6a87ecd0a3dbf0c27,89.9,15.39,105.29
d898dd2a514f62601dc99b7858023038,34.99,14.1,49.09
d899038e9957d3d2f73bf50547f78d04,11.9,15.1,27.0
d8a46fc8e10a38b3756d7e677b3f6ab0,99.99,25.98,125.97
d8bfdbbe1b81198977776595047a0d98,288.0,20.12,308.12
d8c2d5ded5aae20ac6a6e9ef34d9c3dd,160.0,19.22,179.22
d8cbc79d1dd84f3c87cb2ca7663c930e,210.0,96.28,306.28
d8d04eeca6703f5545f4c25b8ace1ee9,38.9,16.05,54.95
d8e17d5f7dacf0970d316e7c03e741e8,19.99,7.78,27.77
d8e82d1f482cdb6ddce0701ace3bc6c8,176.99,25.75,202.74
d8f1c1e598fd2b2e9e562c42782e0226,50.0,14.78,64.78
d8f4cab2c25988993e96c6c02a837ec9,38.4,26.89,65.28999999999999
d905856c062516e1bd43377034e5c615,254.0,13.28,267.28
d905ef2a3ee51aff370cf4ca43eb5e8d,19.9,18.23,38.129999999999995
d92197e1617b69200451debc2626c333,295.0,19.95,314.95
d92a8706984271de71ada4185b112dcf,97.98,14.05,112.03
d93d9db59fc92ea85f60e36901b0d20b,207.0,46.29,253.29
d967b02c8e9ac87edb380250c652a6b2,78.9,17.8,96.7
d976668f821dc630fb317d30d3fbc35d,69.9,15.37,85.27000000000001
d9773132aa1151c56c6f940c8d29cc0a,49.0,17.67,66.67
d97964c911feff7a28e51777c2ffbc7f,29.9,12.69,42.589999999999996
d98a4e525a6240595557fbf149ff82da,99.0,11.9,110.9
d98e1bbea27add1b46f2f78aa0a3517b,53.9,13.4,67.3
d9b926f382e364900c6af21aeaede034,84.99,15.34,100.33
d9bf43027ddbeee4ced772f175c2dc40,49.9,13.01,62.91
d9c7513b739ea789b1724a5e75695f90,79.9,23.36,103.26
d9e44c3fd2ce16086619f299e92e12d8,35.0,16.11,51.11
d9e882686a56edc2560a4983f10daddb,220.7,24.12,244.82
d9eb574d9db751d3a86c7bf179ec2853,99.99,25.15,125.13999999999999
d9fa27f23d415b11ff675f6efc737f05,28.98,15.1,44.08
da0686c22c00de36d95422798bdd9cde,30.0,14.1,44.1
da06df7d040d5e2bf092e9fc47954e43,24.99,12.48,37.47
da0a6ee487d278ae0fc77b10e9c18d8e,76.8,23.7,100.5
da0abbc0c93081d27e4ad10ffc4a631f,28.69,13.71,42.400000000000006
da39c74861319e1493b1c77b6222958a,238.1,18.38,256.48
da4b750c427bc88754c6c019045f7536,84.9,13.95,98.85000000000001
da53145615b1d679fc6a9f3121d8bd85,19.69,8.3,27.990000000000002
da6c1b5c9a1106ebca4a15148d062c0f,219.8,24.94,244.74
da7af77d5f98212a8c1ad0b1c552f102,393.98,70.36,464.34000000000003
da7b74f9f21e34cc002c5910de20ef9e,499.0,67.19,566.19
da896a5afe7d1b0ae249c2c0bccb89d3,79.9,20.05,99.95
da9d5d868a28b17116214d1240c22837,49.99,42.38,92.37
dace8fef361782cc885129d17c2df11f,64.0,7.71,71.71
db064b03849f2171a59f4a8cd50778f0,49.9,18.45,68.35
db103a5891ce37dbf3a84d9273f55dbe,149.97,19.35,169.32
db22016bef74b6dc92aabe8713dd0eef,25.0,12.69,37.69
db4d62e39557516a1ce6145d0c659ae1,59.99,16.89,76.88
db5a21571d549b443f1b502b880e2358,125.57,18.13,143.7
db68ee136b9cb2c16d74fa11a7395e5d,29.99,7.39,37.379999999999995
db6fc36ce2a94f3e7af05707163314d4,67.7,17.18,84.88
db738d19eb9fe6721be783d4e46f1c4d,240.0,19.57,259.57
db7576b1fe440f4c0a808855aacf0948,9.9,8.72,18.62
db7b454406f5f1f11a4aeb0ee58f473b,27.0,16.79,43.79
db7c883ba7581113260202fc55e73782,229.0,12.21,241.21
db92613c074f00e53066388d48ad7512,89.99,7.88,97.86999999999999
dba5951df5e24339650c2552a565ad2c,129.99,19.01,149.0
dbae123b07ca4baf09ee93c5b52c8932,48.0,13.37,61.37
dbe73e59815a2106ffcba61fa14592e9,39.0,15.79,54.79
dbec54e46dc0fa4809af85a952a4b4d6,55.0,19.88,74.88
dbf76ef1323584fa387945f83b324534,23.99,15.1,39.089999999999996
dbfa3d8c05cc5d84083fc259a9feb5bc,129.9,34.27,164.17000000000002
dc0c88e3bec8210714d2176ddb06f276,59.0,8.29,67.28999999999999
dc1c38562bafbecca9a27dd77d6bdf5a,179.8,32.52,212.32000000000002
dc2d6dd2c769970b0b1ecc92378641d2,68.99,20.88,89.86999999999999
dc400373e624e9b0435847a79813c658,39.9,9.34,49.239999999999995
dc549de29b05dad7e04a830974bd9278,19.9,7.78,27.68
dc70e9ac18df7e49a5a51fb2ec9a5b02,24.99,14.1,39.089999999999996
dc7be13b2ee660f092e641982b4dfb69,49.99,9.34,59.33
dc80f04232a571734b52cd2c5b40a9f8,26.9,15.1,42.0
dc8155452b97affece4c5a698beb11f6,41.9,11.73,53.629999999999995
dca4a82d39755569d7c236f6182575af,129.8,28.41,158.21
dcb36b511fcac050b97cd5c05de84dc3,132.4,14.05,146.45000000000002
dcb668b21e7c36224624fc4b4ddbf0fd,55.9,14.7,70.6
dcb69a3c1f97a14c7189a209c641f1ca,50.98,42.3,93.28
dcbab7ed24e477a8dfa72d7f67ff6352,209.0,22.54,231.54
dcbd516c0f39081a5e542ef76bbc3fe4,49.9,41.33,91.22999999999999
dcc0ebfe0fa59c24fd859aacb8e1f2e9,18.15,15.42,33.57
dcc15ae978fb3fdf4dbe24079e768652,59.9,15.56,75.46
dcc5d3c9b9eaab642229ffe7b651e172,189.99,21.82,211.81
dcc97daebf3b61efe164a8e507c677d1,35.9,18.23,54.129999999999995
dcd164b97935d9b049b44ce46d77d06f,58.9,19.65,78.55
dcd7bf0e4548b5a99e81cca7a7160042,19.99,14.1,34.089999999999996
dcd8ae10d3d29ae2ef27cbe41848380b,105.0,9.09,114.09
dd12f57a8bc06b6105b3e8c0c1bdbabd,56.1,19.58,75.68
dd24afdeaec4b19f1252b69021aa4ab8,29.9,7.63,37.53
dd3d73f70b77e2a07f64360620621ca4,249.99,12.95,262.94
dd3f154e8c5ad253511759c5abb14797,36.5,17.63,54.129999999999995
dd46ed6749361613430203cd85006362,95.0,24.05,119.05
dd4ca62b4abb4a5fe11f24d45b63eb79,118.9,36.15,155.05
dd4cb06a82daaa4a3853003208a89799,89.9,14.38,104.28
dd50addabe54a9c924c82e73c4daac41,115.0,23.39,138.39
dd7e0efbe1cde6192eff0ea57a7b2888,99.9,25.98,125.88000000000001
dd812caab973d1343bb8acb37736f55e,55.9,17.3,73.2
dd9934c610c4363619b6b0f850365725,32.8,14.1,46.9
ddb0d201c7d2c8ce0e966d98128d16e9,33.0,8.72,41.72
ddb18ea9ad3aa3a2ab5420b75a12458b,300.0,25.92,325.92
ddb860efe17d6082630b99db1200b1c0,132.0,17.11,149.11
ddc5df3b1c497720bae1692c170baec0,148.9,43.45,192.35000000000002
ddcb87eddf4da29aafd1be7658fcef4f,22.99,11.73,34.72
dde3bf0e00ce7839990af294a0897426,18.0,18.23,36.230000000000004
dde5ba33adc988d0007371756995fb3d,190.0,16.08,206.07999999999998
ddee5c5feeb0bf3d7d713fb1192977a8,29.99,15.28,45.269999999999996
ddf16d77e858a32f36e10c289a28ef61,29.0,14.52,43.519999999999996
ddf732195968469df311feb9d52e542a,96.9,12.58,109.48
ddfc5bfeb3554462248798b6670835a9,89.9,17.88,107.78
de05dd73ee1b5a964eaa56f814c49851,19.9,16.05,35.95
de1b36816c8787f530a0c336e2598c12,319.70000000000005,41.29,360.99000000000007
de1f7486e03b78ba57d0f814b925ead3,145.0,26.29,171.29
de2198669f76c1dbd0d137f101a7d6f0,235.9,22.45,258.35
de25b0f0bc16aa46db52a0cb9963b764,195.9,17.13,213.03
de3574da763e9c4950cfc27933332396,63.99,11.15,75.14
de38b62136dcb5ff40d44d807c460a8a,389.0,33.59,422.59000000000003
de4887366c9ddf1dd93719769e1bc533,49.9,15.1,65.0
de4acd78231cc999a22fdba3a4dd348d,72.9,13.53,86.43
de555a095d66fc6e7b5a1131b4e0c31b,18.25,18.59,36.84
de5c6352db0b15363de90c22e79d322c,25.99,9.34,35.33
de7ee6becf8148c0952776a49f980c19,13.99,7.39,21.38
de90c6becfae7b59fc7f1642e8578a17,159.0,16.02,175.02
de95c0af6d85e644eed2ee08c4766606,74.9,14.39,89.29
dea7183b5687dd97ce0703f53b0a97a7,674.7,43.13,717.83
deab5b501cae4f6475a45bb4eaf79b61,89.0,14.37,103.37
dec187408e75f0e3a10eb475e45e6ab6,129.0,18.52,147.52
dec806358e32446003f5fea8111b10e8,274.0,62.66,336.65999999999997
dece33065768a2ac17723827e6a03c0a,47.49,16.11,63.6
dede3c730917196be4447afe5e985528,89.99,9.44,99.42999999999999
dee008fbad3f3868874dd10ab5977b88,19.99,14.52,34.51
deee3dcdb24a546fe11dbf20968395c8,190.0,15.84,205.84
def90fc6c7d21d34a14af3d6e4d866b6,179.9,9.61,189.51
df156891939f37c451dfa81e3e724540,11.95,15.1,27.049999999999997
df2a380947167bc1d9d863cf7247713d,35.9,50.97,86.87
df3e4e0056f83d44b57664f39f3dba9d,239.59,29.06,268.65
df410b19c3e348fb548ae68badd49827,24.9,10.96,35.86
df421353d656af08ee42d32fe894f484,407.5,63.5,471.0
df47cbd869bf95a968334c26476c76d7,35.0,12.24,47.24
df4823465132ba0a127c5734847a3a3f,153.0,15.82,168.82
df4a5680a53eb14aa69c035b1c759413,199.9,13.3,213.20000000000002
df52ca7830380e7d8f7292e99434eea7,110.32,13.21,123.53
df56136b8031ecd28e200bb18e6ddb2e,154.72,50.0,204.72
df56e27fb87ba6d4beb70719ffdd707b,74.0,20.97,94.97
df60585f4cb85bc7e7b6531f59920613,156.0,83.06,239.06
df6b027b8ccc733f264b64dd4f6de13a,10.0,12.48,22.48
df6c1db4ad957928715a81ce54563895,88.9,12.96,101.86000000000001
df77d1821312c74489233b53e2359215,169.99,23.55,193.54000000000002
df81dcb40098fb783a6525fa2f868bc9,79.9,35.69,115.59
df9deeb3f35f5f1f50697012b7bab129,107.0,58.54,165.54
dfa3653e86520b99a8a2dceed4362a7c,45.8,23.7,69.5
dfc6c80c73f6b324371273bd97e19c3f,59.9,9.34,69.24
dfcdfc43867d1c1381bfaf62d6b9c195,89.15,25.9,115.05000000000001
dfeb385531b47a17e24ab43992ebf15e,129.9,36.14,166.04000000000002
dfec7411ab4ba17202e5aa72bcd3a3e1,119.8,12.34,132.14
dfee867c0e46410af48a712d2a4fa179,39.0,15.1,54.1
dff1532187e859496ef16857a44c3d9b,25.0,11.85,36.85
dff2b9b8d7cfc595836945e1443789c3,219.99,15.13,235.12
dff84ff9aec9a566fa61a67661110009,31.8,23.11,54.91
dff8b1ccb6e61a785f9fad1cd48df4af,115.19999999999999,48.33,163.52999999999997
e003d94282e5f1e45760dde794a8a173,99.99,16.33,116.32
e0043b9e113bdc5f84b14893d62e00ac,159.0,12.32,171.32
e00ed9d20c3479f9f0e9727ca9d60946,230.0,12.81,242.81
e0172fe93d1e49afb84d1b9041640b18,19.0,8.11,27.11
e01e0edd184fa69973f66cfc1fde15b3,149.9,29.93,179.83
e02dc68ec812b53123f583c142466f0f,150.49,18.62,169.11
e033b92740c7c25bcd01a8bf92a51f32,37.0,18.23,55.230000000000004
e03566eab6041e05274e23b5a2fe5d31,254.0,36.07,290.07
e03758edc76b636006eb8f5bd648ca90,219.99,16.29,236.28
e03802b5209c43fd6ba9d5fefbd664ca,195.9,15.12,211.02
e05c05475cc96f65f8c34274398840d9,88.0,15.56,103.56
e062101a12bfc5d6a96a98ed8282a567,44.99,18.23,63.22
e068276f5e75a66212f75b84ebfeaccf,45.9,10.96,56.86
e08de031276032b05881e30eac0860c9,49.95,18.45,68.4
e097ac66f292d985c83f3e00b4169170,85.9,16.36,102.26
e09b153d0bad5b30851a6bbdb7ee0cec,229.0,18.85,247.85
e09dd765041e9934d762d51ccb26adee,59.400000000000006,50.019999999999996,109.42
e0a45cc3c593cdc760688f91ab70bf49,39.9,7.54,47.44
e0b5327e615585edf5ac1051a466172d,99.0,23.19,122.19
e0c51c7d23c16c36c365b7ae8bbe6782,189.9,16.44,206.34
e0c8e19935331054195ca859f10e056a,74.6,26.06,100.66
e0e83bdc2be394626d0f9177dcde0889,149.9,13.49,163.39000000000001
e0f3b3fba41526eb8feea1da8123fc20,35.6,26.55,62.150000000000006
e0f9660f398f606fc4326973728ad4cd,69.9,20.98,90.88000000000001
e0f96cc1ba052fe2de161845c9f24ab0,104.69999999999999,43.629999999999995,148.32999999999998
e0ff8fbdba29b1192269bb50ef72245e,199.9,26.15,226.05
e102402236ce8457d678acd1d3370e64,39.9,15.23,55.129999999999995
e104196e46cab854b8dc6f0beaa84d13,30.0,35.67,65.67
e10c9ad36c79606f76bfc8da8eb83aa5,19.99,15.1,35.089999999999996
e1171120e3b1615034d5372b0d3254a7,84.99,15.34,100.33
e11ba7fd8fe0728dcd89efddcda9fb11,149.0,14.06,163.06
e1215367814d0d82c496bf4c6b2ba6f7,118.9,15.0,133.9
e127e496849462216ba78b6dfe0c48ed,161.7,16.07,177.76999999999998
e12ba59fec6cde9a2cf1af5c0772185c,38.9,16.05,54.95
e15b3b93174a7c20a233c102141b99fb,179.44,105.28999999999999,284.73
e15c9f222bbdc4bf1d94606407787134,114.9,21.04,135.94
e178bee213ba3b996d728678aea863a4,47.0,11.85,58.85
e1860ce96baa10d7f08d86aaf5927459,83.79,9.27,93.06
e18d0e097ef9cdd7894ed1b82a2b7479,26.0,10.96,36.96
e18f0fd2df4f25844746735c988bf005,109.9,13.79,123.69
e19633c5f388df807021cded7372d3bc,39.8,29.04,68.84
e19e0055828458457bb47794c262b00e,12.7,15.56,28.259999999999998
e1b489d5811a2f0401eb7bfb88887cd1,119.8,12.34,132.14
e1bc1083cd7acd30d0576335373b907d,279.6,55.4,335.0
e1cfb9f3b52a559974c2148551dea108,99.0,40.42,139.42000000000002
e1e2b559781f43694643d53e2ef681fe,169.9,45.29,215.19
e1e8e3bca903de27e9a1c72b5a5795e0,271.0,21.98,292.98
e1e968a372e80f44b16ab1dabcbca579,49.99,11.85,61.84
e1f693a7777b9f6ff730a9d2b45a56cb,78.0,21.04,99.03999999999999
e1fdc6e9d1ca132377e862593a7c0bd4,550.0,41.4,591.4
e204c9b2f4c4eda05420bea7f4b7ac03,20.89,16.79,37.68
e214dd6d50b1fe9b3d0570441893f807,23.99,11.85,35.839999999999996
e21bb5b2af087339bd3614d77a0053a1,49.9,41.33,91.22999999999999
e22de883eaec82ecd47950dffc8e63f4,89.99,14.38,104.36999999999999
e23384b25f3ef1f0ff7d8f2b23b01842,78.9,12.68,91.58000000000001
e239d280236cdd3c40cb2c033f681d1c,85.0,17.03,102.03
e23ad32d5c15d9ad308baddc6262afea,97.47,17.93,115.4
e23c047042de8af99ddee111258c121a,346.9,28.51,375.40999999999997
e23eaa3bc8275c392145e736dbdea275,1999.99,26.55,2026.54
e24482f15e14b7c0adfe34b1c0542e43,16.9,15.1,32.0
e247adbf2a2f3ae78387acf1c1437fd6,110.99,57.08,168.07
e251afd3ced38d4de3a5ece05d615ef5,13.65,7.78,21.43
e2747b7f8ef2d891fc5c127dc44c68b5,142.99,18.72,161.71
e27da7442d05c49f4fa6388704a81663,150.0,34.85,184.85
e28a4c66f1484567d1e42b3fab64d923,24.9,14.1,39.0
e28b309a54ca704f4ef3c6fa95da3fb5,39.99,15.79,55.78
e29f9529525910e5629fdf7a2e569dbf,134.0,15.82,149.82
e2a04e95ea3fda8f64fc1edeb4e04c34,29.98,7.39,37.37
e2a13826bfe262528a6755b2d38e9d5c,17.9,11.85,29.75
e2b9859bf979f248fe6fa970d1710b91,79.9,24.78,104.68
e2c83f97c1de922cd2db1cd278fda544,209.9,16.22,226.12
e2d4589339629645d85a6c1a8215edab,27.99,15.1,43.089999999999996
e2d87ac3739c08508d0f9a46cf33786f,54.0,9.34,63.34
e2d9d1ca77005d8626107e6d9da6ee63,155.0,14.86,169.86
e2dc8a03b3380b3a3fa8c7e175e97688,69.9,11.88,81.78
e3071b7624445af6e4f3a1b23718667d,39.9,11.85,51.75
e327b1f61853b5d93ba0c53bf998b557,65.06,22.39,87.45
e328e23027b916218c9fba2f6cf9b682,45.9,8.72,54.62
e339c040755b354d17a122b68617cb4f,149.9,27.35,177.25
e33ae8b905bb0354b42f585bdfd3ab0d,60.0,18.3,78.3
e349cfe864fffc00009b4cdbdd3a95ec,212.0,12.98,224.98
e359056f7d7b5f57f57e4d8f61b5659d,299.9,16.86,316.76
e37ef4ac61b5803ac29b4056c8495108,38.9,16.79,55.69
e37f11cae9985ca58f0b56f268720537,106.6,114.25,220.85
e383fed56a3263977ef519e546eeb1e7,30.0,23.01,53.010000000000005
e38573f7a3dc73addbbd97817bd0369e,45.0,18.42,63.42
e38f9946fb20db4a597eed7547c59afc,49.9,14.52,64.42
e3956b68479689ff22eaf1f931ddaa29,55.0,7.87,62.87
e39fd2e5443413710adca912ade28b4a,69.9,16.25,86.15
e3a59f0c0070cef211194f618687ee20,166.0,23.96,189.96
e3b0455644fb8ac73c848e9f744c5e06,119.2,16.04,135.24
e3bab59cbada81d5a3df124e0a95442e,159.0,31.46,190.46
e3c4b2d7022588a02583a79b3f405632,59.9,29.35,89.25
e3c67a4bac0845d3ae12bb4ba0c667f9,14.99,16.32,31.310000000000002
e3d651007ef1548b71b4285ca0f484e4,110.0,23.57,133.57
e3e2cb00e99c9e726151683fe032019e,72.0,17.75,89.75
e3e77a472278ddd0f93e5b1391db15bc,88.99000000000001,29.45,118.44000000000001
e3ef3902f4da2bf727f00602d912d034,1349.99,31.32,1381.31
e3ffc18630aca4eb79dc587b127e2814,619.0,19.08,638.08
e409123d7599a3a34c467521576b05fb,141.75,18.87,160.62
e418ef83856cd1b69aa83b6992142361,69.9,25.77,95.67
e42b4cff5d459fc447019421a3cc5706,249.9,35.29,285.19
e4313fe2f9d83782c9426892dc497ea4,11.4,8.27,19.67
e433edc92cb5e3ae5515301b3309e303,449.70000000000005,39.54,489.24000000000007
e43a94e0ef58ee8b2507c9176c7581d1,99.99,17.95,117.94
e43f88863d1cc9cff18d753d439d42e8,419.93999999999994,97.5,517.4399999999999
e444d35248c6b1c8b408719cf0cdae3d,4.9,8.27,13.17
e46bdf3f103d892b73cd32d13062efc5,198.0,12.89,210.89
e481f51cbdc54678b7cc49136f2d6af7,29.99,8.72,38.71
e48247404129e18919a1425efabcf422,174.8,25.48,200.28
e48bf703c3d5e80776e4d036425edddb,28.99,7.78,36.769999999999996
e49d0607832db7c3b1343764225d8df6,330.0,10.07,340.07
e4a15d634030ab198f2c262701ef1a43,566.88,19.04,585.92
e4d119e7381ee6074eb45934cad67286,79.99,16.53,96.52
e4d23e4aa01e7ed940ad8a6c2e94934e,72.62,9.34,81.96000000000001
e4d96e6ad34780ade40c4b6dc2745a04,219.8,24.94,244.74
e4dbab8bc2ed64c1bfeb63cf0765c0c1,105.0,13.07,118.07
e4e7ac3eab5f637e1bbe465706a9e806,54.99,17.63,72.62
e4fbee33c090a0bb7899c33f71539524,103.99,16.98,120.97
e504f586e9ffc862cad95482af740af4,59.9,29.35,89.25
e51a9885ddaf8cc8e4a5f760fa7992bb,39.9,22.21,62.11
e5283432176f988a5d35d8f6b0711030,456.8,50.96,507.76
e54493dea108e0cb48f3571e1249d418,99.9,12.08,111.98
e54ac9a4438ed19f1367717699a2863e,192.0,16.09,208.09
e55445ddc4194e562e73e0fb3b49f26b,43.9,21.18,65.08
e555c759729439a5654103300684e242,49.0,17.06,66.06
e556806e85b03aa8192bc54ebdb15009,267.0,46.11,313.11
e562621b62675521d241e0a27a1ca900,27.99,7.78,35.769999999999996
e563afc47cb5fafb2ed8869e9e822e38,48.0,45.7,93.7
e56982c3ae61332bbf34639cf5362804,60.0,11.03,71.03
e56f72c9203fe285a42e1c21888e44d1,109.99,44.63,154.62
e5733d96d53e3a8a13f59a0fe4c38d74,168.0,22.89,190.89
e597a2f203b82a93de9dc256e72c3e8d,99.9,16.46,116.36000000000001
e5b8c6e3d666c6653f4eb12e402a0ece,135.0,25.5,160.5
e5c0172ee0cef526f88bc189213a5070,146.99,8.45,155.44
e5c7db6481f467875bd4d52357a8f8a1,74.9,16.96,91.86000000000001
e5d223ea6296e491df65d5786ad215d2,34.9,21.19,56.09
e5e34f7a2aebfe043a405c831b556f1e,27.99,7.39,35.379999999999995
e5e7f892785fbe21a339bcd77efdae86,74.9,8.72,83.62
e5f48c85f53cb4d3f36b6cca32673337,27.9,14.1,42.0
e65fa5f31ce4436d38bcf5e109fd43e4,120.0,39.77,159.77
e660da13091dbe48784500c1c3e2fb75,219.9,36.16,256.06
e668b4a7dee7f7ceea60324b812ed5e5,105.0,23.34,128.34
e67084522c92fecab73ff064333c4d62,18.99,25.63,44.62
e6802927f05b68de2a6b3c2079fcd830,124.9,16.5,141.4
e68635b5cb368d061f2acf5de4d617e7,97.49,13.7,111.19
e69a5e21c8b1ef4923a65be7357b67f5,45.0,11.86,56.86
e69c09a33d9b7edf03204eb2f7e828b1,79.9,8.75,88.65
e6a09c11fa9d7a43d90955406cab553c,126.0,12.38,138.38
e6aa8f1226387a88bdcb5b2f0a9f95eb,65.0,15.2,80.2
e6b62f5711fd308616f3db4e2061673c,59.9,13.44,73.34
e6c656a21310d32909eab8c157ccb639,600.74,75.0,675.74
e6d0bbe2424dd2fc97db5851253f90d3,109.18,44.61,153.79000000000002
e6d1b2275402fa4946ee8a3d37712c93,78.25,12.05,90.3
e6ffcd88cc3d2795303c2fd25cadf74a,69.99,27.04,97.03
e706d614326b76f48f24d82f86c0b2ed,439.8,33.3,473.1
e709c7cfc846b9fc5df47d1ed1bdfd17,110.0,35.28,145.28
e713dc6c1f73c883bc8e42bff335eb8e,325.0,23.07,348.07
e726c0e987fd6d15b61c7effe28bde27,131.6,61.24,192.84
e72a8568c8622825a95439791f668e85,63.99,19.69,83.68
e7336e1648bf13ca6664c8568363dbb3,176.99,23.56,200.55
e733891de1c5b78d0d7f77863402659b,169.0,13.62,182.62
e737af03de32cf2b9d013f5831754def,572.0,37.27,609.27
e73eb0a2c088eec6c479d66ac0d910f0,49.99,15.1,65.09
e7462b52f18d6033a0b5714f2dae7e79,211.91,16.69,228.6
e75011be2ec3dec23d2ed6757d35c792,433.5,46.96,480.46
e7502198c4c3631116855ae6a8df1725,249.9,26.06,275.96
e760839bf2e95526c08cd98abaa16804,78.0,15.85,93.85
e79714832b01797085c10409669150d5,110.32,8.03,118.35
e7adaca753bdafdfdee9f2ecc2effd33,219.94,17.3,237.24
e7bce5a1c5efd269eabdafea3013839b,83.41,18.16,101.57
e7c5ccfc34c262f8f9240ade57e01ed7,94.99,18.77,113.75999999999999
e7d9d1c03c10e6edb7aa4a91581cf871,69.9,17.74,87.64
e7e81487cee935dda2f15d591657bab2,166.6,13.72,180.32
e7edc87c7e9b1ae5ef04110fba7debf1,518.0,32.17,550.17
e7fa33e7dae8b411a97ad688c93d6cbc,24.99,15.1,40.089999999999996
e7fbf44c317d9ac6b87b0330fed92f1b,14.9,25.63,40.53
e7fe197c60eec45afb91acb7de6d6260,109.9,12.27,122.17
e80158981f299f984453ee1a55275764,20.99,7.41,28.4
e80adaeb250096a2042a63c4b3d20bcf,287.8,63.52,351.32
e82814bcbe40982225e142717ff99d69,34.38,16.32,50.7
e82821e8f1ffd4b14d53774b740db796,48.0,11.85,59.85
e832fe7f7808b5f981ee02746681d40e,105.0,14.94,119.94
e834a6d9d3cea0c687c250fc654a0232,49.9,15.23,65.13
e842dc26adcaa67fb96f4e32c2cf97cc,55.9,16.83,72.72999999999999
e8596a031f6814efc9b04e857f053ac6,49.0,7.6,56.6
e86c9bfc5e5cce878c7d0c2419927cd7,49.0,15.23,64.23
e880c960b083af6aae64e809acf0693c,315.98,31.72,347.70000000000005
e883aa370777928f8939c79a58ef69b4,169.0,15.93,184.93
e884a5f13002803a9e393c21d0c1b257,74.25,53.760000000000005,128.01
e88c93bf71895846c5dbc1cd709e2308,499.0,20.74,519.74
e88f2d374afb179c85305c2e855f9d04,96.8,25.39,122.19
e894c57e9986a9c5936b17fe19400a6a,90.0,51.13,141.13
e89e48d863049f7ca8a49758ae99f58a,59.9,14.51,74.41
e8a260d6cd7b356d0688ef3b78277eb7,79.0,17.8,96.8
e8a2fe3e5e58d8ed9080188f35c108ef,94.9,13.22,108.12
e8ad0b1713c8caae74f6da945c60d9e8,72.9,22.44,95.34
e8b733ef6cfc7789f508ec9457122f42,15.6,14.1,29.7
e8bbe1e50121557f66b60660a6b62289,129.0,13.5,142.5
e8be4ed828717563c5a78ad96ba1bc7b,33.8,23.7,57.5
e8fdf80510b65c9abdaf0ae2446bd55a,96.9,23.26,120.16000000000001
e90d8a867960fe909ecb460cb3a9e4d1,64.9,23.25,88.15
e90e7c747cb478cb9b973c929c0994e5,79.9,18.44,98.34
e9171c81ed4eab3e5c786817857e055e,229.0,10.42,239.42
e91e4fa5f881fa870e71c30c2c1921d5,99.8,57.5,157.3
e91f4cb0413a13fbdb115fa44b588404,65.9,15.34,81.24000000000001
e93662c430b438b8bd5d1bd6e35480a7,138.0,38.11,176.11
e940dfc11f35a222dc7dd0e6700aecc0,205.0,22.27,227.27
e94197623546186601aa880a31269468,54.99,11.73,66.72
e95221b086979e4c09eff4fef472ef04,19.9,14.52,34.42
e95da0c5222e85d118b3d1d3c7dba675,45.9,16.11,62.01
e96316295f9dac5e936626ee32d3b05b,68.4,7.39,75.79
e96c4302510359c340adad478ba16cb0,13.07,12.48,25.55
e98379ee17e55f764423de1d693daf42,12.9,7.78,20.68
e98de168acf11b1a80cea2ad5e8a5c61,118.9,38.38,157.28
e98eaa3acbf55a63a501cec1baf45f9e,629.99,44.7,674.69
e99a451628b46086835d5da0bd58c932,49.99,19.63,69.62
e99e0a939c251c9b2a412fd3136ce0ea,98.9,18.26,117.16000000000001
e99f27b73c1fb9070310e00d081d3c96,79.99,15.41,95.39999999999999
e9a21226714589b1cb43d10c0a8cfb15,34.66,21.92,56.58
e9a4388d99d4837e68ceefb1aa99b488,65.99,9.34,75.33
e9b0fa065e571c5a22a09c8d3b7e8fe5,55.9,14.7,70.6
e9b735c3e357b0f402a642f5f20365df,229.0,17.36,246.36
e9bfa573b732937bcce0dfee81481cdb,107.9,22.69,130.59
e9d40a10468b79b4c35c82f1bf078545,899.64,130.2,1029.84
e9d9941f914d3f702a186f0176ae231f,49.0,19.04,68.03999999999999
e9e6694329a69927508c82d943013cb5,125.0,37.56,162.56
e9edb54bb4120f4f69c7b036cedbc5a6,129.9,14.03,143.93
ea07d806c0b64019983aad62a7ee6ba5,119.9,13.86,133.76
ea147e73648571e7ae04cfc2ba96aa35,56.99,14.15,71.14
ea27276ae0fbab49a3e542b3f44f6fd4,45.99,15.56,61.550000000000004
ea38dbbe2044b5c96bf31ff508ba1aad,189.0,39.07,228.07
ea3925cbd40537018367b46fe65ee75c,59.8,16.35,76.15
ea402ebc995cf3c736876cff354a896f,50.0,14.78,64.78
ea461a2421a4be04b0d69e11e12788ca,39.6,17.6,57.2
ea5b8ab951ac72f344bebd303152f748,30.0,11.85,41.85
ea698ec8b5263e156c2f1ce2e36823c8,78.0,12.99,90.99
ea88f68397901f59ed9456a77f861c72,100.0,17.95,117.95
ea8dfcfa112dd9df068022a643e58a22,29.9,14.52,44.42
ea8efd0043199fe88f31e1fea2e840f6,152.0,23.86,175.86
ea90d633d13ac21849cee301594b8a64,159.8,30.62,190.42000000000002
ea967d0366237c813c6b152725ad11da,194.0,17.12,211.12
ea974c111a2a711f43305d2968ffa86e,89.99,9.44,99.42999999999999
eab0944c40c304c769e5c24309caa8cc,39.9,8.72,48.62
eab659d04f2bba5abfe11a2e6ef92bd0,34.99,15.23,50.22
ead42f8f41e34c480a4a9185ab74b37e,154.9,14.48,169.38
eadd7dba4c87a895126c2cc2f33b30aa,218.70000000000002,54.24,272.94
eae14ee62ea02e4a202dfa6d713acabe,95.92,24.87,120.79
eae81d7a6951b80a04eb152e76e3ba55,139.0,20.16,159.16
eaec9353fdfdae46bfe3cd8dac18b0c8,89.75,15.38,105.13
eaf073079dbf6ebac22213d250816e2b,19.9,7.78,27.68
eb034b8ac28dcdf7289050cf29af1647,139.99,17.23,157.22
eb09635680fadffb33358e40b05c9029,194.0,18.27,212.27
eb0fec00c8cee7edcc91a031d939ac1a,18.9,10.96,29.86
eb17935134e6fdd210b40a3d4f8235b2,347.7,36.12,383.82
eb2d13a05138994cbcc09986aabdb9b3,319.9,35.0,354.9
eb4bfa31c0d54df31280baa9f95e4e78,999.99,14.76,1014.75
eb4c34f6c71f98b594e9df32d8e3c851,122.9,13.2,136.1
eb5158d41f671648c1c954d8330b2f8f,149.9,16.81,166.71
eb5201600668a3cd864c0b28f54c212a,174.8,33.21,208.01000000000002
eb6fa782d366bcf155b957687a9d602b,43.8,18.41,62.209999999999994
eb7df5ec433a5660c84c3a2e1bce192d,143.97,38.37,182.34
eb855beb3ac99461f7a076b4c3652472,29.0,14.52,43.519999999999996
eb8bb2327b51442c991b414ac3bc397f,699.99,19.8,719.79
eb8f06a1cad454e1dd8dbb24de86a779,57.99,7.39,65.38
eb909499d5b377c57b0af7ce0b005bb4,12.0,7.39,19.39
ebaa42a79f2add158467770ca61a11e0,189.0,13.98,202.98
ebb2e4c3a4ed0d36a88cb8656e6a113d,184.9,41.28,226.18
ebb30219be9942791cb365838ca0dcc5,161.25,22.84,184.09
ebb5e749c1cd84b16d8628c9668d7282,13.65,7.78,21.43
ebc94658c583ab37ad4f8e9091c4bef2,54.9,9.26,64.16
ebcefe69d0a823b45706b43bde0e0d77,56.99,17.68,74.67
ebdfc2a2bfba1c888ea6011aec355151,144.9,37.269999999999996,182.17000000000002
ebe76afae9242fc70b0b807b78f17adb,13.9,14.52,28.42
ebe8e5e35f85b19e3b8132a054bbf523,105.9,17.99,123.89
ebf144597fc5b016fb405d0fea5c9e2d,25.99,8.93,34.92
ec00dde786ff2f5a34dda004de0b76cd,89.9,9.44,99.34
ec0dc4b572563095782c3e96a9f4d205,139.9,20.47,160.37
ec1692cdaaac26359dd2b8da5e6a409f,56.1,19.58,75.68
ec1ddc5ed60d1e3c7a4e0635c316aed3,99.0,18.27,117.27
ec24ea9acb22b2520d36d72a75eab525,56.99,14.15,71.14
ec300e68099785d2f09e65a62be091f1,29.99,18.23,48.22
ec323db17a13fc07c4b07f0f7f86986d,82.99,28.98,111.97
ec32da64530edaf31b54d88fce2d1da7,148.0,27.08,175.07999999999998
ec3d016217751432b67659200ab0da7d,112.0,15.53,127.53
ec47f6d453c95a0bfc244df7bf0262b8,798.9,28.09,826.99
ec4a8b6f050a71bbd34bea77493b7232,152.72,15.82,168.54
ec5865f7945e691793bc68e066c837fc,18.8,12.79,31.59
ec7450aa92a97c3397d0f535a6a78030,128.9,20.14,149.04000000000002
ec75a563a9c1e88a534f34f1280b0c8b,45.9,12.69,58.589999999999996
ec7a019261fce44180373d45b442d78f,10.9,8.72,19.62
ec7c6bfed4adf361322a0b6d6e5bfc51,119.0,19.07,138.07
ec85c27a8b665a26a66f773bef603731,109.9,8.51,118.41000000000001
ec902ac3921edfeace159efd4f973840,702.0,67.96,769.96
eca3005a4f60ceb77b67a30b74095ddf,12.5,8.72,21.22
ecc4c3f49c7e63c6fc8b2036fd78a185,299.0,9.35,308.35
ecd485553265a2cc3ddf9727901541af,65.0,7.78,72.78
ece689b6d40d88ddb1a8de932fe6572a,250.0,88.37,338.37
ecfac5c29a3281d0ccd4cd7b53ae7ece,13.95,12.48,26.43
ecfc1ad7d40898a7862c0791430bf513,16.9,15.1,32.0
ed062e6ea6c0af6dd097266ccca93953,48.3,8.11,56.41
ed0a6265b5b0a292cd537214f401f1fc,63.9,16.42,80.32
ed0b6f8c8617370e53735a5d963bb5b6,67.6,31.130000000000003,98.72999999999999
ed273ac994e955e0c775eccb0a6512c0,1054.0,95.83,1149.83
ed273cdf7e2668c17d6cb199ad52d7c4,149.95,91.55,241.5
ed2ea4498bcd56d90d461a23fa47ac56,29.9,10.96,40.86
ed552069bc1dfbbae315ecf454b1e5d0,52.0,11.86,63.86
ed601eaed5611e4ce24cfb482cf2b7b3,89.99,12.97,102.96
ed63d1955429b2d9b6172c755b4fa1b2,101.77000000000001,50.53,152.3
ed6b3b6afee46b97b6fbd13ce3856908,169.0,43.38,212.38
ed6caf9b63bf2103757e2d3bcacc7fc8,119.8,27.16,146.96
ed737c73d49d514352d4a57de3ca77c2,45.95,12.79,58.74
ed77ae1d4803934a1131cadffb78b41b,599.52,73.2,672.72
ed7cabc96de8c36774b894e98aa73dc2,8.9,14.52,23.42
ed81dbeb0cedad4d3d1f1551b06d6ca3,215.6,70.50999999999999,286.11
ed8ac79c99c0289b3ed850eb54ddd2bf,89.99,10.04,100.03
ed92e8596b1e39671065510a4f5b0920,59.99,16.18,76.17
eda613a4e8989dac08362e3326431eaa,56.5,14.15,70.65
eda8ab7b9c9d5e8456d446ad54339c2f,21.0,9.27,30.27
edaddb20d1600fbf9e1cd5d30a7e9198,99.9,17.95,117.85000000000001
edb81087bda65895772e72d1a5daa686,61.4,13.77,75.17
edc0fe108d350a1a98a62888287bc6f2,67.9,12.61,80.51
edd96b4f322cd7181741044d2e016158,36.23,9.44,45.669999999999995
ee044ff2777c49a97d4be749aa8e24bb,89.36,15.51,104.87
ee0ab7251e08896f99e68e22fdb69764,36.0,9.27,45.269999999999996
ee15d1d23898663a46ad1c4b08a45759,31.9,14.1,46.0
ee1e5461125181b29a98058b3e16d26a,89.99,35.95,125.94
ee2f74bd4af6f0a1995488fbd5c978ec,21.9,15.1,37.0
ee3a699807c80432481120cf1deb06c7,59.8,23.0,82.8
ee55499a08fd5913d6231b4702964354,151.99,49.16,201.15
ee56552853eb61a6cf4430643b023bc3,67.0,17.18,84.18
ee64d42b8cf066f35eac1cf57de1aa85,14.49,7.87,22.36
ee7aab7615cfc22e52462047d0e9f0db,113.85,9.71,123.56
ee84d18908ccf2b4c57008c552b98d1c,269.9,19.17,289.07
ee853ac1586ba81c396f4612daa1553f,89.99,15.39,105.38
ee8f5d7599c575d8f8eb1a2ea7d66686,25.0,15.1,40.1
ee941f6c41c8ec03c25b856432b50153,184.95,36.61,221.56
ee9b8c41892be7b578ef5756d88fcf49,34.9,14.1,49.0
ee9f3d0f79a91c7ea3153483af83ac3d,45.9,15.11,61.01
eeb83825e7b42838b690119b24688b74,79.99,8.91,88.89999999999999
eec18cec4f5f09fbfb40786402695c0c,20.0,11.73,31.73
eed9644811f4d0e16bbcf03449d12698,119.0,25.31,144.31
eedb09f615e5d17f4367396623933751,126.12,23.38,149.5
eef26c46e9fd031a373c429edc171b59,104.0,17.17,121.17
ef02b499ada182fc2a48dd525cb062c0,39.99,18.38,58.370000000000005
ef0db33f981ff522a3a3ad0212e9148e,18.99,14.52,33.51
ef118656ef537afb61840ff77a86a067,129.99,46.76,176.75
ef18c0e65576729dbf505f63f1414736,92.5,8.81,101.31
ef1fc34d1d1ab34f4eb53f2c9b4ed2ab,49.9,17.6,67.5
ef22458e7cfa237cd68b3be657f4f0c8,37.19,23.06,60.25
ef2774bdeb80c7328fc571f5352bf615,59.9,15.17,75.07
ef4b0dc494de58aea86ac5293bbdb59f,14.89,15.79,30.68
ef4f4e96809e911e8a0aa7f8c412aed2,45.0,15.42,60.42
ef619b0959105492c5adfe3ba5a2fb9f,69.9,15.25,85.15
ef66cc60de5221417b5fb81b1c42de85,40.0,19.32,59.32
ef6ab439f4c596638239ac71cf5fb391,227.8,8.85,236.65
ef71061bdf8dc442c060d4f0d8266a2d,189.9,15.5,205.4
ef7c5d4791639dc1862b7bb3bacb3d48,118.9,15.93,134.83
ef7e4d318e5714c1e8e07e97c981ce36,39.8,15.64,55.44
ef9e99b54f2c9f69f4182e2c5f913061,109.99,16.4,126.38999999999999
efcd8852328a37fca811747c09c6fb69,40.0,19.88,59.879999999999995
efd17d7b355035d21f96ab368400ee5e,398.4,28.9,427.29999999999995
efd3b94ce05ae57bce1f417fdbbc16aa,120.0,8.26,128.26
efd626e6a12a82d76e456e34093f8356,185.0,17.05,202.05
efdd2a16264f8e4d18564f8e7deb071c,72.9,14.68,87.58000000000001
efe5bb701ff507ffa4736a7c07be50d2,179.99,32.29,212.28
efe6d4dfee60757b66595c5fd2920f10,152.0,15.81,167.81
f002422b59aa21ebc2c12136d1ab4019,65.9,16.22,82.12
f0031384d36ff045ee1e866942d0fa7a,74.9,47.18,122.08000000000001
f0089d43f99d1bc295c05699b4facbed,219.9,54.97,274.87
f014aa85d8f495d824d120e9035faacb,40.0,9.44,49.44
f01cedbfe57601b0145a8331f8289138,139.0,49.5,188.5
f043d325dd5b6eeba051156b18d49dd8,330.0,38.06,368.06
f049e19134a95d09c806851a5ea1872e,19.9,11.85,31.75
f04c7589129e26f1a095e07ffc2158bf,99.99,17.41,117.39999999999999
f057e285395efbc0c032cf9e4ccfd146,22.9,15.1,38.0
f05a68aaa0d8f89e758c7134d53fa22a,69.49,16.93,86.41999999999999
f05e7271c8182b1a9c40cc7154f63616,89.9,15.38,105.28
f06059b8f4dc49c4f76378b7715a63b0,294.0,13.26,307.26
f0ad6b89b7bb4a740b8121a4a69511fc,99.0,15.68,114.68
f0af25b55365e27fbd6a93df45d9253f,19.99,7.4,27.39
f0c8fa435e06ab4c026e78d690a6948d,83.8,33.71,117.50999999999999
f0cd656fd53ad367dc70806501ef74eb,119.8,38.78,158.57999999999998
f0da18535563cff323fabde1c9316f85,179.0,9.63,188.63
f0dd9af88d8ef5a8e4670fbbedaf19c4,84.9,15.35,100.25
f0e74c12ef7d4fd25bec19ecddee5438,199.65,16.15,215.8
f0fa751754bd0d673e3eb5563ccc9d41,35.0,8.72,43.72
f10c009ca3eae0609b1ad632f68dcf67,199.0,8.65,207.65
f130f074bea141b1b46b3d419a805379,49.77,34.15,83.92
f1340835d29043d62518455ea808c84e,90.0,22.95,112.95
f1450c491bd196d4089076234a1b5cae,99.9,30.23,130.13
f15016a558849089056c7b9fb908ebba,29.99,18.23,48.22
f15da8ecf7448df2333a470d2637bffc,72.9,35.83,108.73
f15e15e34e647bdbf9b1d1a608d6518d,79.8,18.52,98.32
f16cbac8a72057c2daba4b64662100ba,437.0,62.29,499.29
f17562c57401466801e6a378f504a6d0,45.9,8.72,54.62
f175d67589e059cbbda956f10f0702e6,9.9,8.72,18.62
f17c68f902fd50e36d9c37ccf4c85870,25.26,14.1,39.36
f18578a9083482b2be8c3b35075568c2,49.0,14.1,63.1
f1997789bf60765f135ec0f174be55e3,229.99,38.3,268.29
f199cd14cb3f15b4b30dd5b94dcb7cc1,219.99,21.94,241.93
f1a325f15bbf16509adf17167330a905,329.9,67.4,397.29999999999995
f1a8e3250a46ef66707b6b0e103c3140,95.0,15.77,110.77
f1b2f741c002e0bf5f0f63e3b83c1a21,165.6,25.42,191.01999999999998
f1b8509dee2f914e33ace8b9555a7e51,249.9,16.5,266.4
f1d6d7277ac0980ac1b522e9502d87c9,59.9,15.17,75.07
f1e56e6888d31427f56814ae6077aa45,100.0,19.89,119.89
f1e63d984de289ace77245034ae6cbdb,64.9,19.69,84.59
f1eb378be592a06b8c3c6006b7d7102e,49.9,7.78,57.68
f20ad794a21ea34c982e74ec18f7aaec,59.99,15.18,75.17
f20cb0150781a32271cd460ad28a5ed2,93.1,14.26,107.36
f20f3bd3916e50fee33dbbb0b29164d3,70.74,16.26,87.0
f21167a5141522821d54a766a2a54ce4,44.99,10.96,55.95
f22644ff4e2002aee973a3f3f815b135,19.49,7.87,27.36
f2270ae03c6578b9cb6e4bba286bc962,34.3,18.23,52.53
f22994b30f7ab7b86eacb2ea99e61a86,79.9,8.72,88.62
f22aed5c774f9d70037e26c5a4b691bd,19.9,14.52,34.42
f2314bb87d6f10a76f4a5d73c19487e3,225.0,59.66,284.65999999999997
f244841f5a461472de8de82f023b1371,94.9,21.15,116.05000000000001
f2665691d2aa17a8c8a37438686b1927,99.98,30.2,130.18
f269e83a82f64baa3de97c2ebf3358f6,38.4,35.67,74.07
f26c31dc999a7994a4369c805f0bd029,450.0,159.66,609.66
f2710c3e65b68cfc927a8aac6ecebe83,220.70000000000002,38.39,259.09000000000003
f275879ee3e5b5f212e1d4079ab21ec1,107.0,18.63,125.63
f280ca4b6f953fa570dedf6f9b6f383b,65.99,9.74,75.72999999999999
f299e3cfbddf9de401e1f1adf33cd788,472.0,62.32,534.32
f29b1fdd44f820a916d3f1946a88c333,89.98,36.46,126.44
f29d2e7d66aaf2845c93e1fe45fabc8a,160.0,19.22,179.22
f2a9a390ab5775c0fddbb8e49ae95614,139.9,12.07,151.97
f2b250d8c9c73b5b3e16e64e8448c3d2,279.9,19.84,299.73999999999995
f2bb3a124d84782133f5aadabe42adca,109.9,9.58,119.48
f2c1000210dfbf33893aea78fd9d776c,179.99,14.86,194.85000000000002
f2cb3992c58b20c12ab229c53eba0df9,42.0,12.79,54.79
f2ce3b8d9c16e475c92d3c2d51809cfe,7.9,15.1,23.0
f2e15e1de54cd372765716e6bbd61fa5,99.0,19.28,118.28
f2f2e2554ff7ce6f4ac51ce640a8a9d2,165.0,66.57,231.57
f2f994648283ef31bf69ae8b9109921c,65.98,25.38,91.36
f2f99bdf2e5cc73abc5e135a2ab1767e,27.9,18.23,46.129999999999995
f3028a8f41ea1ee2b461420913663f97,28.0,14.52,42.519999999999996
f312113915f8f85b447cbbb41a3bda73,46.99,12.69,59.68
f318811b0fd898d1edf78d6841470be2,69.9,13.51,83.41000000000001
f318921851480832ec75983410d612d8,118.0,39.2,157.2
f32506d911d029d9aa31e074798f2c2f,55.6,12.73,68.33
f32d6929db9c0600d0b70c698f45ed71,59.9,13.44,73.34
f336c8ae5359af5ad4dc657f0ca2468d,59.9,15.17,75.07
f3584b023b097595c8e2b0b6fd51a839,59.9,18.96,78.86
f36263024190c7e3817fe397e16b2a39,69.9,17.74,87.64
f37cdd40de53fd4b961aa07433c716fc,119.9,15.59,135.49
f380a3a29b8b454d07e134ad890c93b3,15.5,12.48,27.98
f399b1b1cbfba9dbe26183ac60e6eae8,79.9,17.81,97.71000000000001
f3c3a2ca4f66b5a0c400b09a1e795d57,69.99,9.34,79.33
f3d2d81bbba5674341cadf212e3ba72a,44.9,13.89,58.79
f3d2fb271269ba8f728d079575258095,195.0,26.65,221.65
f3d907ca2389186613781da85106e282,32.32,30.2,62.519999999999996
f3e4f61152aed686fbbb83e794cc246d,56.0,7.78,63.78
f3e7fae1e0a6001047deeefa288f96a9,89.1,19.59,108.69
f3ee55bf50ef2f2318599425ef80107d,37.19,23.06,60.25
f3f19665e7205700de2a40ff56bf2d28,51.0,40.29,91.28999999999999
f3f3b27cca7955c784c143b5886558d3,103.9,20.22,124.12
f407f10544f08b5406732fd467aa4bac,59.9,11.98,71.88
f41fbf3e30f0f79822348910ca2009f2,66.0,38.43,104.43
f432e55321dd8f944adae5d73f210af4,130.0,15.66,145.66
f44109a5bdeb8222bc76288fe1751d35,48.0,13.47,61.47
f442020e13b718d40746ce039d97b4c2,165.0,15.91,180.91
f45c2739157a61ee8da5724e961a227e,195.5,17.13,212.63
f474a46ca16058fe246cdabe215c66da,166.8,22.88,189.68
f47a19bfce7086d0e3ddfa0633d20035,39.99,14.1,54.09
f47f765aa8145f17ab00798fa7db8c41,109.80000000000001,28.34,138.14000000000001
f488ec10381a645d100c8e7ad0c6eab4,149.9,21.54,171.44
f48c7b1f3fb890715e12d1f3217e99b3,209.99,27.55,237.54000000000002
f49196a3b79948c69b3cf03a6ce9646c,64.99,16.15,81.13999999999999
f494e4f6b6de7aeefe3af00acc8b3426,40.0,13.37,53.37
f495e955026183e7f6bbb3dac79b88e6,319.99,18.49,338.48
f49fba97be6948603366581e885e2a43,35.0,8.88,43.88
f4b56fe7668e96ac977ad7bb6471bacb,158.0,36.43,194.43
f4b7ccd15f831ff995d4f307b0dc0f0b,1200.0,25.05,1225.05
f4e8ad5799c4158d5a46252237570e68,350.0,13.06,363.06
f4eac8362e4d9737df507555b8894b68,243.9,33.71,277.61
f4f27728bc1b0f7edcf725ffdcdf7ce4,139.4,38.19,177.59
f4f3e2c1d55d36170f4aabf93236eef3,39.9,9.09,48.989999999999995
f4f42b3e966b1ca5c443c6ce12dd6032,16.37,8.27,24.64
f4f43841ba1acc0c428e6d7c73658531,124.9,17.12,142.02
f4f8aa5fb2ceaeb486500d9a7926a272,50.0,15.1,65.1
f5021290eb1a1105d7b9a7445f120c3d,59.9,15.56,75.46
f50654324d7bc3b79e01a02199fe1585,98.0,12.19,110.19
f50b6f864012d10caa8170ff1994cc54,12.9,15.1,28.0
f518949d44e76c5b33a8d2019191acae,194.0,15.11,209.11
f51a08065b6699643aef19598fb9c9af,69.9,16.25,86.15
f5281f570b351e2fc6569df06bbc21cd,949.9,70.07,1019.97
f52849f04dabb7e33d5ac651293386e9,49.9,16.79,66.69
f545c6d66e2fa494386ccbdd3e6762cd,45.95,15.1,61.050000000000004
f5510156179c05fec1dd3898b39c565a,119.0,7.64,126.64
f556a3fc910afcacd3b1df7c7f120ecd,259.9,66.63,326.53
f55dda7072d923a3191dbca61f40d8e3,16.48,15.98,32.46
f56ef9a15044d3fcd12867e68415ee5c,104.99,25.47,130.45999999999998
f589bd1ff18deb4e471366b1aa443c84,38.0,15.1,53.1
f5a511e584053180df75a3a2138e9ae3,170.0,21.68,191.68
f5b172630b8444484feaaa1fcd33937a,19.0,11.85,30.85
f5c91344312b1179054ff03d56905ac1,89.99,9.44,99.42999999999999
f5d086ba1ba04aa3f5417e0b6961348a,115.19999999999999,45.33,160.52999999999997
f5d8546541a4875d1b5702fa3a24711a,556.0,38.4,594.4
f5dadfc0f0df0edb5369672f81eb7095,99.0,31.0,130.0
f5e3df1b6d4ee5b4e795cbd56705d35b,271.82,27.94,299.76
f5e893bf1ab1969476ddb21ae35369df,270.0,16.64,286.64
f5f29bce586850f2fb4f268aba6ed81d,190.83,12.84,203.67000000000002
f5ff53df944464937cd950213093621c,51.92,12.7,64.62
f6089c47bab18faae3d90c64cfb08481,109.99,17.51,127.5
f6118c73253ff6218a76c8b2df6a05b6,279.0,8.82,287.82
f6151443391cbb0f7fb0fcaf6d79e963,189.9,16.08,205.98000000000002
f62ff18c0fc73a78ebd80d0d881abfcf,89.8,32.72,122.52
f6352809547e1221141a36c6cbaaba58,19.9,14.1,34.0
f63534bddbd95cda0a1f281a1994a1ef,24.9,14.52,39.42
f63731e821c4ff4415d1b434cff51884,45.0,12.79,57.79
f638d34835b2bcc16d7c6880954bc00f,84.9,14.9,99.80000000000001
f64fc900013bfa7716897f6208c5c126,369.58,19.3,388.88
f66a5fefcb2773c75713ad0742801b50,113.0,15.67,128.67
f66b8bf378bdd2acca8604ef27039f1f,389.0,17.82,406.82
f66bba404e7e0fbb79876e72ebee3d76,15.0,8.27,23.27
f683cdbdf58d83a900ba15a1df6351b2,558.9,26.49,585.39
f698a227c98dd9263f510f1cbdda7985,85.0,17.84,102.84
f69de9f3c79fe9e8689a3718ea110a12,233.99,49.5,283.49
f69e374b5692141d4343de7c1025a875,17.99,17.19,35.18
f6a3c840a4982c53155907a2fb3b8318,29.9,15.79,45.69
f6a62f93fc38410844863ed6a061f425,152.0,15.81,167.81
f6aacc375c3b2864cee85090f378312a,29.3,7.39,36.69
f6ac0ce30d1405684969749ebc798f94,98.0,15.56,113.56
f6b066fe810a20c879b7a4aa8ffd30af,16.9,7.78,24.68
f6ba6de181266b918292db17ba6616b8,390.19,16.48,406.67
f6cc5ac0be9196f2fb3db04bace5cd8b,199.7,38.95,238.64999999999998
f6cd41298d06413e39c491540baf2745,103.8,17.98,121.78
f6de04d6952711ce456cf1a8d553d313,19.17,14.52,33.69
f6eb6190398bfb32871584bd111dec04,104.99,14.46,119.44999999999999
f6f0b2497c5a4ca89670186757ab2684,65.0,14.2,79.2
f6f1f2a565bc0c1d761799e42d923401,209.0,17.9,226.9
f7059c86772ca15e9640e43be7c31fb1,49.89,26.94,76.83
f707ff2a9514dce20b267136b60af042,10.1,7.87,17.97
f7096fe5a9e5f6419f1db02fbb378513,78.5,17.85,96.35
f71915184c3ccd8f36251500f01de53a,25.99,7.78,33.769999999999996
f71d58fa033d5d4e4425df56015ad62d,77.99,9.25,87.24
f726cbd717234168cc573e1addd506af,21.99,18.23,40.22
f74be888995a543e2047e942e08a9960,27.99,20.8,48.79
f75455b78762d30c7e663172f18dbcbe,53.99,11.88,65.87
f7641c0de17b431a84de1c1b1cc508fd,89.0,7.88,96.88
f76887473f528c398659936663331251,59.9,13.44,73.34
f76d5b8ea5928ea9b289b5f485e4846a,64.99,12.89,77.88
f771f4b3d070d0621bf89b9b66dbe8f1,229.9,34.47,264.37
f77dc5ef53142abf2e1734622d81f664,149.9,19.33,169.23000000000002
f78a3a22a7eb2580aa261454a60166c3,210.0,24.05,234.05
f797c7f21e67c1f4ccca1caf68287ba5,27.0,15.29,42.29
f79b808e0ded7143da5be51e144f9bb9,415.99,15.93,431.92
f79d2206d0301d47bc2a623636ea53d1,82.0,23.29,105.28999999999999
f7a395a125a7e8815b2b8c19bcfd6967,38.9,14.52,53.42
f7c13c71907b58b590da46643fda3bbc,89.9,15.38,105.28
f7c5c5ff5045e13c98901bbbf8e871d4,205.0,26.27,231.27
f7dca277a6bb273200598f0e36319d94,29.9,38.14,68.03999999999999
f7e0a0ee22f80001cc0e9e7f0b906890,869.97,87.18,957.1500000000001
f7f0b79050e7ef0b1cf7ffceb0aa114a,116.9,9.33,126.23
f804f51ce462b9e8544ac8db4b43362c,89.9,23.43,113.33000000000001
f811e0db5991b2b39a1fe8a057fc6f96,99.9,23.28,123.18
f826075f4109bb1b2f8d8123b117d81c,23.95,22.93,46.879999999999995
f83a0ce66c457dfdf564dafa364ae1d4,29.8,36.46,66.26
f83c07d038cf7ce0132a5797f823e4fe,199.0,20.63,219.63
f849a31dd0dcf26a9af068f40ab197a8,28.9,15.56,44.46
f85e82f7a3b6d26dc7d16b7c2c39b31a,239.9,18.0,257.9
f86be73e2deb7e4d522ee8922cc02bd7,16.7,13.94,30.64
f86e20fe6ce750c00d7ed08e8c67384f,13.9,15.1,29.0
f88aa9b677553d2e3f0e77b495066619,45.89,14.52,60.41
f89525a2a79be7efb2afb5844cf2652d,89.49,15.38,104.86999999999999
f895460919953cca1c737af25d8faf3c,66.99,19.38,86.36999999999999
f8b8a77937cd83cba18622b9e1e2681f,56.99,14.15,71.14
f8b959d98886eb608247e99500dc7b27,119.9,15.59,135.49
f8bbf6bc03d0fb7a5a78e3dadea9f278,37.99,18.23,56.22
f8c9df743a18aeeedd550486dbe39689,130.0,20.64,150.64
f8d5d7ba22e58d80d291b95ac9de9f8b,79.8,25.369999999999997,105.16999999999999
f8dc82b0d1ce6633002e0e0d2d17282f,55.8,33.58,89.38
f8e76bb341db0c60411beac8a83f312a,159.99,57.79,217.78
f8ff7718b4af94066e8301cc10c1cb7c,69.9,22.2,92.10000000000001
f8ff98a36706c66da3a3f060a0ec3141,419.79999999999995,44.49,464.28999999999996
f907eb5eddb04b68f52bbba38b075e8d,369.9,18.35,388.25
f90aa72a8cc03aa3c3f50789ee872c13,93.0,19.84,112.84
f916cacb752116d552d42759c8da0cca,29.99,16.79,46.78
f92d165e697238dfb823e7ad27b9ba52,49.9,11.74,61.64
f938fa004452c776198a593e5fb9056d,58.47,50.37,108.84
f93a732712407c02dce5dd5088d0f47b,61.5,11.93,73.43
f93c284c30e466bf61eeac67b49f1c7f,27.99,15.1,43.089999999999996
f93d4438f5a4fcb8c83d71dc594437f9,29.98,32.1,62.08
f94344586ac6663aabd08cbb1381e347,38.9,18.23,57.129999999999995
f94765982f45d2bae74c9cbf55d37387,178.9,18.82,197.72
f96344495ad4aa6c46d0b40c3b6e4424,19.99,25.63,45.62
f96c24233b2160cbda61f76e59f81412,34.99,36.75,71.74000000000001
f979343ab80aa950517b9a9950e516ef,69.9,17.74,87.64
f98ae2d419ae86aac83c5277721814c2,149.0,9.79,158.79
f993d127ffb4f4a6ad0cd89f48dc0b4f,29.9,15.1,45.0
f9985288469173749a1fd05693c5aa2b,74.69999999999999,38.07,112.76999999999998
f99981d9ac419b6da3ddfe6084646198,49.0,17.71,66.71000000000001
f99baadda882046359a8c3d699e0267c,189.48,26.17,215.64999999999998
f9a14504eda279e33148ab16f0b231e8,29.9,20.8,50.7
f9a68878fc98bcaaa39b14e773ca6970,55.9,16.83,72.72999999999999
f9c269acc160c9147022a141b439c35d,119.8,26.88,146.68
f9c44da06151c190a9a6c9c712873d10,83.9,9.07,92.97
f9c78e6e58306dc81efbbada1ac11f24,194.99,20.85,215.84
f9d5cc83106322c8781e4cc0c0bce572,224.9,26.09,250.99
f9d9904f1f957c0fd0bf82dc3568936b,93.81,39.25,133.06
f9d9c91f3bc0804469f897454dcf2a78,159.9,20.68,180.58
f9fe6e11e33871e71f921d5051e72bb4,104.69999999999999,58.61,163.31
fa014da3aa5b1fd99b79a24c7a17d778,120.0,16.18,136.18
fa06c9f04ef55a2a43f2246a0777b7c8,115.52,13.83,129.35
fa145f6e474f19a183553a249dc5a73b,98.9,13.71,112.61000000000001
fa350da9efbba83c2957b629bf6c2c7c,19.99,20.8,40.79
fa3564e25054d8ea0e296c7b00233d39,59.99,7.78,67.77
fa3d745324c8a96e112e217b025689f1,54.9,16.14,71.03999999999999
fa4c0ad484374bf0485f99f6a57255a5,110.0,15.52,125.52
fa4dc5d499f35cf8ea22c543c6a36c10,129.9,27.21,157.11
fa4e26319fe4d40dc11cb63c53be6355,49.9,13.37,63.269999999999996
fa5d6b6dd3a9ed01e21e57c5918e15cf,56.99,14.15,71.14
fa5f88521abe0927f354980a9648e15b,499.49,15.0,514.49
fa638db0d045b2d04da362622e1f48c9,24.99,7.78,32.769999999999996
fa79d81a2b6991398dfaa1bc61b586f3,45.99,8.48,54.47
fa82d85bb112828230b13452cbd18595,99.0,13.25,112.25
fa8ba64335831e92f3a3866f8fdc9e56,599.9,17.08,616.98
fa906f338cee30a984d0945b3832e431,69.99,15.24,85.22999999999999
fa9149f35155659eb319081d8e6f74af,176.42,33.62,210.04
fa96c5866627abf8d7c8e2e371eb2504,149.8,32.56,182.36
fa9832914e7afeaf41fc9fbda5ca335f,15.8,23.7,39.5
fa98b1c89208380c565ec7c07a8f3e7a,297.8,69.16,366.96000000000004
fa9b3f5a0eef7954729a194715780e1b,7.9,16.11,24.009999999999998
fa9ef315051f18a68686aca274ae8f2a,89.9,17.88,107.78
fa9f5a4655d840e1de98632fa80c98f4,29.99,24.84,54.83
fab488165423ae4a65b46569091cf205,86.9,13.67,100.57000000000001
fae7ec9e7beff1d7e8ba7161738e557f,118.58,13.17,131.75
faee84a4283f8d770ea390010415ad05,84.99,14.76,99.75
fb0a2d22a8eaaf038ae2f81e2174c16b,466.0,28.0,494.0
fb0c01b2efee313f5231a89c4a55e498,149.0,21.53,170.53
fb1bbde87c6437700f49e7c841f09485,89.9,8.39,98.29
fb265b2dc558a56445dfc48f8224e201,9.9,121.22,131.12
fb37b4e097b850ea9b2a568362742d10,69.9,11.73,81.63000000000001
fb441bffe443e71cb16477c4743591e8,2600.0,26.07,2626.07
fb48412e17956a7f4696c7724d60f330,19.99,11.85,31.839999999999996
fb4c699559386e0b6b970181177d99bd,414.0,65.69999999999999,479.7
fb4fa4773ffc0092558abf9097750a3f,109.0,18.01,127.01
fb502b9421eb6ab817d72fc973b7b708,59.9,13.44,73.34
fb63c6ffdd965418ce463c165f2f0efc,56.9,8.72,65.62
fb76ca91d6aa4a18429f91a8991355c9,69.9,28.89,98.79
fb7a31602527aff8e971f4cf8e5ba0b2,48.99,16.79,65.78
fba5f0680d7e30d3148e17be8bce108d,80.0,16.32,96.32
fbb3296cbee389d9961a820220eb62a3,106.99,13.09,120.08
fbbd2baf2d839f10d73c99b4642ce46b,98.0,26.77,124.77
fbc40dce4e9b980972cbb7842987ca0d,64.33,16.15,80.47999999999999
fbd9022ebf9271e1952ca884a972d1bd,105.0,14.6,119.6
fbea6a49d91331a6874627ab4aca845f,39.9,8.72,48.62
fbf6a5df377654baa14f40156140e563,265.0,68.65,333.65
fc0973ba8c96e67e0cfb458c1bac3a6a,24.99,14.52,39.51
fc2010beb548588d1543ca8adaa132ba,669.99,20.45,690.44
fc24613395700f29adf22b2383c12bb0,56.99,14.15,71.14
fc2dd41f06d775c7fd26ecf8a529ae0a,116.0,36.58,152.57999999999998
fc3443668654977029c4cc2ead0cc0b9,279.9,21.45,301.34999999999997
fc373604aed2464ded6a10235309ed93,64.0,23.7,87.7
fc39eb893101639217a80a552d1c16f3,58.9,25.25,84.15
fc3d87913825143fa41c48e40267c47a,135.0,13.97,148.97
fc3e5cddf41dc7757252c2fc0a6c947b,99.9,15.81,115.71000000000001
fc3ff005fe8350241fc153d6828070c4,103.9,17.66,121.56
fc4e3d907bbca064eee88088667f4e98,199.99,18.65,218.64000000000001
fc501e42339fe22bc9c45d38c3cbe4ce,46.99,12.69,59.68
fc50fee6054e9b82a376cae3bdc097f0,21.9,15.1,37.0
fc6e4c97f5307e9c1bc0797a45e40cbf,44.9,7.39,52.29
fc8942567e69a0f7adf0f30d5f154bda,9.0,17.63,26.63
fc9d6087c02b8f60e1a365a3b6ae786e,39.99,11.85,51.84
fca0397489a3333e988ec1218efe40b6,89.9,21.71,111.61000000000001
fca50f0a146861f2baa4c293e99bc14a,58.99,11.73,70.72
fcbde30c46201f8fb244724e710ccd57,494.99,20.71,515.7
fccc01060b3a8f4c458f942871da6bd8,62.9,17.69,80.59
fcde2f7449493b4f207a23fae117b0fb,55.0,17.64,72.64
fd0ac58dfd0c4a3034ec2fe3e6200fce,89.9,16.39,106.29
fd0ea050aa7cb8693f02b9176d021a0a,369.0,47.04,416.04
fd1c3bee1ee3b10e9f65bd92b3ebba38,103.97,45.19,149.16
fd216c435fda2be27c92920a5e5dba82,24.9,14.52,39.42
fd23556a7c693dc9341a263d6b9010cf,24.9,14.52,39.42
fd247854b1d057cbfc280fd673c61933,137.9,38.81,176.71
fd26702a3f7ee5d86580de591ff53e3f,38.5,17.92,56.42
fd2a39a376a840fa97ed572777c2b0e3,178.5,15.0,193.5
fd3634dbb2f578420b7b7dc1633766ce,89.9,14.38,104.28
fd4ebf52ca607b4487b38826f0c78adf,71.97,45.3,117.27
fd732412d4727a9a7e0d6231b2ca11ed,29.9,15.79,45.69
fd7b5df31b1135f945600a23960438aa,87.67,17.19,104.86
fd84aa1fc4c825c367cbb777d82e5a2a,57.5,16.84,74.34
fd8acdf929a762e10cb02698d2116fdd,99.99,21.12,121.11
fd90be5a1209b495105960e8a5b847f8,49.9,7.39,57.29
fd95ae805c63c534f1a64589e102225e,23.99,7.78,31.77
fd9bd6fdda953d8dd1092cb53a396059,309.99,21.41,331.40000000000003
fd9ee5b912fcbd8a218a3c7cf6fb4f0d,98.0,27.42,125.42
fdaf98feac227eb978d8f33f36e0231d,119.9,16.14,136.04000000000002
fdc14b5e651ff7527c5ac587d5de96c4,229.9,23.32,253.22
fdc9d53919c301a0d27f2aad205c5aea,79.0,16.8,95.8
fdcb3d84b078ed61f1432f41e60e6aa8,1199.9,23.16,1223.0600000000002
fdd2049f954806e2fe0d0bb830563035,17.9,10.96,28.86
fdd770b5f85e6ce0b1b549e331d424f5,228.8,20.51,249.31
fddaf32439eab4df416cb63ef0a0ddda,149.9,14.39,164.29000000000002
fde34cec546a38cb083843964bfe83a8,119.99,15.6,135.59
fdf69195de599720c7b0292fb09fa55d,144.9,22.72,167.62
fdf7396bbd1e126f45ba0fc3896360a7,998.0,45.46,1043.46
fdfc39ba2a42ef960515eb82d4dd84e2,89.99,14.38,104.36999999999999
fdff9c6a7acb0e02d1cea8d18811e251,249.0,9.9,258.9
fe041ba1c9f54016432fa6ee91709dbc,190.32,13.46,203.78
fe05c6dcaf512456a03860df06cc034c,36.9,19.45,56.349999999999994
fe0b24305fde3889fdd0d23abaa7e52a,13.9,16.05,29.950000000000003
fe11e7a52ece42d51b5e36aeeec40922,39.0,12.69,51.69
fe157fed1771944584f95dce138eefad,259.9,45.53,305.42999999999995
fe1ec86f91f3b5b6bc46fc3e4b8262cd,19.9,11.85,31.75
fe36a827e3e9e0a6f5e11b0be2055727,43.0,12.69,55.69
fe492b94021fc809f9fd371ca4162c51,60.0,14.17,74.17
fe4979a6778e2fa4ae731cbe532d30e0,89.99,15.39,105.38
fe6e968e3b98fa04e72cc16d58b9c498,179.9,39.53,219.43
fe751fb989fdd6ff6c21a0b708da0d13,59.99,18.96,78.95
fe755232f249d0844951831268c55593,179.98,91.34,271.32
fe81190c131e3502197b1a4445343380,49.99,20.4,70.39
fe968a563e6c2d5c98021df7d87ce9c3,299.0,19.97,318.97
fe97f3949cbc37b9ab48ac5769514cbe,29.9,15.1,45.0
fe98cb0615a7611265d8955be5ca9497,37.9,16.46,54.36
fe9a7e2176f05d248141c7d1493f19bb,129.0,18.52,147.52
fe9ada7f3e7d6b80fdc7ef06df755976,33.33,15.11,48.44
fe9d34568d9ac7651ff018def29da70f,178.99,41.4,220.39000000000001
fe9dfb5a8e406ad9ebccdae758e0bdaa,45.9,16.11,62.01
fe9f3a971bb08a9eea14c93de1a42034,79.95,15.77,95.72
fe9fc8eb3ad784aaf13c6788561efe59,120.0,74.79,194.79000000000002
fea2633d3d1605bfdccc813bcf843ac8,86.3,11.94,98.24
febe5ed09ac6fa3dd1004b57269adeef,35.7,15.1,50.800000000000004
fedc929029b296446e7a6d15adef783f,49.0,17.67,66.67
fee65893d04eea449ea85e69ddef8e1a,34.9,18.34,53.239999999999995
fee72a68ce935ebf2939fe72f27d3d9b,30.0,18.68,48.68
fef03ab88c27c81b7561d599d4018589,59.9,13.44,73.34
ff00a56fe9475a175cd651d77c707a09,296.70000000000005,55.57,352.27000000000004
ff1f5f13541ce8f1a0755596df027a90,119.0,23.41,142.41
ff259720a6c1397ed8e5a9846f514cb8,129.9,25.94,155.84
ff41b585a087aeaab9daae351364e439,69.9,16.25,86.15
ff4935343715e7a6dae3e550f73a6459,599.8,33.7,633.5
ff4d755050a3a40c7cd03cbe7d11309c,238.0,19.95,257.95
ff536d93ae4214b4d51c2894ccfc569f,39.0,8.27,47.269999999999996
ff61c865c1495e71465c79009005611c,129.9,15.66,145.56
ff7140ba310a4717112d39c0cd0b4062,70.0,16.93,86.93
ff763b73e473d03c321bcd5a053316e8,58.99,16.66,75.65
ff85f6534f8a6b89e27a340dcf86ecac,259.99,84.52,344.51
ff89ef7b3952bba5ac06d61c4a79ffbe,109.9,13.79,123.69
ff96ea4ad10c612930198ecb923eb7a9,6.3,7.78,14.08
ffa466d3e55f98477b7e0da764df3c6c,56.9,36.46,93.36
ffaabba06c9d293a3c614e0515ddbabc,119.0,34.63,153.63
ffabaa69e709f1ec58faf2f706c8c8ee,144.41,17.45,161.85999999999999
ffb47bf24e3f64dc0a2059a9181b976a,46.9,9.34,56.239999999999995
ffe49171e120186dcc4c444b55691810,68.0,8.85,76.85
ffee31fb4b5e35c9123608015637c495,99.0,13.52,112.52
fff6889749958e42b47a7977a4cf0ea0,92.0,31.6,123.6
